{"type": "FeatureCollection", "features": [{"type": "Feature", "properties": {"field": "32TQQ298734"}, "geometry": {"type": "Polygon", "coordinates": [[[11.912177688365418, 44.875823648389705], [11.91235362307187, 44.87874652472337], [11.907779265865063, 44.87882963540338], [11.908267981974873, 44.87582364900836], [11.912177688365418, 44.875823648389705]]]}}, {"type": "Feature", "properties": {"field": "32TQQ299718"}, "geometry": {"type": "Polygon", "coordinates": [[[11.909916257487156, 44.866523331978286], [11.90976750477686, 44.86650943638996], [11.90976049522264, 44.866505231166165], [11.909772180736248, 44.866508029883654], [11.91068049622729, 44.8594929317], [11.910983935525637, 44.85950784002428], [11.909916257487156, 44.866523331978286]]]}}, {"type": "Feature", "properties": {"field": "32TQQ300738"}, "geometry": {"type": "Polygon", "coordinates": [[[11.917796423058114, 44.878721963523034], [11.91804898926792, 44.88313624563601], [11.907146831061894, 44.883345015328366], [11.907757183026492, 44.87890092679689], [11.917796423058114, 44.878721963523034]]]}}, {"type": "Feature", "properties": {"field": "32TQQ301721"}, "geometry": {"type": "Polygon", "coordinates": [[[11.914406212561675, 44.86656921967514], [11.910144637235424, 44.86656922416126], [11.914435541949588, 44.864802673206675], [11.914406212561675, 44.86656921967514]]]}}, {"type": "Feature", "properties": {"field": "32TQQ302703"}, "geometry": {"type": "Polygon", "coordinates": [[[11.915090420187394, 44.84818756888102], [11.915051320481055, 44.85025258787815], [11.912177691024391, 44.850211017432535], [11.912549100845105, 44.848118271305104], [11.915090420187394, 44.84818756888102]]]}}, {"type": "Feature", "properties": {"field": "32TQQ302715"}, "geometry": {"type": "Polygon", "coordinates": [[[11.918677568960957, 44.85883758364965], [11.91862870197792, 44.86147033761002], [11.910779968999783, 44.86210771991757], [11.91117093381284, 44.85946806947155], [11.918677568960957, 44.85883758364965]]]}}, {"type": "Feature", "properties": {"field": "32TQQ302719"}, "geometry": {"type": "Polygon", "coordinates": [[[11.910007803480918, 44.866409885581014], [11.91078973887929, 44.86219778789465], [11.918648241686533, 44.861518835759775], [11.918570054474417, 44.86410989424699], [11.915676866234335, 44.8640960445941], [11.910007803480918, 44.866409885581014]]]}}, {"type": "Feature", "properties": {"field": "32TQQ302734"}, "geometry": {"type": "Polygon", "coordinates": [[[11.916004054861277, 44.87866201812077], [11.912461135660081, 44.87875344877436], [11.912294982081503, 44.87583057502375], [11.91588658233792, 44.87579844524623], [11.917709912377356, 44.87578209080388], [11.917827206506939, 44.87861492585424], [11.916004054861277, 44.87866201812077]]]}}, {"type": "Feature", "properties": {"field": "32TQQ303706"}, "geometry": {"type": "Polygon", "coordinates": [[[11.91843320701491, 44.85042583104166], [11.918374572385943, 44.853433141514955], [11.911884454636832, 44.85337770637673], [11.912294975709464, 44.850301096017915], [11.91843320701491, 44.85042583104166]]]}}, {"type": "Feature", "properties": {"field": "32TQQ303711"}, "geometry": {"type": "Polygon", "coordinates": [[[11.911061332276574, 44.85900147563364], [11.911328737698035, 44.85720913232131], [11.91189547282884, 44.85346893332364], [11.911905587454712, 44.85346071519011], [11.912065524976287, 44.853465456420984], [11.915473679771525, 44.85349327164209], [11.917199013687574, 44.853503702350054], [11.917726238561071, 44.85349990936534], [11.918221381105633, 44.85351239460666], [11.918374364821924, 44.85351429109901], [11.91837942213486, 44.85353009520193], [11.91830134986642, 44.85605559084893], [11.918263420019406, 44.85727946057926], [11.918245877465163, 44.857797993196144], [11.91823133769047, 44.85852324347924], [11.918231021608413, 44.858600051419444], [11.918208895864321, 44.858615539440315], [11.918079302220358, 44.85865346928734], [11.917901031939392, 44.85867369853907], [11.91648688080988, 44.85879444188541], [11.911898949731468, 44.859196182181655], [11.911424826643794, 44.85923664068514], [11.911317990908039, 44.859154459349945], [11.911181443458787, 44.85907670316355], [11.911061332276574, 44.85900147563364]]]}}, {"type": "Feature", "properties": {"field": "32TQQ304703"}, "geometry": {"type": "Polygon", "coordinates": [[[11.918570047307796, 44.848243004016425], [11.918462537944366, 44.85028031031208], [11.915149062329245, 44.85023873033143], [11.91520770395221, 44.84820142433906], [11.918570047307796, 44.848243004016425]]]}}, {"type": "Feature", "properties": {"field": "32TQQ305695"}, "geometry": {"type": "Polygon", "coordinates": [[[11.915869641042365, 44.839793410306896], [11.920349471244435, 44.83886541301083], [11.9212076049193, 44.844341483823655], [11.916652740628612, 44.844659826569035], [11.912943553532276, 44.844918927830314], [11.913430091320922, 44.84158451357818], [11.913628117686581, 44.84124156595531], [11.913864278902697, 44.8409152070831], [11.914126517518962, 44.84066739958575], [11.914634457843604, 44.84026769883665], [11.915131961528934, 44.84003839191755], [11.91577245679055, 44.83981353977524], [11.915869641042365, 44.839793410306896]]]}}, {"type": "Feature", "properties": {"field": "32TQQ305700"}, "geometry": {"type": "Polygon", "coordinates": [[[11.912469250805065, 44.847971974030486], [11.91293797830344, 44.84501611202318], [11.92124591212339, 44.844463659878784], [11.921809434987198, 44.84807654448256], [11.913021788065217, 44.848011377592044], [11.91270019388556, 44.84796725843388], [11.912469250805065, 44.847971974030486]], [[11.917440321559155, 44.848004916055054], [11.917502990893315, 44.84800327045089], [11.917252313556684, 44.84639384707569], [11.921412861018856, 44.84611244021051], [11.921401255586607, 44.84605813346425], [11.917245350297332, 44.84632637537951], [11.917001636220053, 44.84479918999606], [11.916932003626547, 44.84480741847408], [11.917173396617374, 44.84632966668359], [11.913199696614452, 44.846625883281284], [11.913204338787352, 44.84666866999727], [11.917171075530923, 44.84640701227549], [11.917440321559155, 44.848004916055054]]]}}, {"type": "Feature", "properties": {"field": "32TQQ305744"}, "geometry": {"type": "Polygon", "coordinates": [[[11.926530777258368, 44.88303185292694], [11.926720193050869, 44.886580941277636], [11.926504465647204, 44.88729296769229], [11.925741533713634, 44.88748681082363], [11.925752053921007, 44.888206285299795], [11.924562918721136, 44.88822864989939], [11.92165848431209, 44.888303208118835], [11.918301545032355, 44.888355400866764], [11.915681241681296, 44.88843741077888], [11.9130609312753, 44.88848960005591], [11.91301883628192, 44.88843741001059], [11.912976749013136, 44.88828084180001], [11.91278732979833, 44.88334502080467], [11.926530777258368, 44.88303185292694]]]}}, {"type": "Feature", "properties": {"field": "32TQQ306734"}, "geometry": {"type": "Polygon", "coordinates": [[[11.92201058826977, 44.87576823507536], [11.921893296278624, 44.878552592904825], [11.917934719718058, 44.87862185365134], [11.917807663329038, 44.87578209378682], [11.92201058826977, 44.87576823507536]]]}}, {"type": "Feature", "properties": {"field": "32TQQ307703"}, "geometry": {"type": "Polygon", "coordinates": [[[11.922382016836778, 44.84828458241297], [11.92232336287667, 44.850321883254125], [11.91858960458029, 44.85028030999542], [11.918667789511915, 44.848243006497306], [11.922382016836778, 44.84828458241297]]]}}, {"type": "Feature", "properties": {"field": "32TQQ307721"}, "geometry": {"type": "Polygon", "coordinates": [[[11.926858627577875, 44.86435236963116], [11.926780429630597, 44.866680061337846], [11.914464862497065, 44.86658307902266], [11.914503956095734, 44.86476804145125], [11.915676873616235, 44.8642830970974], [11.926858627577875, 44.86435236963116]]]}}, {"type": "Feature", "properties": {"field": "32TQQ307728"}, "geometry": {"type": "MultiPolygon", "coordinates": [[[[11.909475337614667, 44.869282178649144], [11.90945755424421, 44.86928891831526], [11.909443959577697, 44.86929906518782], [11.909527494194702, 44.86850614916134], [11.909854243146315, 44.868483439257666], [11.909875063774694, 44.86847935766841], [11.909892739806763, 44.86847053282752], [11.90990521056317, 44.868457993539806], [11.909911022201058, 44.86844320164135], [11.910156636650434, 44.866717812842765], [11.920330297293274, 44.866754875844116], [11.92039941852688, 44.86928663700619], [11.919967019097543, 44.86928300653973], [11.909495199328434, 44.86927975824497], [11.909475337614667, 44.869282178649144]]], [[[11.920497377876831, 44.866804724848265], [11.932231775272914, 44.86690089259015], [11.93218741334596, 44.869203179710865], [11.932088355660822, 44.86920468877983], [11.92056285934849, 44.86926497826972], [11.92050918731634, 44.867383284026396], [11.920497377876831, 44.866804724848265]]], [[[11.920533983431822, 44.8706258444739], [11.920549280435413, 44.869370491839184], [11.921967207137943, 44.86937978019106], [11.932197520525234, 44.86928870270954], [11.932199246780822, 44.86989674349651], [11.932168174180203, 44.87119599624617], [11.932112934001328, 44.87309466314565], [11.932072798558869, 44.87309481606411], [11.932054241311274, 44.87309466314565], [11.932033957808097, 44.87309435730874], [11.932011084921527, 44.87309466314566], [11.921647655508178, 44.87315188088719], [11.920522638189052, 44.87316439392049], [11.920533983431822, 44.8706258444739]]], [[[11.920386472720397, 44.86937687176827], [11.920409127549144, 44.87314278870134], [11.908768590529496, 44.873204208146944], [11.909434212238267, 44.86935872539187], [11.909434341445072, 44.86935835112121], [11.920386472720397, 44.86937687176827]]], [[[11.920519185677897, 44.87563228901457], [11.92051745942231, 44.87553931861641], [11.920519185677898, 44.87538885304855], [11.920520911933492, 44.87481145307141], [11.920519185677904, 44.87423710560937], [11.920506670324881, 44.873700675805964], [11.920521775061266, 44.87325675648338], [11.922736560983056, 44.87324452303986], [11.925697089319659, 44.873218832800006], [11.929001142518658, 44.873213939419685], [11.929985108204878, 44.87321149272936], [11.93096734763551, 44.87320659934839], [11.932024679184337, 44.8732202090632], [11.932048846762592, 44.87321959739067], [11.932063088371219, 44.873224184934294], [11.932068698701887, 44.87322510244299], [11.932072187102738, 44.87326033693318], [11.932075280344566, 44.87327423306021], [11.932099771302504, 44.873283822968], [11.932098908174707, 44.873288104670614], [11.932103223813687, 44.874616640437324], [11.932047983634812, 44.87510963439745], [11.931736230743937, 44.87539699616698], [11.931516296913136, 44.875516993465595], [11.931229738485216, 44.875620973546525], [11.92056924709002, 44.87569100708338], [11.920519185677897, 44.87563228901457]]], [[[11.908819272635672, 44.87332235827995], [11.919454301760888, 44.873258591499685], [11.920457256258599, 44.87325002808978], [11.920483150092451, 44.8757040045644], [11.920230685212431, 44.87570675697179], [11.91851478715612, 44.875714096724174], [11.912657601939719, 44.87574590230703], [11.908949604932696, 44.875764251673736], [11.908317795386807, 44.87578015445349], [11.90872605483381, 44.873323122869216], [11.908819272635672, 44.87332235827995]]]]}}, {"type": "Feature", "properties": {"field": "32TQQ307738"}, "geometry": {"type": "Polygon", "coordinates": [[[11.918175262079467, 44.88315115533995], [11.917943746563097, 44.87872195902389], [11.926299265159846, 44.87854299941716], [11.926530782870845, 44.88294238210255], [11.918175262079467, 44.88315115533995]]]}}, {"type": "Feature", "properties": {"field": "32TQQ308706"}, "geometry": {"type": "Polygon", "coordinates": [[[11.918491851824147, 44.85308667885151], [11.918570046788588, 44.850398106590745], [11.925353389224794, 44.85045354751698], [11.925255648737789, 44.85350242705444], [11.918491942645327, 44.85340542000701], [11.918491851824147, 44.85308667885151]]]}}, {"type": "Feature", "properties": {"field": "32TQQ308711"}, "geometry": {"type": "Polygon", "coordinates": [[[11.91849185235947, 44.8535162912016], [11.925255653543905, 44.85359943269444], [11.925157904465866, 44.8581170258308], [11.918374562628705, 44.85874058643119], [11.91849185235947, 44.8535162912016]]]}}, {"type": "Feature", "properties": {"field": "32TQQ309715"}, "geometry": {"type": "Polygon", "coordinates": [[[11.927034566719943, 44.85815859678141], [11.926956369338686, 44.860777523548634], [11.91874598756514, 44.86144262702771], [11.918804629138192, 44.858837583253056], [11.927034566719943, 44.85815859678141]]]}}, {"type": "Feature", "properties": {"field": "32TQQ309718"}, "geometry": {"type": "Polygon", "coordinates": [[[11.918687339035394, 44.864158394710174], [11.918765541324758, 44.861553472740034], [11.926956370139829, 44.860832948884216], [11.92683908220878, 44.86421381700473], [11.918687339035394, 44.864158394710174]]]}}, {"type": "Feature", "properties": {"field": "32TQQ309734"}, "geometry": {"type": "Polygon", "coordinates": [[[11.92613532725009, 44.875768234922575], [11.92627217576511, 44.87844177362914], [11.922010595064933, 44.878538741748635], [11.922108339033835, 44.8757682343723], [11.92613532725009, 44.875768234922575]]]}}, {"type": "Feature", "properties": {"field": "32TQQ310703"}, "geometry": {"type": "Polygon", "coordinates": [[[11.922538406209238, 44.848270719733684], [11.924884223095962, 44.84828458247776], [11.92486467380979, 44.848783516654045], [11.925412036304593, 44.84876966479293], [11.925392491176952, 44.850321889682505], [11.922479763416817, 44.8503218834946], [11.922538406209238, 44.848270719733684]]]}}, {"type": "Feature", "properties": {"field": "32TQQ312698"}, "geometry": {"type": "Polygon", "coordinates": [[[11.921072703702235, 44.83902534801413], [11.925463786290834, 44.841607202302754], [11.928345702276728, 44.84330147918165], [11.936497871812874, 44.84818854248321], [11.929060509310755, 44.8481345564416], [11.926467893604809, 44.84811562319821], [11.92193928650646, 44.848082410420886], [11.920523761372772, 44.839127763529824], [11.921072703702235, 44.83902534801413]], [[11.926079896679889, 44.845825190778044], [11.926114094892686, 44.84582256872355], [11.928629026964085, 44.8456297145328], [11.928978176457793, 44.848077926518634], [11.929052720394548, 44.84807569344379], [11.929138627034193, 44.84807311992168], [11.928783827872302, 44.84557523742825], [11.928514903666793, 44.84350026230086], [11.928365752426757, 44.843416941275485], [11.928639196366813, 44.84554158977911], [11.926099779329263, 44.84572978159696], [11.926066337476248, 44.84573225953106], [11.926079896679889, 44.845825190778044]]]}}, {"type": "Feature", "properties": {"field": "32TQQ313703"}, "geometry": {"type": "Polygon", "coordinates": [[[11.929624584081875, 44.84945423625561], [11.929666870483134, 44.849438412955166], [11.929797412373272, 44.84939858661582], [11.930189986289859, 44.84927531461301], [11.930504171855961, 44.84917985783136], [11.930532303159163, 44.84921747159632], [11.930601683170993, 44.8493192500191], [11.930681335849718, 44.84945895828892], [11.930710099317036, 44.84953165716239], [11.930717369204382, 44.84958254637379], [11.930721478271142, 44.849631223010796], [11.93071041539909, 44.849884878862696], [11.930704251798947, 44.85009918249831], [11.930704251798948, 44.85014896542252], [11.930702671388659, 44.850211391629074], [11.930699826650132, 44.850275556286945], [11.930711837768351, 44.850282510092235], [11.930717843327464, 44.85029894635927], [11.93070646437336, 44.85034604258598], [11.930067540023614, 44.85035336784766], [11.925513202902076, 44.85032059521417], [11.925569490541738, 44.84829601019589], [11.929072539282934, 44.84833362718089], [11.929624584081875, 44.84945423625561]]]}}, {"type": "Feature", "properties": {"field": "32TQQ313706"}, "geometry": {"type": "Polygon", "coordinates": [[[11.925470677523075, 44.85041889831252], [11.930611941076148, 44.85050205350323], [11.930494657136487, 44.85359250662849], [11.925392489525835, 44.85350936121586], [11.925470677523075, 44.85041889831252]]]}}, {"type": "Feature", "properties": {"field": "32TQQ313710"}, "geometry": {"type": "Polygon", "coordinates": [[[11.925275202022299, 44.85809623972938], [11.925418600289527, 44.85360179417424], [11.930483915245556, 44.85366050314502], [11.930373161929817, 44.85760844633925], [11.925275202022299, 44.85809623972938]]]}}, {"type": "Feature", "properties": {"field": "32TQQ313742"}, "geometry": {"type": "Polygon", "coordinates": [[[11.932071300803607, 44.88293864971008], [11.932197584144415, 44.8854588224022], [11.926809640149084, 44.88556320552516], [11.926683371509801, 44.883072868063245], [11.932071300803607, 44.88293864971008]]]}}, {"type": "Feature", "properties": {"field": "32TQQ313745"}, "geometry": {"type": "Polygon", "coordinates": [[[11.932281776082387, 44.88808326546734], [11.929484191960436, 44.888158081826994], [11.927819890590563, 44.88820255797412], [11.927693598210414, 44.88563776775471], [11.92940351045621, 44.88560935024753], [11.932176541115105, 44.885563209969135], [11.932281776082387, 44.88808326546734]]]}}, {"type": "Feature", "properties": {"field": "32TQQ314714"}, "geometry": {"type": "Polygon", "coordinates": [[[11.927093205127566, 44.86077752419743], [11.927171408258035, 44.85813087996996], [11.932625440884005, 44.857604306408945], [11.932547252094874, 44.86079138078275], [11.927093205127566, 44.86077752419743]]]}}, {"type": "Feature", "properties": {"field": "32TQQ314718"}, "geometry": {"type": "Polygon", "coordinates": [[[11.926975912510894, 44.86415839260118], [11.92707366335287, 44.86083294674139], [11.932547248495245, 44.860874514442806], [11.932371304742333, 44.86421381200217], [11.926975912510894, 44.86415839260118]]]}}, {"type": "Feature", "properties": {"field": "32TQQ314721"}, "geometry": {"type": "Polygon", "coordinates": [[[11.926839081523964, 44.86661078982143], [11.926956371155459, 44.864324656755635], [11.932371310182454, 44.8643800789229], [11.93227357246793, 44.86668006418512], [11.926839081523964, 44.86661078982143]]]}}, {"type": "Feature", "properties": {"field": "32TQQ314734"}, "geometry": {"type": "Polygon", "coordinates": [[[11.927441641428304, 44.87843742659999], [11.92659410156615, 44.87841081900175], [11.926470725510264, 44.8781941566727], [11.92643854045221, 44.876327785986376], [11.926674564211291, 44.87598567481494], [11.927092969966028, 44.87578420839568], [11.927575745836876, 44.87571958694207], [11.93099272616722, 44.87571198441331], [11.931668612386414, 44.875635959070685], [11.933149125057017, 44.87567397175458], [11.933331507052673, 44.875791810914876], [11.933395877168785, 44.876339189657074], [11.9334977965193, 44.876419015288626], [11.933401241345127, 44.876510244446216], [11.933808918747179, 44.876552057761785], [11.934592088493224, 44.876468431100285], [11.934667186962024, 44.876593871046985], [11.934635001903967, 44.87643802137505], [11.93475837795985, 44.876373400655595], [11.934801291370592, 44.87659767225322], [11.934999765895274, 44.87665088911415], [11.93506950018773, 44.87676872627395], [11.935037315129673, 44.877665801256846], [11.93495685248453, 44.87802690800115], [11.93475837795985, 44.87821316217285], [11.932151388257262, 44.878296786298705], [11.931813445147668, 44.87836900703686], [11.927441641428304, 44.87843742659999]]]}}, {"type": "Feature", "properties": {"field": "32TQQ314738"}, "geometry": {"type": "Polygon", "coordinates": [[[11.926636013244893, 44.882957291017576], [11.9263834574347, 44.87855790801504], [11.93440221921096, 44.87839385868076], [11.934570590902709, 44.88277833916571], [11.926636013244893, 44.882957291017576]]]}}, {"type": "Feature", "properties": {"field": "32TQQ316694"}, "geometry": {"type": "Polygon", "coordinates": [[[11.93680882633165, 44.83885245604248], [11.936780632707553, 44.84117104208356], [11.936750174086384, 44.84367612946188], [11.936691533703438, 44.84795888584208], [11.92793378931115, 44.8426642994932], [11.921072264732961, 44.83865839125219], [11.929735658421558, 44.83678856117962], [11.935264486295749, 44.83559486457103], [11.93680882633165, 44.83885245604248]], [[11.929890629278622, 44.83682359651549], [11.929824348450536, 44.83684373976972], [11.92979314364771, 44.836853223131705], [11.936677486059317, 44.84115879604844], [11.936683827935513, 44.84111083019285], [11.93669141257802, 44.84105346477052], [11.929890629278622, 44.83682359651549]], [[11.931656976067307, 44.83641540603014], [11.936756402998629, 44.83895996567475], [11.93675176082573, 44.83887108902995], [11.931763746044021, 44.83638577918882], [11.931656976067307, 44.83641540603014]], [[11.925471280677236, 44.837801266808164], [11.936633385416757, 44.84449638118795], [11.936638027589655, 44.84435485043832], [11.925610545864252, 44.837748598124236], [11.925471280677236, 44.837801266808164]]]}}, {"type": "Feature", "properties": {"field": "32TQQ316742"}, "geometry": {"type": "Polygon", "coordinates": [[[11.93221863371157, 44.882953560764626], [11.934470617671789, 44.88289391219392], [11.934554802905874, 44.88539917738742], [11.932344910912446, 44.88547373344487], [11.93221863371157, 44.882953560764626]]]}}, {"type": "Feature", "properties": {"field": "32TQQ316745"}, "geometry": {"type": "Polygon", "coordinates": [[[11.93240805262339, 44.88808327001846], [11.932302811684382, 44.885563205794575], [11.93459689816939, 44.885518469269435], [11.93466003510507, 44.88800871040715], [11.93240805262339, 44.88808327001846]]]}}, {"type": "Feature", "properties": {"field": "32TQQ317710"}, "geometry": {"type": "Polygon", "coordinates": [[[11.93066081323488, 44.853654872133745], [11.936486268923035, 44.853724157017155], [11.936388527381359, 44.85682829904742], [11.933964512133365, 44.85732716132402], [11.930582621021781, 44.857645880788944], [11.93066081323488, 44.853654872133745]]]}}, {"type": "Feature", "properties": {"field": "32TQQ317726"}, "geometry": {"type": "Polygon", "coordinates": [[[11.932455402866793, 44.866920299827825], [11.936264843886631, 44.86693521031649], [11.936075428094462, 44.872767366662636], [11.932329129335242, 44.872856852797575], [11.932455402866793, 44.866920299827825]]]}}, {"type": "Feature", "properties": {"field": "32TQQ317732"}, "geometry": {"type": "Polygon", "coordinates": [[[11.932308079678865, 44.87294634250513], [11.936075424265443, 44.87287177190508], [11.935964929689327, 44.878226083624995], [11.935244091517676, 44.87825218168039], [11.935123067251805, 44.87821862073022], [11.935086241669472, 44.87812914302845], [11.935086235396597, 44.87800236816637], [11.935132896358978, 44.874078906385456], [11.933418914882337, 44.87405657625066], [11.933292189911887, 44.87560184448891], [11.932260344011134, 44.87559027633739], [11.932308079678865, 44.87294634250513]]]}}, {"type": "Feature", "properties": {"field": "32TQQ318705"}, "geometry": {"type": "Polygon", "coordinates": [[[11.936642667871485, 44.84840238594059], [11.93648627955147, 44.85364101410355], [11.930680366595164, 44.85358557644429], [11.930895393974565, 44.84837467053168], [11.935332911551972, 44.84841624660739], [11.935313362951064, 44.84874887014781], [11.93589981664205, 44.84876273272577], [11.935958463095048, 44.8483885309263], [11.936642667871485, 44.84840238594059]]]}}, {"type": "Feature", "properties": {"field": "32TQQ318713"}, "geometry": {"type": "Polygon", "coordinates": [[[11.93268408915492, 44.85853273403821], [11.932703641706428, 44.85757659574003], [11.93426099992002, 44.857382200406555], [11.93637875633311, 44.85696687549613], [11.936300563571493, 44.85738259319997], [11.936085530501717, 44.85770130662716], [11.935772760014489, 44.85789530894417], [11.935147198669497, 44.85799231233552], [11.933896094070498, 44.85795073467389], [11.93332918719688, 44.8580615953555], [11.932977313800164, 44.858241732819906], [11.93268408915492, 44.85853273403821]]]}}, {"type": "Feature", "properties": {"field": "32TQQ318742"}, "geometry": {"type": "Polygon", "coordinates": [[[11.934660038878388, 44.88292374327129], [11.937522387553011, 44.882849171781984], [11.937627611354614, 44.88533952589548], [11.93470213175953, 44.88538426180055], [11.934660038878388, 44.88292374327129]]]}}, {"type": "Feature", "properties": {"field": "32TQQ318745"}, "geometry": {"type": "Polygon", "coordinates": [[[11.934828415310673, 44.88802362591419], [11.934744226012986, 44.88553338624649], [11.937690758686625, 44.885443916470294], [11.937753902034586, 44.88797888663646], [11.934828415310673, 44.88802362591419]]]}}, {"type": "Feature", "properties": {"field": "32TQQ320714"}, "geometry": {"type": "Polygon", "coordinates": [[[11.93265009342624, 44.86078918771012], [11.932692185336316, 44.8588497748454], [11.9328395096185, 44.858566313708785], [11.93302892413514, 44.85832760873212], [11.933534052203273, 44.858103823239034], [11.93452323639982, 44.85805906938141], [11.935533476556811, 44.858073988721806], [11.936017543640427, 44.85788003563849], [11.936480580551253, 44.857432467775844], [11.936522673418683, 44.8570594843352], [11.94127920248032, 44.85611956336402], [11.941089789126007, 44.860804105893465], [11.93265009342624, 44.86078918771012]]]}}, {"type": "Feature", "properties": {"field": "32TQQ320718"}, "geometry": {"type": "Polygon", "coordinates": [[[11.93258694606599, 44.86420538937631], [11.932692182627815, 44.86087870220112], [11.941089783304474, 44.86093837102443], [11.94098455133641, 44.86427997299139], [11.93258694606599, 44.86420538937631]]]}}, {"type": "Feature", "properties": {"field": "32TQQ320722"}, "geometry": {"type": "Polygon", "coordinates": [[[11.932658590258635, 44.86439690162966], [11.941004660762601, 44.86444797079137], [11.940926603988103, 44.86667369107534], [11.936237193150983, 44.866656668684634], [11.932604550953213, 44.86662262388813], [11.932658590258635, 44.86439690162966]]]}}, {"type": "Feature", "properties": {"field": "32TQQ321725"}, "geometry": {"type": "Polygon", "coordinates": [[[11.936385859762384, 44.86690165131183], [11.94084775441706, 44.866916567003585], [11.940742513329667, 44.87031748954163], [11.936301673890105, 44.87027273556071], [11.936385859762384, 44.86690165131183]]]}}, {"type": "Feature", "properties": {"field": "32TQQ321734"}, "geometry": {"type": "Polygon", "coordinates": [[[11.93614966377459, 44.87538171125214], [11.943520675369314, 44.87524696802529], [11.943541723113555, 44.878021009702046], [11.936073495381384, 44.87819041048017], [11.936127379475696, 44.8767799264044], [11.93614966377459, 44.87538171125214]]]}}, {"type": "Feature", "properties": {"field": "32TQQ321738"}, "geometry": {"type": "Polygon", "coordinates": [[[11.93471265856275, 44.88276715967847], [11.934574074545846, 44.87845362986788], [11.943538456357597, 44.87823471548886], [11.943653798475225, 44.88257564574669], [11.939433196943211, 44.882672897822445], [11.93471265856275, 44.88276715967847]]]}}, {"type": "Feature", "properties": {"field": "32TQQ321742"}, "geometry": {"type": "Polygon", "coordinates": [[[11.937774939518743, 44.88532461541758], [11.937669709077861, 44.882864085144206], [11.940574139600217, 44.882789523836514], [11.940637279455432, 44.88529479576943], [11.937774939518743, 44.88532461541758]]]}}, {"type": "Feature", "properties": {"field": "32TQQ321745"}, "geometry": {"type": "Polygon", "coordinates": [[[11.937817041633444, 44.88545136852782], [11.940700419866088, 44.88541409211803], [11.940763568214454, 44.88792669947478], [11.937880178036036, 44.88797888513488], [11.937817041633444, 44.88545136852782]]]}}, {"type": "Feature", "properties": {"field": "32TQQ322706"}, "geometry": {"type": "Polygon", "coordinates": [[[11.938617066731878, 44.84940025437643], [11.944188399115673, 44.85268479326837], [11.936623113316072, 44.85261549339749], [11.936701311871037, 44.84931710259783], [11.93783512488611, 44.850010058210316], [11.938617066731878, 44.84940025437643]]]}}, {"type": "Feature", "properties": {"field": "32TQQ322709"}, "geometry": {"type": "Polygon", "coordinates": [[[11.941275663390119, 44.85269864504213], [11.941197465760327, 44.85588598852569], [11.936544919055255, 44.85678672692348], [11.93666220717403, 44.85265707576627], [11.941275663390119, 44.85269864504213]]]}}, {"type": "Feature", "properties": {"field": "32TQQ322728"}, "geometry": {"type": "Polygon", "coordinates": [[[11.936322723765684, 44.870347315560586], [11.94364695839337, 44.87043681563716], [11.943604862800214, 44.872539903926025], [11.936217496099626, 44.872748722604946], [11.936322723765684, 44.870347315560586]]]}}, {"type": "Feature", "properties": {"field": "32TQQ322731"}, "geometry": {"type": "Polygon", "coordinates": [[[11.936259586444377, 44.872845671222024], [11.9436259123417, 44.87263685252537], [11.943562773610296, 44.87514256609409], [11.936196446243393, 44.87526188292983], [11.936259586444377, 44.872845671222024]]]}}, {"type": "Feature", "properties": {"field": "32TQQ323742"}, "geometry": {"type": "Polygon", "coordinates": [[[11.94072147467918, 44.88280444189926], [11.943668001700663, 44.882759701605515], [11.94375219133367, 44.885235145242845], [11.940805652789953, 44.88530970262404], [11.94072147467918, 44.88280444189926]]]}}, {"type": "Feature", "properties": {"field": "32TQQ323745"}, "geometry": {"type": "Polygon", "coordinates": [[[11.940847746755507, 44.88754645583826], [11.940795134390978, 44.88539917431531], [11.943752187954503, 44.885332069644484], [11.943815324288307, 44.88791178544778], [11.940847753626707, 44.887956522789764], [11.940847746755507, 44.88754645583826]]]}}, {"type": "Feature", "properties": {"field": "32TQQ324725"}, "geometry": {"type": "Polygon", "coordinates": [[[11.941016124910046, 44.86693148266572], [11.943815324498155, 44.86694640236991], [11.943668003267401, 44.870362231295125], [11.940931932494207, 44.870317486714576], [11.941016124910046, 44.86693148266572]]]}}, {"type": "Feature", "properties": {"field": "32TQQ325709"}, "geometry": {"type": "Polygon", "coordinates": [[[11.947355253118127, 44.85466650502694], [11.941275662756613, 44.855844418019544], [11.941373403266155, 44.852684791970326], [11.9441297522532, 44.852698648294684], [11.947355253118127, 44.85466650502694]]]}}, {"type": "Feature", "properties": {"field": "32TQQ325719"}, "geometry": {"type": "Polygon", "coordinates": [[[11.941152925330776, 44.864265055694666], [11.941216063564974, 44.860938374726224], [11.946351453399133, 44.860968209651354], [11.94616202482623, 44.86432472823181], [11.941152925330776, 44.864265055694666]]]}}, {"type": "Feature", "properties": {"field": "32TQQ325722"}, "geometry": {"type": "Polygon", "coordinates": [[[11.941068736284793, 44.86674129161139], [11.941173972906855, 44.86445898353161], [11.946162022186027, 44.86448881689161], [11.945993651473252, 44.86675621384985], [11.941068736284793, 44.86674129161139]]]}}, {"type": "Feature", "properties": {"field": "32TQQ326690"}, "geometry": {"type": "Polygon", "coordinates": [[[11.935362236129768, 44.8355809983847], [11.943631258382707, 44.83380657138146], [11.943963580948349, 44.83413928307131], [11.945371076512028, 44.83418087251583], [11.949358979768038, 44.836246390592144], [11.949085294318271, 44.83653750577075], [11.949456715335414, 44.836717713453545], [11.949730397859904, 44.836468186834914], [11.951782992918256, 44.83752171721646], [11.951470217912108, 44.8378405404356], [11.951958926442913, 44.83810391847852], [11.951743900385862, 44.838395016791694], [11.938079483567211, 44.83828412366361], [11.937688508825754, 44.838325706381994], [11.937180245974613, 44.83851977680029], [11.936906566153322, 44.83875542799837], [11.935362236129768, 44.8355809983847]]]}}, {"type": "Feature", "properties": {"field": "32TQQ326714"}, "geometry": {"type": "Polygon", "coordinates": [[[11.941216069786494, 44.860819025894095], [11.941384436798321, 44.856104643904224], [11.946751333148708, 44.85504534339051], [11.946351446971628, 44.860833944840216], [11.941216069786494, 44.860819025894095]]]}}, {"type": "Feature", "properties": {"field": "32TQQ327704"}, "geometry": {"type": "MultiPolygon", "coordinates": [[[[11.947313750553636, 44.84981284289283], [11.947159977739394, 44.84985639604811], [11.947158230468489, 44.84985689092703], [11.9442115585268, 44.84987523745766], [11.944268993005462, 44.84683836234393], [11.944267549988103, 44.84678049745434], [11.944317278868816, 44.8467802865463], [11.947249280430386, 44.8468381541509], [11.95066872436601, 44.84690554673184], [11.95058499498172, 44.84980425203277], [11.950543885186026, 44.84980602990611], [11.950531901745343, 44.84980258686189], [11.947313750553636, 44.84981284289283]]], [[[11.944084793783718, 44.85223730365936], [11.944084784818692, 44.852271616236195], [11.944052601588492, 44.85230068280797], [11.943572609307909, 44.851991861721864], [11.93685249510881, 44.84802365466087], [11.937275621985005, 44.84734367228055], [11.937649406894934, 44.84698871035237], [11.938255420352185, 44.84673923402249], [11.93882231993636, 44.84668379233028], [11.944146443726558, 44.84678004810043], [11.94418553945018, 44.84678314968076], [11.944179513152443, 44.846822621430384], [11.944084793783718, 44.85223730365936]]], [[[11.949821375005582, 44.84998322635681], [11.950309913083746, 44.84998632218992], [11.950579088970038, 44.84998365106594], [11.950445630574459, 44.854067947901775], [11.94786539325365, 44.85454066605885], [11.945894074883933, 44.8534070869134], [11.944238162172052, 44.85239722361308], [11.944197302158765, 44.85235467263843], [11.944224313740788, 44.850440704773796], [11.944229282679318, 44.849966637163114], [11.948157299876538, 44.85000223938839], [11.949821375005582, 44.84998322635681]]]]}}, {"type": "Feature", "properties": {"field": "32TQQ327726"}, "geometry": {"type": "Polygon", "coordinates": [[[11.9440047459479, 44.86695385692058], [11.950087224856732, 44.86699861111225], [11.949897805028614, 44.87221923053121], [11.943773235165203, 44.87239820776571], [11.9440047459479, 44.86695385692058]]]}}, {"type": "Feature", "properties": {"field": "32TQQ327734"}, "geometry": {"type": "Polygon", "coordinates": [[[11.94366800427389, 44.875261882386084], [11.951181645467212, 44.87509781729368], [11.951076412755803, 44.877856957694746], [11.943668000075137, 44.877991187206625], [11.94366800427389, 44.875261882386084]]]}}, {"type": "Feature", "properties": {"field": "32TQQ328723"}, "geometry": {"type": "Polygon", "coordinates": [[[11.946193600407586, 44.86573812783639], [11.950087219955345, 44.86575304907328], [11.95008722464403, 44.86675248734453], [11.946277789518405, 44.86672264557918], [11.94615150580894, 44.86660331706465], [11.946193600407586, 44.86573812783639]]]}}, {"type": "Feature", "properties": {"field": "32TQQ328731"}, "geometry": {"type": "Polygon", "coordinates": [[[11.9437732401396, 44.87257719428294], [11.951286881121542, 44.87233854978044], [11.951181644034108, 44.874978504939506], [11.94368904692296, 44.87514256722541], [11.9437732401396, 44.87257719428294]]]}}, {"type": "Feature", "properties": {"field": "32TQQ329719"}, "geometry": {"type": "Polygon", "coordinates": [[[11.946509295545845, 44.86093464318115], [11.951813052574726, 44.86096447499887], [11.951749914458857, 44.86555913002951], [11.946319880744168, 44.86557404637558], [11.94640405976015, 44.86444033876467], [11.94631987412026, 44.86427624554963], [11.946509295545845, 44.86093464318115]]]}}, {"type": "Feature", "properties": {"field": "32TQQ329738"}, "geometry": {"type": "Polygon", "coordinates": [[[11.948142771214282, 44.87806870173043], [11.94973625558783, 44.878036440552265], [11.955590873564969, 44.87791771854039], [11.95585400409619, 44.87793526177489], [11.95596975655923, 44.87812168297053], [11.956117085885875, 44.88228249117094], [11.95445440654259, 44.8823048594201], [11.949898556834285, 44.88241429436837], [11.949487389818076, 44.88242416194778], [11.94832483510048, 44.8824545259811], [11.943773229246046, 44.882573292328246], [11.943678524556253, 44.87815896482489], [11.948142771214282, 44.87806870173043]]]}}, {"type": "Feature", "properties": {"field": "32TQQ329744"}, "geometry": {"type": "Polygon", "coordinates": [[[11.94401527378785, 44.88791178477762], [11.943741663637653, 44.882707507095915], [11.949487391829038, 44.88249872530445], [11.956117081650152, 44.88234960108826], [11.956285460594735, 44.88765829783005], [11.94401527378785, 44.88791178477762]], [[11.956017488381917, 44.88502399254905], [11.956008448912828, 44.88490550577962], [11.949687600149595, 44.885046408937434], [11.949579126520486, 44.882583756326085], [11.949461613422276, 44.88259336375826], [11.949542968644108, 44.88505281361826], [11.944397250862961, 44.885180907084326], [11.944361092986592, 44.88474538813592], [11.94395431687741, 44.884758197563805], [11.94397691555014, 44.88527377466888], [11.956017488381917, 44.88502399254905]]]}}, {"type": "Feature", "properties": {"field": "32TQQ330714"}, "geometry": {"type": "Polygon", "coordinates": [[[11.946877610764826, 44.85503042456738], [11.94763529787847, 44.8548513830177], [11.952854857677686, 44.85792479807331], [11.952812758115407, 44.85835744404493], [11.951865661605721, 44.85832761340292], [11.951781483010102, 44.86041623217071], [11.951760384877458, 44.86086371874923], [11.946498773244366, 44.86081902302701], [11.946877610764826, 44.85503042456738]]]}}, {"type": "Feature", "properties": {"field": "32TQQ331697"}, "geometry": {"type": "MultiPolygon", "coordinates": [[[[11.93695472824361, 44.842119769666496], [11.936956172989664, 44.84202501307413], [11.936956647713847, 44.841943524414575], [11.936956887000358, 44.84190245004669], [11.936959227727037, 44.84182108346676], [11.936962466654473, 44.84171906111103], [11.936965167685253, 44.841617160564], [11.936968937014283, 44.841514620441565], [11.936973441543907, 44.84141285354976], [11.936975781464865, 44.84131081827115], [11.936976856044437, 44.84120828445747], [11.93697882887909, 44.84110599764048], [11.936980807965844, 44.84100358456456], [11.936982964393486, 44.84090117591971], [11.93698602591078, 44.84077899358259], [11.936988903736605, 44.84069699195438], [11.936992863356078, 44.840594960029726], [11.936996823598639, 44.84049318914046], [11.937000600075342, 44.84039128795481], [11.937002219591767, 44.840289766319756], [11.93700545915592, 44.8401887521496], [11.937006713186218, 44.840088005084006], [11.937010126513638, 44.83996900936153], [11.937013723378408, 44.839890698146064], [11.937017682895858, 44.83979339222564], [11.937022005103689, 44.83967783890633], [11.937024883612946, 44.83960182360916], [11.937028114239853, 44.83950859640018], [11.937030455573387, 44.839417786679824], [11.937032610379982, 44.839329529240906], [11.937034946694355, 44.839244840965385], [11.93703855235146, 44.83916346878788], [11.937047724026687, 44.83908605827927], [11.937087290202573, 44.839001753015836], [11.937126859058477, 44.83895009804097], [11.937179026382749, 44.83889091709671], [11.937233517360943, 44.83883812180148], [11.937293242899013, 44.83879322153088], [11.937351878325419, 44.83875151805276], [11.937406912740506, 44.83870891694794], [11.937464293281495, 44.83867040541218], [11.937525802136332, 44.83863545137452], [11.93759450478697, 44.838595667060325], [11.937672931931244, 44.83854757555045], [11.937781387269174, 44.8384975855453], [11.937863223880301, 44.83847449475009], [11.937972406026333, 44.83845447171097], [11.938081045105175, 44.838445165929556], [11.938193818676558, 44.83844376538714], [11.93831342817749, 44.83844567249712], [11.938436448460834, 44.838448220753854], [11.938568117163333, 44.83845090630987], [11.938739164925765, 44.83845345064506], [11.938853744781278, 44.838454478502115], [11.938997449530573, 44.838455746301086], [11.939141528020077, 44.83845714831398], [11.939284696639762, 44.8384590686973], [11.93942768726277, 44.838460723367255], [11.939570146555592, 44.83846213056165], [11.939712239305003, 44.838464042136025], [11.939853786832362, 44.83846518435295], [11.939995522989161, 44.83846506125424], [11.940138872934384, 44.83846557159023], [11.940312256185214, 44.838463786427816], [11.940427911742056, 44.83846531608488], [11.940572707120905, 44.83846837223368], [11.940717141468133, 44.83847079829749], [11.94086192084018, 44.83847105481629], [11.941006357579079, 44.83847054575183], [11.941150789112735, 44.83847092789976], [11.941295393752423, 44.83847297075699], [11.94146932268846, 44.83847270916227], [11.941584800354939, 44.83847347706564], [11.941728695284494, 44.83847450245414], [11.941902077243272, 44.83847666682552], [11.942016839310712, 44.838477047665826], [11.94219040903017, 44.838477433368745], [11.942335011988673, 44.83847844873165], [11.942479810997597, 44.8384790897685], [11.942624779610501, 44.83847908704183], [11.942768315080448, 44.838481002582675], [11.94291148362112, 44.838482918409255], [11.943053753869824, 44.838485082289964], [11.94319728227264, 44.83848661039158], [11.943341898292504, 44.838487633136346], [11.943486142067337, 44.838489295439885], [11.943630761200415, 44.838492613231914], [11.943774475813282, 44.838496305268734], [11.94391835890271, 44.83849784130524], [11.944062975978214, 44.838499628272004], [11.944207943728644, 44.83849911051237], [11.944352369545165, 44.83849987582899], [11.944496990939653, 44.83850025783161], [11.94464160158504, 44.838501918201686], [11.944786023931204, 44.83850460046844], [11.944930638895164, 44.83850485605847], [11.945075968954592, 44.83850548908592], [11.945221477030934, 44.838506387451694], [11.945366091972803, 44.83850664248942], [11.945510879291778, 44.838508045139406], [11.945655857192897, 44.838510207850106], [11.945800819099485, 44.83850982323902], [11.945946149791515, 44.838510716192765], [11.946091482211608, 44.83851263513421], [11.946236451344213, 44.838512888918956], [11.946381782233486, 44.83851403336765], [11.946526392847726, 44.83851569141417], [11.946671724189098, 44.83851684447835], [11.946816698856756, 44.838516710300645], [11.946961846196835, 44.83851748066567], [11.947107172393897, 44.83851952449981], [11.947252150278883, 44.83852168517902], [11.947396938235633, 44.83852334653665], [11.947542085778506, 44.8385243682129], [11.947687239522716, 44.83852526351603], [11.947832571464188, 44.83852717125115], [11.947977720085442, 44.83852895750914], [11.948122874695379, 44.83853036541227], [11.948268206220177, 44.838531768490505], [11.948413353938582, 44.83853304110781], [11.948557959415787, 44.83853558783168], [11.948701501918627, 44.83853788279462], [11.948843404401488, 44.838539031726775], [11.948982809138018, 44.83854082112455], [11.949119675331442, 44.838541460669155], [11.949227955146668, 44.838542992013636], [11.949361417824, 44.83854362926752], [11.949491641179806, 44.83854426005987], [11.949643990156066, 44.838546812310724], [11.9497650406082, 44.838547193798306], [11.949880506132857, 44.83854821465777], [11.949989871289928, 44.83854770970016], [11.950092211035598, 44.83854936680446], [11.950189339169091, 44.83855178863657], [11.950287725586273, 44.83855382682744], [11.950387002967453, 44.83855497769403], [11.950479636374139, 44.83855535503038], [11.950550864066154, 44.838556510880714], [11.950653566749011, 44.83855982345004], [11.95079170283009, 44.83856352486272], [11.950889541406333, 44.8385630110883], [11.950930191352919, 44.83856619977238], [11.950960953203444, 44.83858188694387], [11.950970123566059, 44.838605613149035], [11.950965984610937, 44.8386853252081], [11.95096418931444, 44.838737358403826], [11.950962936312665, 44.83878366126289], [11.950960951090854, 44.838831234340766], [11.95095878943344, 44.838879316093156], [11.95095663814426, 44.838925867247575], [11.950955200870244, 44.83897203084901], [11.95095394369474, 44.839019738115944], [11.950952856320578, 44.83906705391027], [11.950950162813891, 44.83911487936572], [11.95094637876634, 44.83916092364801], [11.950942430213953, 44.83920721517445], [11.950939013964794, 44.839253772049815], [11.950930918044596, 44.83933998686927], [11.950928572345429, 44.83938768629668], [11.950925880011445, 44.83947887452929], [11.95092390715132, 44.83953882507926], [11.950922287365172, 44.839589836440425], [11.95092155942475, 44.83964047371259], [11.950921201350587, 44.83969339691285], [11.950919943530149, 44.839749512142795], [11.950919041789678, 44.83980665337806], [11.950914370037218, 44.83990689483047], [11.95091148493705, 44.83997474574838], [11.950910413560177, 44.84003698646826], [11.950909874016824, 44.84009948355219], [11.950907349780433, 44.84015904328164], [11.950904121185475, 44.840217198862454], [11.950901056839138, 44.84027535026367], [11.95089961683737, 44.840332109337396], [11.950898176117407, 44.84038860730761], [11.950896560845827, 44.840442679272954], [11.950895128864596, 44.84053476207842], [11.95089494017871, 44.840594963587954], [11.950895299656574, 44.840645338669276], [11.950891164421723, 44.8407404800643], [11.950888833577222, 44.840802339277666], [11.950887213554191, 44.84085309864901], [11.950884694104777, 44.840903341111996], [11.950882888693531, 44.84095270097593], [11.950880018449356, 44.841000783044635], [11.950878757845928, 44.84109324849196], [11.950876592437584, 44.84116453759079], [11.950875162109718, 44.84121950495697], [11.950875523399048, 44.84127090620481], [11.950872642318398, 44.841320509883474], [11.950869398502881, 44.84136821452994], [11.95086760165355, 44.841415017554375], [11.95086454144852, 44.841505693169644], [11.950862392852613, 44.84158820730915], [11.950859147654212, 44.84166931851514], [11.950856997840832, 44.84175502843564], [11.95085573618115, 44.84184276788956], [11.950854114740558, 44.84193089466188], [11.95085087234429, 44.842009584270514], [11.950847095458569, 44.84208202229491], [11.950843859882996, 44.84215267286347], [11.950842499689394, 44.8422114634815], [11.950842242923944, 44.842222561461654], [11.950839547093413, 44.842290155407014], [11.950837020376062, 44.84235660173029], [11.950834872548548, 44.84242278619864], [11.950835413476705, 44.84248884708092], [11.950832345060215, 44.842552615840475], [11.95082821206583, 44.84261090282373], [11.9508250087676, 44.842645629594216], [11.950821921863405, 44.84266114382169], [11.950808253042487, 44.84267989744903], [11.950773172869633, 44.84269736835153], [11.950721017470158, 44.842702335929545], [11.95066778026094, 44.842702722410124], [11.95060374812019, 44.842702082749454], [11.950529453406315, 44.842700682141796], [11.95045355268812, 44.8427000431923], [11.95035624956541, 44.84269953452589], [11.95028070289608, 44.842698643316616], [11.950179619694385, 44.84269621572332], [11.950081060121263, 44.842693155702044], [11.949983932126752, 44.84269112085811], [11.949895798083457, 44.8426878001349], [11.94981341477232, 44.84268410567886], [11.949740751713447, 44.84267823340506], [11.949678342422718, 44.842675426722614], [11.949573116387585, 44.842677849829805], [11.94946448610683, 44.842679766685556], [11.949397575633327, 44.84267925473165], [11.949315917997291, 44.84267861980967], [11.94921860335014, 44.842678875633545], [11.94911751818656, 44.84267938184652], [11.94901662037775, 44.84267785768447], [11.948916429784065, 44.842675811044025], [11.948795563965435, 44.84267351540489], [11.948715707873978, 44.84267173530098], [11.948615877348841, 44.842669057948775], [11.948514619486401, 44.84266816378868], [11.948414253994828, 44.842667399498936], [11.948316405258868, 44.8426658679055], [11.94822611055325, 44.84266433911866], [11.948145350809167, 44.84266344616459], [11.948063516014653, 44.84266305798073], [11.947954518354171, 44.84266025680855], [11.94786153288673, 44.842657572960334], [11.94779119910869, 44.84265642832496], [11.94769155882678, 44.84265400630062], [11.94759011586599, 44.84265196385527], [11.947489395878142, 44.84265094685528], [11.947389029274628, 44.842649416526484], [11.947288307527286, 44.84264737317691], [11.947186683430028, 44.84264673935185], [11.947066163404594, 44.842647250613375], [11.94698576948407, 44.842645591152646], [11.946885939006277, 44.84264291228295], [11.946784862100921, 44.84264035555494], [11.946685393003703, 44.8426380632544], [11.946584494146212, 44.842635771800474], [11.94648610801189, 44.84263436954312], [11.946386640607987, 44.84263359826952], [11.94626630670094, 44.842631556329906], [11.94618771506908, 44.84262901262787], [11.94608537209073, 44.84262569574525], [11.945964493684768, 44.8426233974955], [11.945884638943362, 44.84262263252322], [11.94578517239789, 44.842622373879465], [11.945684086147656, 44.842621616794524], [11.94558336463692, 44.8426198239182], [11.945482105292555, 44.84261765782449], [11.945382636227603, 44.84261536438537], [11.945281553823198, 44.84261319354595], [11.945162485190357, 44.84261090171295], [11.945081364757337, 44.84260988080257], [11.944981535602864, 44.84260821744958], [11.944879915578616, 44.84260592510457], [11.944782070995965, 44.842602734010995], [11.944683508843356, 44.84260184791646], [11.944585295319888, 44.84260184393205], [11.944484936030053, 44.842600949991905], [11.9443669379331, 44.842599799940906], [11.94428851978188, 44.842599167861266], [11.94419229209898, 44.842598653169915], [11.944072326807271, 44.842597634615295], [11.943994988878638, 44.842596101263815], [11.943894446054262, 44.842594833455124], [11.94379299136423, 44.84259330103906], [11.943692637444904, 44.84259176712576], [11.94359262457399, 44.8425894771556], [11.943493343854314, 44.84258615998751], [11.94339693699272, 44.8425838668619], [11.943279665439153, 44.84258207580034], [11.943203758120065, 44.842581054106255], [11.943106100095136, 44.84257978323604], [11.94301094830024, 44.84257927578429], [11.942910575718024, 44.84257811974688], [11.942811835160944, 44.84257646247257], [11.942713808981086, 44.842574174475054], [11.942620463810979, 44.842571873708316], [11.942531250878384, 44.84257021354092], [11.942438979155597, 44.84257060357402], [11.942342396136636, 44.8425693223215], [11.942234647489345, 44.84256842786842], [11.94216450999545, 44.84256715773502], [11.942080869846789, 44.842564858337234], [11.942003700875087, 44.84256167191764], [11.941874027145019, 44.84255784963665], [11.941806040995333, 44.84255708190958], [11.941740022642593, 44.84255644341996], [11.94164720979733, 44.84255440724727], [11.941577248763759, 44.842553123137236], [11.941478857726706, 44.842552364883176], [11.941365192845174, 44.842550829966406], [11.941241260070568, 44.84254917253049], [11.941113550363212, 44.8425476393732], [11.940988187469898, 44.84254547842449], [11.94085995098384, 44.842542545193744], [11.940734398263078, 44.8425406319169], [11.940606693781755, 44.842538206795645], [11.940479715741626, 44.84253488961254], [11.94032736992611, 44.842532847201134], [11.940227548311382, 44.842531575564884], [11.940101279002567, 44.84252850974725], [11.93997537791859, 44.84252596547345], [11.939848926292353, 44.842523543278766], [11.939721949084413, 44.84252073833804], [11.939596403978705, 44.84251996685865], [11.939471213762587, 44.842519456148324], [11.939320849015148, 44.84251780241887], [11.939222461621315, 44.842515124643576], [11.939101767756346, 44.84251321043466], [11.93896111461137, 44.842511936216546], [11.938869384503796, 44.842510536020065], [11.938753737863136, 44.84250760018449], [11.938636997679055, 44.84250530460861], [11.938518291815807, 44.84250466184075], [11.93839796567746, 44.84250325952167], [11.938279434897527, 44.842500586621554], [11.93816378285952, 44.842498289462476], [11.938030137729841, 44.842495735376204], [11.937946504556551, 44.842493567856394], [11.937846142008377, 44.842489868545734], [11.937726529557287, 44.842487321888065], [11.937642358495268, 44.842485275958474], [11.937539651350301, 44.84248349110139], [11.93743766969463, 44.8424800491812], [11.937338388746994, 44.84247597048649], [11.937247189709053, 44.842474312253714], [11.937164638255677, 44.842472017209], [11.937090349626764, 44.84246997760765], [11.937017323105112, 44.84245518558317], [11.936978111095774, 44.84243477900572], [11.936952927205475, 44.84239562926459], [11.936948080628778, 44.842339635338206], [11.936947361094752, 44.84227497428493], [11.936950421462667, 44.842202285110616], [11.93695472824361, 44.842119769666496]]], [[[11.96477921208068, 44.842700172098155], [11.964776694558518, 44.84278842144119], [11.96477400419101, 44.842860732646685], [11.964774353552137, 44.84280665734109], [11.964771117474687, 44.8428303807502], [11.964761944321044, 44.8428599657357], [11.964738383143489, 44.84288853826185], [11.964697020774025, 44.84291098373554], [11.96465385575946, 44.842919018884324], [11.96461373644292, 44.8429213125577], [11.964509241423375, 44.84292564787963], [11.964428839695696, 44.842927304649834], [11.96433602837547, 44.84292705131667], [11.964229547182523, 44.84292424532828], [11.964107961299163, 44.84292322699829], [11.963970901720328, 44.842922970512376], [11.963827188964299, 44.84292029414547], [11.963683842080975, 44.84291710398261], [11.963539955773928, 44.84291301839466], [11.96339497986102, 44.842911616574405], [11.963251622121795, 44.84290920031086], [11.963109889392694, 44.84290664263049], [11.962966722226978, 44.84290473416787], [11.962823732229305, 44.8429030729806], [11.962682899809849, 44.84290129261236], [11.96254475499038, 44.842899118119504], [11.962409678193364, 44.84289656683234], [11.962277843225781, 44.84289529953425], [11.962150856825044, 44.84289210576535], [11.962025851942698, 44.84288955353479], [11.961904618768449, 44.84288751547365], [11.96178663728032, 44.8428854738523], [11.961672773300988, 44.84288279413081], [11.961565218719363, 44.842881012738474], [11.961462153691873, 44.84288165334089], [11.961364672823766, 44.842881140698275], [11.961275819900065, 44.84287961182893], [11.961192186524224, 44.84287820848508], [11.961108186499395, 44.842877057722184], [11.961022393097528, 44.84287769976383], [11.96092994347013, 44.84287808240246], [11.960824353758682, 44.84287489007595], [11.960710140155642, 44.84287106615078], [11.96059125214165, 44.84286787657441], [11.960469487335738, 44.84286583271696], [11.960348977627334, 44.84286507049608], [11.960227383743499, 44.84286290498318], [11.960104364314596, 44.842859588020715], [11.959979359452815, 44.84285703354349], [11.95984840844759, 44.84285474127615], [11.959715314172545, 44.8428533415938], [11.959586895411864, 44.84285231559692], [11.959459911807688, 44.84285040609376], [11.959336698177022, 44.84284823658701], [11.959217452237954, 44.842846702219], [11.959103769166735, 44.84284606767159], [11.958995670065057, 44.84284402792425], [11.958893870649616, 44.842840969576535], [11.95879764655984, 44.84283905376513], [11.958710945871488, 44.84283828630057], [11.958625333005347, 44.842837265498765], [11.958542597968256, 44.84283561192], [11.958468136461418, 44.84283318560139], [11.958403742361542, 44.8428316595216], [11.95829276546924, 44.84283025181523], [11.958196174224302, 44.84282808403063], [11.958130708615064, 44.842829106133536], [11.958044190748751, 44.84282795526941], [11.957919907637429, 44.842821455031434], [11.957819003369814, 44.8428203079212], [11.957747242023586, 44.84282094383892], [11.95766323873427, 44.842821455904776], [11.957549388495517, 44.84281928481338], [11.957440034830535, 44.842815970843844], [11.957328519100153, 44.84281367604358], [11.957224730306194, 44.84281278317878], [11.957127610561663, 44.84281240157243], [11.957034792730404, 44.8428120164305], [11.956933171266654, 44.84280946475844], [11.956820213407253, 44.84280742283153], [11.956690177494712, 44.84280767782814], [11.956559772271168, 44.842806402782614], [11.956422890269137, 44.84280194670136], [11.956277747655186, 44.84279900981227], [11.956133668588668, 44.84279633315959], [11.955989420746457, 44.84279505606935], [11.955845704546588, 44.84279378301833], [11.955701637175903, 44.84279059247624], [11.955557025284433, 44.842787145806575], [11.955412597893806, 44.84278409018353], [11.955267804084398, 44.8427815390507], [11.955122834804083, 44.84278000942963], [11.954978046502868, 44.84277707070507], [11.954833074855339, 44.842774010447876], [11.954687389405644, 44.84277158970098], [11.954542228453981, 44.84276878603137], [11.95439798351684, 44.8427653373853], [11.954253006385859, 44.84276266368112], [11.954108404265769, 44.84276138431548], [11.953963434772664, 44.84275960123714], [11.95381863455642, 44.84275692239999], [11.953673304811351, 44.842755517296176], [11.953528341267134, 44.84275335542644], [11.953383002027623, 44.842750032788636], [11.953238038973652, 44.84274837464822], [11.953095582060238, 44.84274722755005], [11.952954747842075, 44.84274391386784], [11.952815712613397, 44.842742128770325], [11.952679012397535, 44.842740724142416], [11.952544840794507, 44.84273779563641], [11.952414441535467, 44.842736137675395], [11.952286559915006, 44.84273422534787], [11.952164964538023, 44.84273078192166], [11.95204679755856, 44.842727078653624], [11.951932214933576, 44.842725425006854], [11.951821061631602, 44.84272402462425], [11.951714404583145, 44.842721472606044], [11.951613316290535, 44.84271993760906], [11.951518891530505, 44.842719301495954], [11.951420332351434, 44.842716746734915], [11.95132301433128, 44.842714708951085], [11.951226612787629, 44.84271203516596], [11.951137218271255, 44.84270782082446], [11.95105610195616, 44.84270539976214], [11.950986676639852, 44.84270272126992], [11.950934329733299, 44.84268932974849], [11.950905738609753, 44.842662928053144], [11.950896927268365, 44.84262965037165], [11.950896738262935, 44.842587813798836], [11.950895300939571, 44.8425359092851], [11.950894940624996, 44.84247660425253], [11.950896924899443, 44.84240672415069], [11.950898001658956, 44.84233542722884], [11.950900692664112, 44.84226452069404], [11.950901775412662, 44.84219284546365], [11.95090321334277, 44.84212168329004], [11.950906814845913, 44.8420505190758], [11.950908252771827, 44.84197935683225], [11.950911487138805, 44.84190794112717], [11.950912393219209, 44.84183652258682], [11.95091382538772, 44.841765990629575], [11.95091526977074, 44.84169495424423], [11.950917430257345, 44.84162480852496], [11.950920483981045, 44.841555305900684], [11.95092282070198, 44.84148439952361], [11.950923177198687, 44.84141361626628], [11.950924441170752, 44.84135737493], [11.950926961005646, 44.84127370786909], [11.95092803400032, 44.84122091021245], [11.950929470872627, 44.84115765182629], [11.95093253784004, 44.84108023601985], [11.950935407235804, 44.841014554982806], [11.95093630838641, 44.84094824072592], [11.950938294377437, 44.84088433792789], [11.950940449476976, 44.84081879246172], [11.950941524602072, 44.840750682253166], [11.950944048731417, 44.84068245359595], [11.950947469011057, 44.84061715438612], [11.95094890347202, 44.84054815275586], [11.950947817678063, 44.840477370802226], [11.950943687326493, 44.84040544336454], [11.950940633273031, 44.840338484221824], [11.950948899694735, 44.84027739867801], [11.950986858055716, 44.84023110078339], [11.951055206619564, 44.84020533367644], [11.95113685945906, 44.84019653330865], [11.951229672625152, 44.84019666232611], [11.95130988550534, 44.8401980624226], [11.951430396450544, 44.84019896020525], [11.951510259919301, 44.84019921695321], [11.951622493919276, 44.84019883429183], [11.95170721620503, 44.84019934329721], [11.951781129515181, 44.8402017611594], [11.951842473630167, 44.840200363280886], [11.951891206043348, 44.84018416815284], [11.951917825977239, 44.84014998290965], [11.95192646232748, 44.840112743125225], [11.951932044996946, 44.840047441989995], [11.951938155135176, 44.839983549572004], [11.9520316048122, 44.83995827338392], [11.952121419874562, 44.839949279210586], [11.952254513742128, 44.83994646740221], [11.95234460926299, 44.83994122840192], [11.952358445465876, 44.83985081614702], [11.95235857581233, 44.83980502488594], [11.952358088210948, 44.83974099626131], [11.95235841728653, 44.839707062176174], [11.95235655836775, 44.83968501576987], [11.952348951893729, 44.8396564029718], [11.952390520415964, 44.83965705348435], [11.952483863584195, 44.839656924707626], [11.952582434745127, 44.83965857805126], [11.95268243007289, 44.839660617525105], [11.952783155471659, 44.83966010839403], [11.9528833449111, 44.83966074736399], [11.952982446508273, 44.839661639463756], [11.953079402329514, 44.839661641768046], [11.953169872339148, 44.8396607496475], [11.95325440215432, 44.839659984141676], [11.953378512403592, 44.83966151588115], [11.953436611886323, 44.83964888553602], [11.953468085763152, 44.83962453056361], [11.953483009262731, 44.839587289936894], [11.953487511030735, 44.839540227769405], [11.953488943019723, 44.83948385601494], [11.953490024508932, 44.839430031885186], [11.953496320130025, 44.83938538985951], [11.953514843206497, 44.83935223296995], [11.953547948969756, 44.83932812377796], [11.953600818923347, 44.83931294613982], [11.953677083036895, 44.83930989171686], [11.953766119170625, 44.83931090866502], [11.953859105701728, 44.83931371369591], [11.95394795849881, 44.83931460915146], [11.95403717221231, 44.839315882343385], [11.954128544130668, 44.83931779270868], [11.954221534049557, 44.83931843681831], [11.954314703685112, 44.83932111070857], [11.954410211555285, 44.83932200457427], [11.954499240759004, 44.83932239098911], [11.954587733825278, 44.839324168458596], [11.954664721348125, 44.83932684701021], [11.954736310635504, 44.839328125904274], [11.954805013445476, 44.839328381238566], [11.954878936638165, 44.83932952755876], [11.954966531403594, 44.83933105801552], [11.95506635543099, 44.83933297380499], [11.955165822830102, 44.83933335934829], [11.955266005657503, 44.83933437447758], [11.955344432880116, 44.839335268884675], [11.955464752817418, 44.83933667145832], [11.955565125880417, 44.839337942449994], [11.955666745992785, 44.8393393520636], [11.955764412561887, 44.839341386175356], [11.95586315498594, 44.83934342825276], [11.95596279973372, 44.83934381757155], [11.95605633270979, 44.83934419412747], [11.956142661587405, 44.839345216306285], [11.956216951427164, 44.839362177863755], [11.956276307050192, 44.839400311982125], [11.95631012281272, 44.83945362806088], [11.956316775333493, 44.83951611891154], [11.956313903742082, 44.83958435669862], [11.95631209906141, 44.83965539350766], [11.956311382822069, 44.83972272924286], [11.956310297913543, 44.8397845923493], [11.95630814465659, 44.83983942550323], [11.956308324198549, 44.839884710065064], [11.956324145153557, 44.83992016426676], [11.95637145227513, 44.83994388315999], [11.956434587849198, 44.83995153746186], [11.95651030668126, 44.83995141190652], [11.956593586139462, 44.83995191867398], [11.956691070648237, 44.839954082667404], [11.95679089668326, 44.83995651000164], [11.956890360374846, 44.83995803745158], [11.956989830688459, 44.83995944761224], [11.95708982675191, 44.83996173525315], [11.957169509028578, 44.839963649085895], [11.95729002266167, 44.839966584037086], [11.957390199824996, 44.83996721936058], [11.957488771636799, 44.839968625382205], [11.957730965381806, 44.8399671096994], [11.957817649914004, 44.839968634497886], [11.957894281103545, 44.83996927659643], [11.95795903000481, 44.839969146408045], [11.958010648086695, 44.83996264112101], [11.958040691267936, 44.83995065471753], [11.9580730557532, 44.83991901974909], [11.958080083099643, 44.839874898672825], [11.958078273713667, 44.83982005118584], [11.958078283279475, 44.839755263248094], [11.958078453244362, 44.83968397175095], [11.958079532946018, 44.839612161553866], [11.958081509649062, 44.83955490242366], [11.95808421738009, 44.83946868276728], [11.958085473913405, 44.83939637280055], [11.95808529162423, 44.839326602767315], [11.958084390812433, 44.83926207255714], [11.958084211347755, 44.83920174561555], [11.958082588886372, 44.83914115897286], [11.958084396085422, 44.83907293066923], [11.958088884917233, 44.83900839575653], [11.958091402010616, 44.838949088102396], [11.95809284925058, 44.838897054823974], [11.958096985986288, 44.83880662119727], [11.9581122705127, 44.83876364529327], [11.95814896538683, 44.838730358706634], [11.958197881745622, 44.83871262577982], [11.958254188890107, 44.83870752914338], [11.958316057513125, 44.83870726642557], [11.95824150413126, 44.83871185485719], [11.958326944929873, 44.83871210624929], [11.958424429300392, 44.83871134312993], [11.958524794494698, 44.838712233634006], [11.958625518645949, 44.838715932342055], [11.958725881116074, 44.838718992205706], [11.958826249269622, 44.83872142176258], [11.958926786152466, 44.83872294659705], [11.959026967305714, 44.83872345435031], [11.959127338197542, 44.83872371403602], [11.959227525765174, 44.83872434740576], [11.959327885262029, 44.838725372374945], [11.959427712397657, 44.83872613201618], [11.959527718614623, 44.83872767008388], [11.959626638783652, 44.83872677872367], [11.959722322147549, 44.83872741152742], [11.959810641532318, 44.83873149393558], [11.959885469881707, 44.83874883527925], [11.959936723604855, 44.83878314476651], [11.959960103345043, 44.83882829561148], [11.959970899496962, 44.83887676156926], [11.959998424508937, 44.83891910423404], [11.960054357917873, 44.838944488308115], [11.96012899856842, 44.83895124787709], [11.960209934168276, 44.838950732538116], [11.960290524655985, 44.838951630396664], [11.960361560042523, 44.83895494556962], [11.960420737755303, 44.83894512834676], [11.96045959516604, 44.83891604279882], [11.960472005554657, 44.83887306017677], [11.960470922709632, 44.83882625965837], [11.960492141516639, 44.83878110409091], [11.960544127487035, 44.838745268449834], [11.960619849561363, 44.838728945455195], [11.960705832545777, 44.838728172771155], [11.960794853765998, 44.83873187618407], [11.960890908247567, 44.838734811864356], [11.9609907348227, 44.83873506603845], [11.961091091025487, 44.838734298157135], [11.961190202357182, 44.838734174571144], [11.961290024285782, 44.838735571851984], [11.9613902063646, 44.838736590611376], [11.961489856280428, 44.838737100988844], [11.961591294499316, 44.83873621454382], [11.961690943410401, 44.838736211593954], [11.961791493101716, 44.838737490577174], [11.961887355322105, 44.83873914313706], [11.961977110420156, 44.83873914470581], [11.962057690851413, 44.83873812416488], [11.96212639972142, 44.8387348101554], [11.962193119476906, 44.83872996336302], [11.96217120870556, 44.83937297500844], [11.962898287031498, 44.83937227278963], [11.962926001195795, 44.838744590821904], [11.963067625063546, 44.83874960261387], [11.963152165142159, 44.83875202524856], [11.963269968719779, 44.83875470921616], [11.963350014919202, 44.838755853107], [11.963470516383369, 44.83875662136678], [11.96357035323727, 44.83875929453488], [11.963670715272723, 44.838761846009426], [11.963770892171782, 44.83876350194602], [11.963871617188728, 44.83876375724957], [11.963951296944748, 44.83876491016772], [11.964071634717337, 44.83876618622403], [11.964171809293871, 44.83876656352616], [11.964270735128483, 44.83876528990153], [11.96436840146451, 44.8387636347719], [11.964468053668625, 44.83876542075766], [11.964564633961109, 44.838768735756574], [11.96465673428849, 44.83877153700333], [11.964738924358382, 44.83877574792184], [11.964805121513159, 44.838794246407936], [11.964843424542025, 44.83883007849598], [11.964853505730598, 44.83887242318729], [11.964851162460365, 44.83891846648045], [11.964848459921116, 44.83896884904349], [11.964847568402869, 44.839027646482116], [11.964847923539333, 44.839094216329876], [11.964849002768343, 44.83916577242197], [11.964847569004586, 44.83923668269803], [11.964849001749181, 44.83930797761586], [11.964847569304808, 44.839379653020934], [11.964843067391241, 44.83945068800374], [11.964840724548111, 44.83952262112499], [11.964840006781884, 44.839594169924], [11.964840187518504, 44.8396657223668], [11.96484055135023, 44.839737144023516], [11.964839656235734, 44.83980868843168], [11.964838027519882, 44.83987999084826], [11.964835328623364, 44.83995115005845], [11.96483317799359, 44.84002066558732], [11.96483209498297, 44.84008608449311], [11.9648295823424, 44.840147561704065], [11.964830477696728, 44.84020814007384], [11.964836237979913, 44.8402722919646], [11.96483802834858, 44.84033453049406], [11.964837672867548, 44.840399579400625], [11.964837130728615, 44.84047035846353], [11.964836419175349, 44.84054178106447], [11.964834973381727, 44.840613195752034], [11.964832458024187, 44.84068423315554], [11.964829938589197, 44.84075642290958], [11.964827595733585, 44.840828355950144], [11.964826694195631, 44.84089977448719], [11.96482471723815, 44.840971193976], [11.964823283783312, 44.8410423562831], [11.964821662113275, 44.8411142886445], [11.964818603245254, 44.84118558322438], [11.96481518289011, 44.84125649104981], [11.964811237846824, 44.84132752953877], [11.96481032909833, 44.841398561177755], [11.964807819626197, 44.84146922033698], [11.96480547501176, 44.84154037932342], [11.96480511745056, 44.84161154965763], [11.964804221068816, 44.841682328916846], [11.964801875597718, 44.84175273168755], [11.964799186688172, 44.84182236029156], [11.964797196045204, 44.84189326694977], [11.964796661152471, 44.841964432891324], [11.96479630287867, 44.84203534225597], [11.96479522313706, 44.842106000179086], [11.964794503086898, 44.84217627074049], [11.964792531834897, 44.84224755504384], [11.964791451055099, 44.84231769995208], [11.96478982428117, 44.84238312397005], [11.96478784779436, 44.84244740482926], [11.964785505665786, 44.8425163942081], [11.964781919568253, 44.84258284136917], [11.964779216878762, 44.84264431443172], [11.96477921208068, 44.842700172098155]]]]}}, {"type": "Feature", "properties": {"field": "32TQQ332707"}, "geometry": {"type": "Polygon", "coordinates": [[[11.950688283207663, 44.849996200836145], [11.954187462514454, 44.849954620794], [11.95412882004218, 44.85334999047271], [11.950593978137894, 44.854050529965065], [11.950688283207663, 44.849996200836145]]]}}, {"type": "Feature", "properties": {"field": "32TQQ333703"}, "geometry": {"type": "Polygon", "coordinates": [[[11.950766477580617, 44.84689169431357], [11.954304749683697, 44.846947131787786], [11.954207010865375, 44.849857603992795], [11.950688274296022, 44.84987146902624], [11.950766477580617, 44.84689169431357]]]}}, {"type": "Feature", "properties": {"field": "32TQQ333723"}, "geometry": {"type": "Polygon", "coordinates": [[[11.950192456877923, 44.86676740147637], [11.950213510704941, 44.865753051591405], [11.957958671809397, 44.86579780005739], [11.957958665860497, 44.86681214586235], [11.950192456877923, 44.86676740147637]]]}}, {"type": "Feature", "properties": {"field": "32TQQ333726"}, "geometry": {"type": "Polygon", "coordinates": [[[11.950192453136358, 44.86699115536512], [11.95795866698604, 44.86703589961614], [11.957958668034166, 44.869541858401], [11.955580402393691, 44.869526934100065], [11.955706672178918, 44.8720476973537], [11.950087225663694, 44.872196851401796], [11.950192453136358, 44.86699115536512]]]}}, {"type": "Feature", "properties": {"field": "32TQQ333734"}, "geometry": {"type": "Polygon", "coordinates": [[[11.951286881095445, 44.87511273930366], [11.957811337410023, 44.87497850806775], [11.9577902950928, 44.87772273436341], [11.951160607387974, 44.8778569585641], [11.951286881095445, 44.87511273930366]]]}}, {"type": "Feature", "properties": {"field": "32TQQ334716"}, "geometry": {"type": "Polygon", "coordinates": [[[11.953486258452505, 44.8584320404171], [11.95357044221944, 44.85840220716793], [11.957821864040605, 44.860908531226066], [11.951970901033395, 44.860863781874905], [11.952012996339498, 44.85922274260433], [11.953465206447923, 44.85917798789811], [11.953486258452505, 44.8584320404171]]]}}, {"type": "Feature", "properties": {"field": "32TQQ334720"}, "geometry": {"type": "Polygon", "coordinates": [[[11.951897229669065, 44.86555912689093], [11.952002470207884, 44.86097939710788], [11.957853429940043, 44.86097939599572], [11.958042857121635, 44.861053991104065], [11.958253316282832, 44.8611882550102], [11.958063905738088, 44.86145678041771], [11.95802181001873, 44.86564862943212], [11.951897229669065, 44.86555912689093]]]}}, {"type": "Feature", "properties": {"field": "32TQQ334730"}, "geometry": {"type": "Polygon", "coordinates": [[[11.95145526140436, 44.872316172488475], [11.95587505585335, 44.87216702283038], [11.955769817715444, 44.869646264086555], [11.958021808925483, 44.86964626507048], [11.957895527263318, 44.87486664537002], [11.951371067866809, 44.87498596522608], [11.95145526140436, 44.872316172488475]]]}}, {"type": "Feature", "properties": {"field": "32TQQ335703"}, "geometry": {"type": "Polygon", "coordinates": [[[11.954304756064218, 44.84985761180255], [11.954363400690404, 44.846933271407146], [11.957784390905053, 44.84701642895736], [11.957725748611098, 44.84987146443022], [11.954304756064218, 44.84985761180255]]]}}, {"type": "Feature", "properties": {"field": "32TQQ335710"}, "geometry": {"type": "Polygon", "coordinates": [[[11.948205621122648, 44.85479122416699], [11.959680597752161, 44.8525115595074], [11.959680595356858, 44.85590677814363], [11.959475344210587, 44.85604534976841], [11.950228890442034, 44.85601763815192], [11.948205621122648, 44.85479122416699]]]}}, {"type": "Feature", "properties": {"field": "32TQQ335714"}, "geometry": {"type": "Polygon", "coordinates": [[[11.95033640032212, 44.85610771407807], [11.959719693186651, 44.856135423386], [11.959680595153975, 44.859821420202465], [11.959426468767028, 44.860223262883196], [11.958585885837929, 44.86097150583074], [11.95033640032212, 44.85610771407807]]]}}, {"type": "Feature", "properties": {"field": "32TQQ335737"}, "geometry": {"type": "Polygon", "coordinates": [[[11.956043421771803, 44.877808494821736], [11.95785343597152, 44.87776374900786], [11.957832382262808, 44.87935951912924], [11.956527500240115, 44.87932969357484], [11.956295981386766, 44.87929986432327], [11.956127615432424, 44.87922529700856], [11.956043421771803, 44.877808494821736]]]}}, {"type": "Feature", "properties": {"field": "32TQQ336687"}, "geometry": {"type": "Polygon", "coordinates": [[[11.953708053035031, 44.83323464164291], [11.953712798805109, 44.833083016542375], [11.955504106032627, 44.833084249381805], [11.95604756583358, 44.8330846178468], [11.956061890224188, 44.8343015555255], [11.955945879940305, 44.834300743504585], [11.953098301885168, 44.834280774694435], [11.951199915566793, 44.83426742262765], [11.950693679087589, 44.83426385673601], [11.950203709711372, 44.83426040328757], [11.950199058006481, 44.83431953943739], [11.950696701626784, 44.83432303546007], [11.951329497118023, 44.834327477807605], [11.95303804452331, 44.83433945459617], [11.95355664083365, 44.834343084850985], [11.953553314145639, 44.834949047639434], [11.953550348691122, 44.83548925080651], [11.953547877636428, 44.83593942007946], [11.95353976551185, 44.83741744550637], [11.953610231216087, 44.837414592479], [11.953634182984034, 44.8360272071312], [11.953643512028211, 44.83548683927599], [11.9536512862982, 44.835036532698865], [11.95366321836645, 44.83434540204844], [11.956013006771425, 44.83437637820469], [11.956068483014809, 44.83437704077711], [11.956067358562327, 44.83443383952072], [11.956025023468541, 44.835483959882936], [11.956021516530294, 44.83569532208434], [11.955985923634454, 44.83784054483501], [11.954011532404264, 44.8377989560796], [11.95395288372673, 44.83803460839155], [11.953620551239483, 44.83802075139551], [11.95362055613616, 44.83827026071054], [11.953542365817775, 44.838270259173406], [11.9535032696241, 44.837521716668974], [11.952095775134577, 44.83753558127443], [11.950082268452263, 44.836468191006624], [11.950082267691705, 44.83555326886683], [11.949456720170717, 44.83613549758913], [11.946861895930867, 44.834790849313926], [11.94664335365649, 44.8346775941575], [11.94539062848566, 44.83402837740825], [11.94425681405121, 44.834028373658064], [11.944099473505862, 44.83395971196834], [11.944002680161436, 44.8339174722209], [11.94388538588155, 44.83369566353072], [11.95770620277882, 44.830701188114475], [11.965075998454282, 44.82910684626768], [11.96507140696994, 44.829294068717424], [11.96505152503836, 44.830104775498135], [11.96503164313977, 44.83091548218995], [11.965023881564258, 44.83123196946882], [11.965020597654805, 44.83136587475811], [11.964999611261396, 44.83222162056205], [11.96491960565502, 44.83548395961796], [11.961320108920347, 44.8354840436707], [11.959106074289648, 44.83548403894337], [11.956702262741253, 44.835483985146794], [11.956131688536564, 44.835483964937445], [11.956145406443177, 44.8344768280718], [11.956164268712195, 44.833092055523146], [11.960204543019719, 44.833086565537776], [11.960212724573532, 44.83300629103368], [11.956034095856447, 44.8330270069556], [11.955500987292965, 44.83302328398755], [11.954994762935742, 44.83301974645776], [11.953705214855061, 44.833010724851455], [11.953734482641616, 44.83170359878722], [11.953735305582542, 44.83166684562396], [11.953650055170543, 44.83170163127829], [11.953649969702827, 44.831705786472426], [11.95362106221266, 44.833111194095906], [11.953616237043985, 44.833282028894885], [11.953589362498048, 44.83423351890667], [11.953676783222972, 44.8342336937591], [11.953708053035031, 44.83323464164291]]]}}, {"type": "Feature", "properties": {"field": "32TQQ337706"}, "geometry": {"type": "MultiPolygon", "coordinates": [[[[11.961324201725313, 44.85188561388197], [11.961352464401195, 44.849967218796216], [11.964758712905317, 44.84997315303103], [11.96474550245524, 44.851201479923745], [11.961324201725313, 44.85188561388197]]], [[[11.957847790473995, 44.8499793541456], [11.961120283173694, 44.84998025740711], [11.961091341317585, 44.85193217309419], [11.957790985327456, 44.85259200323184], [11.957847790473995, 44.8499793541456]]], [[[11.95766593404329, 44.84997012874787], [11.957750672258308, 44.84997651032869], [11.957709105789599, 44.85260837176571], [11.957704910037403, 44.852609210536485], [11.954263368327563, 44.85329936194775], [11.954339161567527, 44.849959094184804], [11.95766593404329, 44.84997012874787]]]]}}, {"type": "Feature", "properties": {"field": "32TQQ337742"}, "geometry": {"type": "Polygon", "coordinates": [[[11.956106567404635, 44.87941171537385], [11.963409745663668, 44.87951610818663], [11.963430790726886, 44.883960156412705], [11.964146374254263, 44.88394524196815], [11.964167423022486, 44.88753900564118], [11.956443304655862, 44.88765829498176], [11.956106567404635, 44.87941171537385]], [[11.961314576832788, 44.88747055234711], [11.96147446789505, 44.88746791788457], [11.961387085571063, 44.88516139962378], [11.96397694893928, 44.885152178634996], [11.963958356955299, 44.88505469951156], [11.961375930379942, 44.88503625749668], [11.96128111126163, 44.88255443527352], [11.963298341523876, 44.882583416830265], [11.963287186333487, 44.8824859333541], [11.96127181526964, 44.88245431705607], [11.961165840960936, 44.87954290848448], [11.961028260279456, 44.879540273658854], [11.961132375389761, 44.88245958644029], [11.95631333314115, 44.88236210275428], [11.95633564352193, 44.88249383742587], [11.961102628215384, 44.882546531210025], [11.961223476111275, 44.88504943036505], [11.956436969834625, 44.8850204500506], [11.956442547429821, 44.885123198372305], [11.9611974473337, 44.8851627169087], [11.961314576832788, 44.88747055234711]]]}}, {"type": "Feature", "properties": {"field": "32TQQ338703"}, "geometry": {"type": "Polygon", "coordinates": [[[11.957862581743123, 44.847030290623245], [11.961264036376651, 44.84705801048598], [11.961237880641502, 44.84987468416366], [11.95781641601444, 44.849869915296935], [11.957862581743123, 44.847030290623245]]]}}, {"type": "Feature", "properties": {"field": "32TQQ338730"}, "geometry": {"type": "Polygon", "coordinates": [[[11.95819018461035, 44.869713384815704], [11.96412532986938, 44.86977305545837], [11.963914867295319, 44.87476969701865], [11.958105996741308, 44.87473986923741], [11.95819018461035, 44.869713384815704]]]}}, {"type": "Feature", "properties": {"field": "32TQQ338735"}, "geometry": {"type": "Polygon", "coordinates": [[[11.958063904847235, 44.87485918366225], [11.963872767766272, 44.87484427380328], [11.963662308271509, 44.87942290432736], [11.958042854612383, 44.8793035887748], [11.958063904847235, 44.87485918366225]]]}}, {"type": "Feature", "properties": {"field": "32TQQ339691"}, "geometry": {"type": "Polygon", "coordinates": [[[11.95612277456728, 44.835567135873674], [11.957417515209864, 44.83556717791754], [11.960948091933659, 44.83556721787923], [11.964958704085415, 44.83556713068178], [11.964939147918878, 44.838090054476794], [11.964372248240648, 44.83810391973274], [11.964352699371627, 44.83846432898984], [11.960899114917357, 44.83845282199631], [11.957380600238215, 44.838440991093066], [11.95608367294831, 44.83843660282764], [11.95612277456728, 44.835567135873674]]]}}, {"type": "Feature", "properties": {"field": "32TQQ339722"}, "geometry": {"type": "Polygon", "coordinates": [[[11.958463786280754, 44.8613150556262], [11.964462073698458, 44.86489531373721], [11.968040007548755, 44.86692402689949], [11.958211223932366, 44.86680468915326], [11.958295417259887, 44.8615239106484], [11.958463786280754, 44.8613150556262]]]}}, {"type": "Feature", "properties": {"field": "32TQQ339725"}, "geometry": {"type": "Polygon", "coordinates": [[[11.958211220860962, 44.86701352665117], [11.964314747865082, 44.86704335532057], [11.964167429913209, 44.8696238969295], [11.958211230126874, 44.86954930888132], [11.958211220860962, 44.86701352665117]]]}}, {"type": "Feature", "properties": {"field": "32TQQ340709"}, "geometry": {"type": "Polygon", "coordinates": [[[11.964636152976864, 44.851583036090176], [11.964577503393942, 44.855934487444785], [11.95980765959001, 44.85589291377808], [11.959768573380913, 44.85248383781741], [11.964636152976864, 44.851583036090176]]]}}, {"type": "Feature", "properties": {"field": "32TQQ340714"}, "geometry": {"type": "Polygon", "coordinates": [[[11.95954376120027, 44.86043111074801], [11.95979789299738, 44.86007083892286], [11.959876088271544, 44.85900386374396], [11.959856536130392, 44.85607999509849], [11.96464592072027, 44.85610770899543], [11.964528627625583, 44.86045881812514], [11.95954376120027, 44.86043111074801]]]}}, {"type": "Feature", "properties": {"field": "32TQQ340718"}, "geometry": {"type": "Polygon", "coordinates": [[[11.958761824200867, 44.86112392973643], [11.959524214675032, 44.8605003930822], [11.96450908709931, 44.860528101157065], [11.964450438261963, 44.863271627352084], [11.963590304553357, 44.864005975624714], [11.958761824200867, 44.86112392973643]]]}}, {"type": "Feature", "properties": {"field": "32TQQ341703"}, "geometry": {"type": "Polygon", "coordinates": [[[11.96134222800762, 44.847071869742166], [11.964782765481615, 44.84711344956109], [11.964723605883494, 44.84987032591392], [11.962838483955576, 44.84987000556103], [11.961309601897035, 44.84987408307343], [11.96134222800762, 44.847071869742166]]]}}, {"type": "Feature", "properties": {"field": "32TQQ343730"}, "geometry": {"type": "Polygon", "coordinates": [[[11.964251610553827, 44.8697879679574], [11.970818161998896, 44.86981780486412], [11.97054455308741, 44.87479952990473], [11.96399905736586, 44.87476969751425], [11.964251610553827, 44.8697879679574]]]}}, {"type": "Feature", "properties": {"field": "32TQQ343735"}, "geometry": {"type": "Polygon", "coordinates": [[[11.96938959147757, 44.87956485013083], [11.963725443131253, 44.879437810086166], [11.963999047853745, 44.87488901921507], [11.969679107127181, 44.8749019763983], [11.970544560824973, 44.87490392580752], [11.970376180997656, 44.879586949292], [11.96938959147757, 44.87956485013083]]]}}, {"type": "Feature", "properties": {"field": "32TQQ344709"}, "geometry": {"type": "Polygon", "coordinates": [[[11.96969922236858, 44.85105640061826], [11.969630796644626, 44.85592756146221], [11.964782761167259, 44.855885989646914], [11.964851184751286, 44.851569175947915], [11.968057144648562, 44.85097325152074], [11.968330825235384, 44.85094553547322], [11.968311272475495, 44.851264283509636], [11.966923326015293, 44.851375152690935], [11.966845136234818, 44.85190178746476], [11.968115791081745, 44.851915641669734], [11.968096243204094, 44.85165232800256], [11.968878183715601, 44.85163846639259], [11.96891727496718, 44.85097325327188], [11.969151859358886, 44.850973252546254], [11.96969922236858, 44.85105640061826]]]}}, {"type": "Feature", "properties": {"field": "32TQQ344720"}, "geometry": {"type": "Polygon", "coordinates": [[[11.964636154529407, 44.86471954569536], [11.964675254123438, 44.8604934650118], [11.969542831673754, 44.86050731958731], [11.969405994859297, 44.866894814757686], [11.968311268893975, 44.86689481655005], [11.967001525528598, 44.86609121819154], [11.967978944471643, 44.8652460486364], [11.966903773739748, 44.86466411582722], [11.966395520061896, 44.86466412453885], [11.965613579324478, 44.86528761183343], [11.964636154529407, 44.86471954569536]]]}}, {"type": "Feature", "properties": {"field": "32TQQ344726"}, "geometry": {"type": "Polygon", "coordinates": [[[11.964441027997562, 44.86701352760381], [11.968334657202039, 44.86704336227265], [11.972775494960393, 44.86971338985662], [11.96429369854358, 44.86966864227638], [11.964441027997562, 44.86701352760381]]]}}, {"type": "Feature", "properties": {"field": "32TQQ345714"}, "geometry": {"type": "Polygon", "coordinates": [[[11.96465569687166, 44.860424180598685], [11.96477298600356, 44.85610077965015], [11.972866077014988, 44.85617006856376], [11.972866074842887, 44.860479601460355], [11.96465569687166, 44.860424180598685]]]}}, {"type": "Feature", "properties": {"field": "32TQQ345742"}, "geometry": {"type": "Polygon", "coordinates": [[[11.96353602754613, 44.879542210859896], [11.972670260223703, 44.879765910638724], [11.973596323967834, 44.87990013419874], [11.97637446730129, 44.879944868875285], [11.976260530846018, 44.881839612578645], [11.97619101401774, 44.88186268849232], [11.976159868748995, 44.88226988815273], [11.97585388032151, 44.882265914709045], [11.975837974984639, 44.882521805729], [11.975794581284026, 44.8826143042892], [11.975764124821733, 44.88268886670067], [11.975679940676434, 44.88446344441282], [11.97462759841791, 44.88501519524867], [11.97279654382546, 44.883300283337334], [11.97151270347093, 44.88400116828579], [11.973280615613026, 44.885730970010464], [11.970755020675293, 44.887058111848724], [11.969471171475696, 44.887430896566336], [11.964398932250994, 44.88755018501132], [11.964356840540018, 44.883852040931245], [11.963620206845857, 44.88385203801939], [11.96353602754613, 44.879542210859896]], [[11.97007697888439, 44.887174174553145], [11.970194108383488, 44.88714782978646], [11.970285209105013, 44.885150861350645], [11.970363295437753, 44.8827243723753], [11.973419817604709, 44.88275203650714], [11.973395648025528, 44.88374003249488], [11.973466297564668, 44.88382038875575], [11.973479311953461, 44.88275203650713], [11.975668518067565, 44.88275467118569], [11.975670377265965, 44.88265718799971], [11.970367013834556, 44.8825965902603], [11.970456255357684, 44.87976159858967], [11.970333548263392, 44.87976028118189], [11.970221996359477, 44.8825965902603], [11.963718520361915, 44.882499106806456], [11.963720379560312, 44.88259132088864], [11.970182023593916, 44.882707246953665], [11.970129346473797, 44.88510476000446], [11.964502510739203, 44.885058526620895], [11.964497467007332, 44.885128466429315], [11.970123335570495, 44.885184450568914], [11.97007697888439, 44.887174174553145]]]}}, {"type": "Feature", "properties": {"field": "32TQQ347685"}, "geometry": {"type": "MultiPolygon", "coordinates": [[[[11.97178113761647, 44.82763723881234], [11.975700885109557, 44.83176185432128], [11.975984069919889, 44.83205981091202], [11.97596452002674, 44.8342501840962], [11.972910706846527, 44.83425028668922], [11.972162552073907, 44.83425029935333], [11.972187962424501, 44.83176055609503], [11.972906757592497, 44.83176780461997], [11.972924314858723, 44.83176769432572], [11.97292439272506, 44.8317676220187], [11.972924584751985, 44.831735283234124], [11.97292475625506, 44.83170640092416], [11.972188592144514, 44.831698859426346], [11.965163633192399, 44.83170037855014], [11.96519328716947, 44.829092977904395], [11.97178113761647, 44.82763723881234]]], [[[11.965162719471387, 44.83178072455954], [11.972079894738297, 44.83176626431092], [11.972045681126755, 44.83425030088841], [11.965134637621015, 44.83425017873112], [11.965162719471387, 44.83178072455954]]]]}}, {"type": "Feature", "properties": {"field": "32TQQ347704"}, "geometry": {"type": "Polygon", "coordinates": [[[11.96505644548576, 44.85120192507683], [11.964841416167804, 44.851104907584244], [11.964919609245353, 44.84741835720771], [11.971878878503567, 44.847473801436614], [11.983803480540928, 44.84745993587313], [11.96505644548576, 44.85120192507683]]]}}, {"type": "Feature", "properties": {"field": "32TQQ347721"}, "geometry": {"type": "Polygon", "coordinates": [[[11.969464640587839, 44.86697794334748], [11.969621030738457, 44.86052117300546], [11.972866079224888, 44.86056274389852], [11.972729240752626, 44.8669779420824], [11.969464640587839, 44.86697794334748]]]}}, {"type": "Feature", "properties": {"field": "32TQQ348730"}, "geometry": {"type": "Polygon", "coordinates": [[[11.970944440457616, 44.86984763528668], [11.972901773882041, 44.8698476322622], [11.975132718953425, 44.87120497529252], [11.975048539332542, 44.8748293565813], [11.970712924535466, 44.87482935395656], [11.970944440457616, 44.86984763528668]]]}}, {"type": "Feature", "properties": {"field": "32TQQ348735"}, "geometry": {"type": "MultiPolygon", "coordinates": [[[[11.9706287386671, 44.874903930786566], [11.973581615107907, 44.87490395064748], [11.97347003223014, 44.87724548950205], [11.970544549121783, 44.87724548798259], [11.9706287386671, 44.874903930786566]]], [[[11.9764308804883, 44.876257771541184], [11.976393793981218, 44.877359618241265], [11.973596312367157, 44.877290233183125], [11.973659462331835, 44.87609709301851], [11.97651792629152, 44.87612355894195], [11.9764308804883, 44.876257771541184]]], [[[11.976496659527143, 44.876487643070114], [11.976492523298512, 44.876279528652276], [11.97657883380334, 44.87616915468088], [11.976855336429153, 44.8761281840481], [11.97687958851528, 44.876574346007516], [11.977342613130444, 44.8765594382375], [11.977216340576845, 44.87824471874964], [11.976423315033717, 44.87824448131316], [11.976496659527143, 44.876487643070114]]], [[[11.972129474544554, 44.87820977244078], [11.97208096027018, 44.879646601375015], [11.970418275047017, 44.879601858991215], [11.970544557342976, 44.87730514394219], [11.970558426220299, 44.877305076364046], [11.972174541674327, 44.87730551080332], [11.972129474544554, 44.87820977244078]]]]}}, {"type": "Feature", "properties": {"field": "32TQQ348754"}, "geometry": {"type": "Polygon", "coordinates": [[[11.971791214524051, 44.893866467992986], [11.971812536803558, 44.89298080565669], [11.976950385735785, 44.89319336339545], [11.976933252268141, 44.89388530619864], [11.971791214524051, 44.893866467992986]]]}}, {"type": "Feature", "properties": {"field": "32TQQ349690"}, "geometry": {"type": "Polygon", "coordinates": [[[11.976042710676657, 44.832101401219376], [11.977374415554054, 44.833484474709536], [11.982356894415984, 44.83865839410023], [11.97735298461962, 44.838630564818246], [11.965075995073093, 44.83856135575472], [11.965095547115453, 44.83552555011624], [11.967656399043278, 44.83553940743209], [11.967617304742792, 44.834333358842905], [11.976042714655078, 44.834305631650054], [11.976042710676657, 44.832101401219376]], [[11.975990887811506, 44.83854273801451], [11.976009456503116, 44.83434889732568], [11.975942144996056, 44.834350543319864], [11.975891081094144, 44.83854438388893], [11.975990887811506, 44.83854273801451]], [[11.972047361932425, 44.83437029524672], [11.972014866722112, 44.83852627926776], [11.972110031266574, 44.838526279267754], [11.972161095168492, 44.834371941240306], [11.972047361932425, 44.83437029524672]], [[11.969742523087252, 44.83850323701439], [11.969828403285923, 44.83437523322736], [11.969691459185352, 44.83437523322736], [11.969645037456338, 44.838501591138794], [11.969742523087252, 44.83850323701439]], [[11.97912435451944, 44.835445119057304], [11.979077932790428, 44.83856907199955], [11.97917309733489, 44.83856742612584], [11.979180060594247, 44.83545334887131], [11.97912435451944, 44.835445119057304]]]}}, {"type": "Feature", "properties": {"field": "32TQQ349710"}, "geometry": {"type": "Polygon", "coordinates": [[[11.977948699817155, 44.856017635040274], [11.969757865118885, 44.855934489582644], [11.969816512121223, 44.851361297966136], [11.969855604111762, 44.85098711073959], [11.970520259137935, 44.85108412568242], [11.971478128297278, 44.851361301315144], [11.977968245266132, 44.853287623898495], [11.977948699817155, 44.856017635040274]]]}}, {"type": "Feature", "properties": {"field": "32TQQ349726"}, "geometry": {"type": "Polygon", "coordinates": [[[11.968643594243323, 44.86708877875786], [11.977694563440199, 44.867144203989014], [11.977616373709383, 44.87001209393881], [11.974703635716505, 44.869970538356505], [11.974723187845113, 44.86969345117588], [11.973002920283264, 44.86967959414011], [11.968643594243323, 44.86708877875786]]]}}, {"type": "Feature", "properties": {"field": "32TQQ349737"}, "geometry": {"type": "Polygon", "coordinates": [[[11.976219002969938, 44.879899411639826], [11.97522650142248, 44.87988040422797], [11.975113839084662, 44.87981577898075], [11.974770487197974, 44.879876602744865], [11.97326832269371, 44.87983858789983], [11.972120239822601, 44.879663719289105], [11.972206077794274, 44.879583887790155], [11.972195348047816, 44.87946223957872], [11.97209341545645, 44.87941281991935], [11.972211442667502, 44.879378606284185], [11.972120239822601, 44.8792683622102], [11.97224363190688, 44.87740938722075], [11.976342395054216, 44.87742459380375], [11.976353124800672, 44.8787285433501], [11.97628874632192, 44.87975875664346], [11.976219002969938, 44.879899411639826]]]}}, {"type": "Feature", "properties": {"field": "32TQQ350715"}, "geometry": {"type": "Polygon", "coordinates": [[[11.972983375497122, 44.8604657517924], [11.973042021591525, 44.85617006631241], [11.977968250785208, 44.85621164029684], [11.977850958758227, 44.86049346527329], [11.972983375497122, 44.8604657517924]]]}}, {"type": "Feature", "properties": {"field": "32TQQ350721"}, "geometry": {"type": "Polygon", "coordinates": [[[11.972885623357584, 44.86697794553963], [11.973002922226934, 44.860548889151076], [11.977870505831856, 44.86059045588942], [11.977714116739381, 44.86701951111945], [11.972885623357584, 44.86697794553963]]]}}, {"type": "Feature", "properties": {"field": "32TQQ350728"}, "geometry": {"type": "Polygon", "coordinates": [[[11.973159309384542, 44.86981813786219], [11.974547247432826, 44.869845841828166], [11.974527701787958, 44.8701090746484], [11.977557721779466, 44.87012292676048], [11.977557726974982, 44.87051084970818], [11.976423910336432, 44.870496988248966], [11.976404365828829, 44.87141135373969], [11.977518628309001, 44.87145292065808], [11.977499075862701, 44.87204863385523], [11.977440433423551, 44.8721871655104], [11.977284049649995, 44.872187168272596], [11.977088562813824, 44.872104049442946], [11.975075064613643, 44.870898763356685], [11.973159309384542, 44.86981813786219]]]}}, {"type": "Feature", "properties": {"field": "32TQQ350732"}, "geometry": {"type": "Polygon", "coordinates": [[[11.975132726749761, 44.87490393045258], [11.975216903949066, 44.87126463291401], [11.976921691920378, 44.872278883076845], [11.977321574485876, 44.872786009987756], [11.977447846252412, 44.873143974079376], [11.9773636614821, 44.87606726325042], [11.973588153826492, 44.876023160036624], [11.973620185868196, 44.87490503259433], [11.975132726749761, 44.87490393045258]]]}}, {"type": "Feature", "properties": {"field": "32TQQ351706"}, "geometry": {"type": "Polygon", "coordinates": [[[11.980793008644246, 44.84841624701017], [11.978095310979095, 44.85312825753639], [11.975202128861003, 44.85228289092497], [11.970999191846625, 44.85106333831616], [11.969826280964696, 44.850855454259225], [11.968477430106779, 44.850800020714885], [11.968223304453122, 44.85074458080512], [11.980793008644246, 44.84841624701017]]]}}, {"type": "Feature", "properties": {"field": "32TQQ352740"}, "geometry": {"type": "Polygon", "coordinates": [[[11.9792319921532, 44.88188097695108], [11.977789324622284, 44.88185436631533], [11.977483629271868, 44.88175172517649], [11.977558712340391, 44.88161106850362], [11.97757480156936, 44.88037935754302], [11.978556244536488, 44.88045538984741], [11.978797582971028, 44.88040977047684], [11.979065736787183, 44.8805086124007], [11.97906037371086, 44.880577041325445], [11.979478693664062, 44.880615057359584], [11.979510872122, 44.881797343483036], [11.9792319921532, 44.88188097695108]]]}}, {"type": "Feature", "properties": {"field": "32TQQ353754"}, "geometry": {"type": "MultiPolygon", "coordinates": [[[[11.98284887105374, 44.89388085563026], [11.977147028696614, 44.89385109374881], [11.977148795375044, 44.89355880584706], [11.977818173894008, 44.89356125848162], [11.977891935976109, 44.89353637489903], [11.97788676053199, 44.89332583161807], [11.9779048285883, 44.8933078035415], [11.977990083110667, 44.89327552982205], [11.982846790711529, 44.8933105909737], [11.98284887105374, 44.89388085563026]]], [[[11.98468746068245, 44.893877619791034], [11.982965716804918, 44.89387120852074], [11.982970354873508, 44.89330270215553], [11.984519271326771, 44.89330848371722], [11.98468377387501, 44.89331424280733], [11.98468746068245, 44.893877619791034]]]]}}, {"type": "Feature", "properties": {"field": "32TQQ354698"}, "geometry": {"type": "MultiPolygon", "coordinates": [[[[11.965049526408235, 44.84282634619152], [11.965105003145013, 44.838735625865965], [11.977752409318526, 44.83879226907109], [11.977739391227336, 44.838795821425265], [11.977732083975173, 44.83879890248775], [11.977715893522374, 44.8388086786668], [11.977710432388479, 44.838813307458565], [11.97769970502395, 44.8388263465006], [11.97769670616436, 44.8388320007767], [11.977692652212726, 44.83884683154693], [11.97769219400449, 44.83884984648975], [11.977558371619148, 44.842928429514316], [11.965073028486357, 44.84282410943981], [11.965069353742656, 44.842824269200484], [11.965051158880682, 44.842826012734434], [11.965049526408235, 44.84282634619152]]], [[[11.977829425006208, 44.83879260969918], [11.99002737713113, 44.838845902670364], [11.993445790829483, 44.843041327383254], [11.993309880352541, 44.8430353507547], [11.993308585496015, 44.84303531747269], [11.977884289756325, 44.84291913232233], [11.977992966103658, 44.83886493097508], [11.97799277050182, 44.838862328387215], [11.9779904764055, 44.83884943398095], [11.977988521048584, 44.838844424662476], [11.977981140939256, 44.838832535264224], [11.977977254154503, 44.838828132858566], [11.977965404240743, 44.83881824117751], [11.977959910557706, 44.83881481326478], [11.977944580253846, 44.838807745209486], [11.977937938369683, 44.838805578004106], [11.977920407684037, 44.83880192372344], [11.97791682695122, 44.83880137402485], [11.977829425006208, 44.83879260969918]]], [[[11.977473243764257, 44.84733500246561], [11.964989421658027, 44.84725892109001], [11.965045538550292, 44.843120421530514], [11.965058180458612, 44.84313131673089], [11.96506487237394, 44.84313537548154], [11.965083827016471, 44.843143298518775], [11.965092067882384, 44.84314548166801], [11.96511369005527, 44.843148308137486], [11.965118084091582, 44.843148603934154], [11.977530755864999, 44.843209459422674], [11.977549714200306, 44.843841823473575], [11.977505635902306, 44.84565156444289], [11.977454525679853, 44.84729547565248], [11.977454718001816, 44.84729812329179], [11.977457041696857, 44.84731123936586], [11.977459044837572, 44.84731633167082], [11.977466628113605, 44.847328400702594], [11.977470625732781, 44.847332858802666], [11.977473243764257, 44.84733500246561]]], [[[11.993650823300644, 44.84329294051145], [11.997039830064612, 44.84745149844535], [11.97769906998977, 44.84733636615167], [11.97770057637381, 44.84733575168733], [11.977717220505399, 44.84732592987282], [11.97772283568007, 44.84732124909334], [11.977733853856433, 44.84730801175753], [11.97773692338243, 44.84730225866045], [11.977741026762736, 44.84728715423545], [11.97774148165694, 44.84728408306112], [11.977768010973943, 44.84629381058066], [11.977849780332582, 44.84323092296907], [11.993442864462631, 44.84333205329031], [11.99344369979883, 44.84333204883486], [11.993540458304683, 44.843330395429035], [11.99354524742282, 44.843329986232], [11.993623041053334, 44.843317897924955], [11.993630120830163, 44.84331597047252], [11.99363607964419, 44.84331263688534], [11.99364038210684, 44.84330819668031], [11.993650823300644, 44.84329294051145]]]]}}, {"type": "Feature", "properties": {"field": "32TQQ354716"}, "geometry": {"type": "Polygon", "coordinates": [[[11.982708765062057, 44.86160890297545], [11.978114857567327, 44.86049346423905], [11.978212596302043, 44.85786759240844], [11.982777182548684, 44.85902465427923], [11.982708765062057, 44.86160890297545]]]}}, {"type": "Feature", "properties": {"field": "32TQQ354721"}, "geometry": {"type": "Polygon", "coordinates": [[[11.97812620106926, 44.860668492409765], [11.978147694649236, 44.8606280339063], [11.978264012846745, 44.86065332047097], [11.978700206087408, 44.86075573105789], [11.98007832386225, 44.86109583535281], [11.982595601375754, 44.861686276638], [11.982710655245029, 44.86170650588974], [11.982732148825004, 44.86174127491618], [11.9827169768862, 44.8619441995977], [11.982727723676188, 44.86261871871042], [11.982704333603865, 44.86340133788717], [11.982643645848645, 44.8657333913144], [11.982615198463385, 44.866967375670605], [11.982606980329862, 44.866978754624704], [11.98229153043553, 44.86697559380412], [11.978897915414974, 44.86695631279855], [11.97865832521468, 44.866951097444584], [11.978666859430257, 44.86679811372829], [11.978679186630542, 44.8662952271733], [11.978435171281415, 44.86628669295773], [11.977970530655499, 44.86629617541948], [11.977951565731992, 44.86624623445424], [11.97808748101712, 44.86195131144401], [11.97812620106926, 44.860668492409765]]]}}, {"type": "Feature", "properties": {"field": "32TQQ354735"}, "geometry": {"type": "Polygon", "coordinates": [[[11.977591938124183, 44.876602866109316], [11.978197935869167, 44.87660286677432], [11.978217488319727, 44.87644356132861], [11.979136262785236, 44.876471265602376], [11.979155814783434, 44.87618035988051], [11.980533985683648, 44.876187280190656], [11.980524208037359, 44.876464337799355], [11.98086631151915, 44.876471262423124], [11.980856537577859, 44.87621498804022], [11.984902058270542, 44.87624269181075], [11.98484890066022, 44.87715003819346], [11.984900505388781, 44.87738552831601], [11.984579676133256, 44.87726960981378], [11.98343505778916, 44.87724007792459], [11.983241457004446, 44.87733012684048], [11.977758099189064, 44.87730241340302], [11.977640801353186, 44.87728163724044], [11.977582155731957, 44.877191599466], [11.977591938124183, 44.876602866109316]]]}}, {"type": "Feature", "properties": {"field": "32TQQ355713"}, "geometry": {"type": "Polygon", "coordinates": [[[11.982806507568531, 44.858976150000444], [11.978251692495226, 44.85781216378492], [11.97836899339273, 44.853654870524934], [11.97848628487959, 44.85357171791629], [11.978642662565065, 44.85355785949055], [11.98300199312503, 44.85483279634653], [11.982806507568531, 44.858976150000444]]]}}, {"type": "Feature", "properties": {"field": "32TQQ356731"}, "geometry": {"type": "Polygon", "coordinates": [[[11.978608370033177, 44.87015394978105], [11.979014660818976, 44.87015734032095], [11.984454324456731, 44.8702025953815], [11.988697285871291, 44.87023771428819], [11.989477439257522, 44.87024415440966], [11.989536083289646, 44.87031342764442], [11.989506766739584, 44.871103103714084], [11.989418791975277, 44.87611801531223], [11.989379694812158, 44.87619420632031], [11.989311274515805, 44.87622883809879], [11.982703879812929, 44.87614572807782], [11.977611480021967, 44.87609724546937], [11.977709223107562, 44.87311189359889], [11.978979883301303, 44.873104966737245], [11.979019226243597, 44.8727564594851], [11.979058078891764, 44.872412292146606], [11.97870620098138, 44.87234994893418], [11.97859868557152, 44.872495410279406], [11.978562237726342, 44.87249746528903], [11.977738546783899, 44.87254390365856], [11.977797192895546, 44.87014717608867], [11.978608370033177, 44.87015394978105]]]}}, {"type": "Feature", "properties": {"field": "32TQQ357708"}, "geometry": {"type": "Polygon", "coordinates": [[[11.990225167173971, 44.857500381488144], [11.989801526363312, 44.857353389697266], [11.989357198768243, 44.8570190303783], [11.987928221541013, 44.85613542780861], [11.98697034261947, 44.85574741421604], [11.983549344064654, 44.85469422156308], [11.980476035389412, 44.853793853588755], [11.97823215325722, 44.85315596779708], [11.979405064975227, 44.85114648717306], [11.980949390390752, 44.84838853124936], [11.981086229952316, 44.848277652067935], [11.981731331069078, 44.84819449589754], [11.981946374525746, 44.84823607372714], [11.984722262206187, 44.85127814806574], [11.987283120033151, 44.854174549600764], [11.988583095197646, 44.8556088348889], [11.989765782912002, 44.856959939175894], [11.990225167173971, 44.857500381488144]]]}}, {"type": "Feature", "properties": {"field": "32TQQ357726"}, "geometry": {"type": "Polygon", "coordinates": [[[11.989587404405894, 44.86729487411677], [11.98951898098365, 44.87017661328405], [11.977750761955653, 44.87003807730472], [11.977770314921433, 44.869019783149795], [11.978664655902321, 44.869026704137596], [11.978669545949515, 44.868673419040846], [11.97778497962615, 44.86865956353891], [11.977828963205523, 44.86718403206858], [11.989587404405894, 44.86729487411677]]]}}, {"type": "Feature", "properties": {"field": "32TQQ358714"}, "geometry": {"type": "Polygon", "coordinates": [[[11.987634993947868, 44.860112407732196], [11.982943346493885, 44.858990009553516], [11.983119287014787, 44.85483279952101], [11.98679440054803, 44.85598299360162], [11.987771827458895, 44.856398718119195], [11.987634993947868, 44.860112407732196]]]}}, {"type": "Feature", "properties": {"field": "32TQQ358718"}, "geometry": {"type": "Polygon", "coordinates": [[[11.9875763495521, 44.86275895801479], [11.982796725631902, 44.86159504494749], [11.982884699426707, 44.859045437782406], [11.987654540546066, 44.860181688542376], [11.9875763495521, 44.86275895801479]]]}}, {"type": "Feature", "properties": {"field": "32TQQ358722"}, "geometry": {"type": "Polygon", "coordinates": [[[11.98749944184539, 44.86704186949369], [11.982703870916934, 44.86700911697286], [11.982882509547473, 44.86284168671657], [11.982879807808672, 44.86262386378329], [11.982762514530249, 44.86263079193343], [11.982791847690166, 44.86173013958963], [11.987606082639145, 44.86286766814402], [11.987619177105818, 44.86306383591529], [11.98749944184539, 44.86704186949369]]]}}, {"type": "Feature", "properties": {"field": "32TQQ358736"}, "geometry": {"type": "Polygon", "coordinates": [[[11.98629283078273, 44.87740398235622], [11.985976409279667, 44.87735456573238], [11.985960320050697, 44.877160700105954], [11.985847695447914, 44.87719871302535], [11.985799427761005, 44.87738497596746], [11.985016418617832, 44.87731275163291], [11.984919883244014, 44.87715309751905], [11.98501105554151, 44.87711888586559], [11.984984240159893, 44.87695923121385], [11.984898430938726, 44.87693262206216], [11.984876978633432, 44.876818582701254], [11.984914520167694, 44.876271190622894], [11.98655562152256, 44.87629780008045], [11.986566347675208, 44.87657149664397], [11.986475175377716, 44.876822384016926], [11.986577073827855, 44.87726713621701], [11.986512716911976, 44.87738497596746], [11.98629283078273, 44.87740398235622]], [[11.985595630860727, 44.877339360608815], [11.985606357013372, 44.877339360608815], [11.98563317239499, 44.87730895034963], [11.985574178555433, 44.87730895034963], [11.985595630860727, 44.877339360608815]]]}}, {"type": "Feature", "properties": {"field": "32TQQ360706"}, "geometry": {"type": "Polygon", "coordinates": [[[11.98733687706374, 44.85410525796465], [11.982029456298736, 44.84812519395256], [11.983749719529436, 44.84775099086032], [11.984453473651595, 44.84770941423303], [11.986769969802294, 44.8477371274797], [11.991192823203557, 44.852255172926654], [11.98733687706374, 44.85410525796465]]]}}, {"type": "Feature", "properties": {"field": "32TQQ360744"}, "geometry": {"type": "MultiPolygon", "coordinates": [[[[11.989381757067733, 44.882974953382124], [11.987685490665054, 44.88298029764959], [11.987685486155735, 44.88298029769131], [11.986130912819348, 44.88298014361537], [11.986132929665478, 44.88201731508673], [11.986117786426924, 44.881741866891296], [11.986102880576476, 44.880465889573806], [11.988200118505034, 44.880525205241774], [11.98942588759001, 44.88053241866033], [11.989381757067733, 44.882974953382124]]], [[[11.993293054468303, 44.88237210927684], [11.9933077936604, 44.882407965452416], [11.993295101311556, 44.88299065739164], [11.989483046525175, 44.88295544842624], [11.98951538216725, 44.88057469466026], [11.989590870612037, 44.88052229347174], [11.990256939736575, 44.88052821735187], [11.99070654576387, 44.88058362428458], [11.99182081221982, 44.88087451412578], [11.992964404904487, 44.88129697985618], [11.992925310775718, 44.88214884585018], [11.993277178758126, 44.88216269658977], [11.993293054468303, 44.88237210927684]]], [[[11.985968856266432, 44.881755738326625], [11.985939598965404, 44.88479311645861], [11.98593800318302, 44.884860973494916], [11.984324454787536, 44.88485869603998], [11.984254015220122, 44.88486327181869], [11.98360066676677, 44.88482901068522], [11.983669085114652, 44.883180759242144], [11.984441254292626, 44.883139203093606], [11.984538991081633, 44.881754077090925], [11.985968856266432, 44.881755738326625]]], [[[11.99425593832807, 44.882379281641164], [11.994204999066666, 44.88487897935799], [11.993383530915695, 44.88487155356552], [11.993397288223674, 44.88240928653963], [11.993414203735291, 44.88237697588502], [11.993515573345684, 44.88237167043184], [11.99425593832807, 44.882379281641164]]], [[[11.993301494233451, 44.88486891151102], [11.989434835160104, 44.88483966580429], [11.989469995255437, 44.88298979625463], [11.993289507899986, 44.88302236304303], [11.993301494233451, 44.88486891151102]]], [[[11.987994853670404, 44.88480873955051], [11.986099943426243, 44.88482217908706], [11.986138370694862, 44.88301977568257], [11.98939059297083, 44.88301727723859], [11.98939059297083, 44.8830172772386], [11.98936771424799, 44.88484759204084], [11.98884294585694, 44.884841245906266], [11.988242058568131, 44.884835214744385], [11.987994853670404, 44.88480873955051]]], [[[11.985907389578513, 44.887536750538054], [11.9842653192958, 44.88753674378961], [11.984343099485482, 44.88489832681361], [11.985952918937379, 44.8849111724707], [11.98601388396043, 44.88498024970316], [11.985907389578513, 44.887536750538054]]], [[[11.988034313570095, 44.88758868564703], [11.98813444732711, 44.88492050743572], [11.994204999058283, 44.88492653614175], [11.994152084451912, 44.887615736560754], [11.988034313570095, 44.88758868564703]]]]}}, {"type": "Feature", "properties": {"field": "32TQQ361717"}, "geometry": {"type": "Polygon", "coordinates": [[[11.990938694653506, 44.86357645322596], [11.987674091059633, 44.86280052656696], [11.987869570715915, 44.85644028649448], [11.989120673002024, 44.857244020864044], [11.990163436976914, 44.8577706785471], [11.99012765643573, 44.857974077647306], [11.990424064495432, 44.858112306180544], [11.991127722065423, 44.85842176634834], [11.990938694653506, 44.86357645322596]]]}}, {"type": "Feature", "properties": {"field": "32TQQ361723"}, "geometry": {"type": "Polygon", "coordinates": [[[11.99091425037127, 44.86364919099635], [11.990885670276818, 44.86489762164927], [11.990836063849118, 44.86706453874475], [11.987602382426044, 44.867042570339585], [11.987605913157434, 44.86683017664732], [11.987662532516838, 44.86488573411625], [11.987669887168138, 44.86463315699732], [11.987721194117249, 44.8628948641158], [11.99091425037127, 44.86364919099635]]]}}, {"type": "Feature", "properties": {"field": "32TQQ362738"}, "geometry": {"type": "MultiPolygon", "coordinates": [[[[11.990343256465554, 44.878326061469615], [11.990296700155547, 44.87832427928685], [11.989535527870132, 44.878295138777126], [11.989518634197532, 44.87829449196635], [11.989525003768435, 44.87749230772514], [11.989526224629735, 44.87733855819686], [11.989526224629731, 44.87733855819684], [11.989526224629728, 44.87733855819684], [11.989524928606532, 44.87727533241113], [11.994130705162688, 44.87481386432252], [11.994116731251205, 44.87503199014609], [11.99441513978505, 44.87501922266353], [11.994363134150928, 44.87846663303766], [11.994308363078224, 44.881009563921644], [11.993506881038108, 44.88098185754902], [11.993506874108546, 44.881397407339385], [11.99291446812547, 44.88108717449763], [11.992261422820965, 44.88082871570072], [11.99125224001817, 44.880537686770815], [11.990417829172841, 44.88035742586544], [11.990404824366875, 44.8802995190678], [11.990402317249096, 44.88008437096583], [11.990397385952722, 44.879740715981725], [11.990396588365744, 44.87962996165436], [11.990393023702222, 44.879134942105985], [11.990391806287489, 44.87896587249274], [11.990399703742018, 44.87841299140285], [11.990491369904205, 44.87841598092361], [11.994105885909214, 44.878533802537014], [11.994284241534277, 44.87853961337422], [11.994289034718257, 44.878477036870414], [11.994102569144173, 44.878469905325765], [11.9903601312021, 44.878326707432414], [11.990343256465554, 44.878326061469615]]], [[[11.990396376489205, 44.878412882889315], [11.990390495525322, 44.87878383402828], [11.990066678752813, 44.8787718167709], [11.98974954037775, 44.87876004645965], [11.989514843326521, 44.878751335313474], [11.989531432977628, 44.878384670697095], [11.989540182943482, 44.87838495613109], [11.990396376489192, 44.8784128828893], [11.990396376489205, 44.878412882889315]]], [[[11.98371306443632, 44.880372385585225], [11.984299840051102, 44.88005964446921], [11.987585592940789, 44.87830827944718], [11.98941993309115, 44.87732949476005], [11.989418907538, 44.87763011829009], [11.989416978144755, 44.87992569280334], [11.989416878814913, 44.88004402371448], [11.989389755021111, 44.880413943053625], [11.989265455771374, 44.880413036120984], [11.98831548448237, 44.88040610030755], [11.987998827344926, 44.88040378660998], [11.987428844445795, 44.88039961973708], [11.986415541350022, 44.88039220492406], [11.986162215543327, 44.880390349813005], [11.98371306443632, 44.880372385585225]]], [[[11.990223253975572, 44.879718794746445], [11.990302445913223, 44.87979094683767], [11.9903806117252, 44.87974959089836], [11.990370099987647, 44.88008521531715], [11.99036748856653, 44.880215857773315], [11.990372714947867, 44.880302445779456], [11.990360440744197, 44.88035654598421], [11.99030061267628, 44.88036524332652], [11.990082893114922, 44.880362365653276], [11.989901092936952, 44.880373499331796], [11.989897538180708, 44.88000517349866], [11.989551721503679, 44.87998111302757], [11.989554218410419, 44.879787066287335], [11.989555461638252, 44.87969044951996], [11.990115532570298, 44.879714222652446], [11.990223253975572, 44.879718794746445]]]]}}, {"type": "Feature", "properties": {"field": "32TQQ363706"}, "geometry": {"type": "Polygon", "coordinates": [[[11.991227026790032, 44.852230925008385], [11.986897030644126, 44.84775791780729], [11.991295454282128, 44.84778563503456], [11.994227724959908, 44.85077923200003], [11.991227026790032, 44.852230925008385]]]}}, {"type": "Feature", "properties": {"field": "32TQQ363711"}, "geometry": {"type": "Polygon", "coordinates": [[[11.994384115059868, 44.85564694700723], [11.992522186381624, 44.856603027199], [11.992090071511493, 44.856179238266584], [11.991327044836146, 44.856587987747034], [11.991683841374622, 44.856930485800575], [11.990591710353941, 44.85750384578029], [11.990285709384096, 44.85743772515833], [11.987395516917772, 44.85417801634835], [11.9876869634401, 44.85403911788051], [11.991236809545226, 44.852362584101016], [11.994384115059868, 44.85564694700723]]]}}, {"type": "Feature", "properties": {"field": "32TQQ365718"}, "geometry": {"type": "Polygon", "coordinates": [[[11.991136946875475, 44.86352370043743], [11.991241040756824, 44.85825758061576], [11.99062672139992, 44.857809736586724], [11.991209257493233, 44.857602992963656], [11.993410612231985, 44.8566018439696], [11.99487771912478, 44.85796112915614], [11.99654911943169, 44.8596967094172], [11.996255886329068, 44.864837308688344], [11.991136946875475, 44.86352370043743]]]}}, {"type": "Feature", "properties": {"field": "32TQQ366707"}, "geometry": {"type": "Polygon", "coordinates": [[[11.991529849299415, 44.84786524977012], [11.991579320424647, 44.84781686329832], [11.991702637429412, 44.84782184699427], [11.99182426373628, 44.84781992208685], [11.992126438256095, 44.84782147957297], [11.992351961027094, 44.847818409730635], [11.993314218976707, 44.84782698609643], [11.993695050706918, 44.84782900421444], [11.993823742558332, 44.847826259719675], [11.993926018940401, 44.84779386870511], [11.994074595249383, 44.84793471477585], [11.994840956655095, 44.84878307056185], [11.996241352208926, 44.850394119044694], [11.996739949198926, 44.85092713579349], [11.99737951613359, 44.8516593424831], [11.9981552397328, 44.852530679223236], [11.998742446689397, 44.85317444440414], [11.99913584556065, 44.85362607795097], [11.999179172908228, 44.85367692448242], [11.999140323672814, 44.853697775115535], [11.998991625284017, 44.85369257269492], [11.99850653800859, 44.85372407910153], [11.998280865009031, 44.853760021593025], [11.99804638108114, 44.853829422922836], [11.997792329592466, 44.85392827819081], [11.997652704830964, 44.8539962582947], [11.997549478040945, 44.8540397010236], [11.995738378492629, 44.852170237373365], [11.99511588050693, 44.85152791891913], [11.991655141468282, 44.847981337566395], [11.991529849299415, 44.84786524977012]]]}}, {"type": "Feature", "properties": {"field": "32TQQ366710"}, "geometry": {"type": "Polygon", "coordinates": [[[11.994540509650074, 44.85554994177915], [11.991310113749078, 44.85231407694462], [11.994237503923003, 44.85086237907814], [11.997492329561894, 44.854094864091046], [11.994540509650074, 44.85554994177915]]]}}, {"type": "Feature", "properties": {"field": "32TQQ366724"}, "geometry": {"type": "Polygon", "coordinates": [[[11.9909861725292, 44.86708357304552], [11.991097328732048, 44.86378128712043], [12.005143659645602, 44.86711646237102], [12.00532316432268, 44.866859721168105], [12.00617176458967, 44.86717841663081], [11.9909861725292, 44.86708357304552]]]}}, {"type": "Feature", "properties": {"field": "32TQQ367727"}, "geometry": {"type": "Polygon", "coordinates": [[[12.008207362124143, 44.867433398724614], [12.006936708015214, 44.867752059156835], [12.005060049638947, 44.86854177523312], [12.002440547322081, 44.87001034123218], [12.001756348955732, 44.870328987397976], [11.990750529519978, 44.8701904458049], [11.989636263609075, 44.87018351870301], [11.989655812133842, 44.86739183419269], [11.989714457708102, 44.867322559902235], [11.989968588529885, 44.8672948501627], [11.990946014767516, 44.86730870503399], [11.99118059706455, 44.867225575755405], [12.00664348014392, 44.86735026962633], [12.008207362124143, 44.867433398724614]]]}}, {"type": "Feature", "properties": {"field": "32TQQ368707"}, "geometry": {"type": "Polygon", "coordinates": [[[11.994276633740576, 44.84782441325773], [11.997431053200327, 44.84785494047527], [11.997495967893348, 44.84791540330096], [11.99784337263291, 44.848352707870376], [11.998734549252358, 44.84943947363263], [11.998887920678499, 44.84964365237138], [11.998976010582911, 44.84980211674441], [11.999057229198069, 44.84987179691841], [11.999435277790512, 44.85034741410766], [12.000361470988969, 44.851468885821724], [12.000505243169185, 44.85164035492522], [12.0004607090291, 44.85168225685685], [11.999879238083446, 44.85196095657848], [11.999855786464563, 44.85198086670253], [11.999859796371128, 44.85200728991071], [11.999945906755357, 44.85210578114645], [12.000579242880624, 44.85280325707541], [12.001152209973291, 44.85346239036551], [12.001306077153666, 44.853639488138285], [12.001314713066083, 44.85367516841505], [12.001271739690493, 44.853703631302274], [12.000858052531338, 44.85370272150631], [11.999769606439258, 44.85368632411174], [11.999498208904463, 44.85368327623213], [11.999423582480272, 44.85366808816838], [11.999117029665754, 44.853321895244065], [11.997394470300145, 44.851402432531515], [11.996762082796117, 44.85068588824823], [11.995126242639415, 44.84885200579539], [11.9944012835282, 44.84803444315731], [11.99424135089805, 44.847855887290535], [11.994276633740576, 44.84782441325773]]]}}, {"type": "Feature", "properties": {"field": "32TQQ368714"}, "geometry": {"type": "Polygon", "coordinates": [[[11.996685715823054, 44.85962881186317], [11.993599782211211, 44.85647769782274], [11.997632881784483, 44.854524851307914], [12.000686979396484, 44.857653887405625], [11.996685715823054, 44.85962881186317]]]}}, {"type": "Feature", "properties": {"field": "33TTK630720"}, "geometry": {"type": "Polygon", "coordinates": [[[11.996390738197379, 44.864834051558425], [11.996688233924736, 44.859742664384264], [12.000813783802634, 44.857740331610955], [12.006737618010607, 44.86377006840806], [12.004972608595601, 44.86687871546711], [11.996390738197379, 44.864834051558425]]]}}, {"type": "Feature", "properties": {"field": "33TTK632701"}, "geometry": {"type": "Polygon", "coordinates": [[[12.005116895708852, 44.84759531176915], [11.999671747823625, 44.84752685115106], [11.999441066681689, 44.84743937357621], [11.999371325871337, 44.847272024801974], [11.999387419904496, 44.846153818241795], [11.999671747823625, 44.845792488352465], [11.999918522998717, 44.84569740116278], [11.999961440420474, 44.84551483331861], [12.000336967860834, 44.84548060178341], [11.999575183624676, 44.845446370227876], [11.999376690549056, 44.845324657865646], [11.999462525392566, 44.84336201051879], [11.999966805098193, 44.843301152167896], [12.007836787312604, 44.843335384998184], [12.009135039320709, 44.84342286880539], [12.009145768676145, 44.84379942802418], [12.008695135747715, 44.84638202542519], [12.008405443150865, 44.847477407320724], [12.007933351511554, 44.847580098305485], [12.005116895708852, 44.84759531176915]], [[12.006146913830982, 44.84596744837138], [12.006629734825731, 44.8458875753852], [12.006694110958366, 44.845651759255986], [12.00654926465994, 44.84507742883821], [12.006103996409227, 44.84514208884015], [12.00608790237607, 44.84543495970484], [12.005953785433082, 44.84559851031901], [12.006146913830982, 44.84596744837138]], [[12.00541195298342, 44.845940824054956], [12.005599716703601, 44.84589518234102], [12.005535340570969, 44.845195338199034], [12.005438776372017, 44.84511546414225], [12.005186636519204, 44.84514208884015], [12.004939861344111, 44.84560231381614], [12.005031060865338, 44.84589518234102], [12.00541195298342, 44.845940824054956]], [[12.001318703883491, 44.84557188583207], [12.00151719695911, 44.84547679827824], [12.001420632760162, 44.84509644649337], [12.000991458542607, 44.845058411176765], [12.000894894343654, 44.84546538776124], [12.001318703883491, 44.84557188583207]], [[12.001822983589118, 44.84553004732772], [12.001941006498946, 44.84552624382582], [12.0020107473093, 44.845469191267156], [12.001822983589118, 44.84539692461174], [12.001763972134205, 44.84546538776124], [12.001822983589118, 44.84553004732772]], [[12.00238091007194, 44.84550342280913], [12.00246138023773, 44.84549581580156], [12.002493568304047, 44.84547299477283], [12.002327263294745, 44.84547299477283], [12.00238091007194, 44.84550342280913]]]}}, {"type": "Feature", "properties": {"field": "33TTK632715"}, "geometry": {"type": "MultiPolygon", "coordinates": [[[[12.003941086227847, 44.85587269989439], [12.00082889241273, 44.85739595650546], [11.997828394393684, 44.8543074534201], [11.998257550866136, 44.854117978697225], [11.99891873242219, 44.85401329555807], [12.002449830438618, 44.854047977447415], [12.003941086227847, 44.85587269989439]]], [[[12.004070411292638, 44.855899848014126], [12.00641623265004, 44.858768297314285], [12.003523052357627, 44.86018168782302], [12.000864452742348, 44.85749345248428], [12.004070411292638, 44.855899848014126]]], [[[12.006494427363153, 44.858837586799794], [12.008331988404715, 44.86113778533304], [12.006826750001224, 44.863631877186286], [12.003581702477119, 44.86026482578073], [12.006494427363153, 44.858837586799794]]]]}}]}