date;P001;P002;P003;P004;P005;P006;P007;P008;P009;P010;P011;P012;P013;P014;P015;P016;P017;P018;P019;P020;P021;P022;P023;P024;P025;P026;P027;P028;P029;P030;P031;P032;P033;P034;P035;P036;P037;P038;P039;P040;P041;P042;P043;P044;P045;P046;P047;P048;P049;P050;P051;P052;P053;P054;P055;P056;P057;P058;P059;P060;P061;P062;P063;P064;P065;P066;P067;P068;P069;P070;P071;P072;P073;P074;P075;P076;P077;P078;P079;P080;P081;P082;P083;P084;P085;P086;P087;P088;P089;P090;P091;P092;P093;P094;P095;P096;P097;P098;P099;P100;P101;P102;P103;P104;P105;P106;P107;P108;P109;P110;P111;P112;P113;P114;P115;P116;P117;P118;P119;P120;P121;P122;P123;P124;P125;P126;P127;P128;P129;P130;P131;P132;P133;P134;P135;P136;P137;P138;P139;P140;P141;P142;P143;P144;P145;P146;P147;P148;P149;P150;P151;P152;P153;P154
2022-12-30T00:00:00Z;0.5728996060622769;0.5504308181057731;0.5272895542504651;0.6180480404333635;0.6482263032836143;0.4774992681672069;0.47753981936131057;0.5865982002760013;0.727248402757143;0.6213390797923465;0.5961582833488849;0.31420678253535456;0.381624727750101;0.4976377115800945;0.41524670336332237;0.6033421867433516;0.5952068275775776;0.5640879427741963;0.5295611053530125;0.4060229303958215;0.7294025563979676;0.5737465695891284;0.6515469565813914;0.4585287280327885;0.601094506919384;0.4346394729041598;0.6647905809463351;0.32622973980020276;0.5071766185304679;0.9394643830005512;0.4015144481954555;0.7680909199934818;0.8256082649241446;0.7238676094276767;0.5437787231148253;0.5138017186309127;0.5258728851690928;0.8090260554269615;0.5479961696237621;0.5417322922602585;0.45100916855746426;0.5164968234610695;0.5637070583437607;0.5920513883868664;0.849585021559551;0.5378658899637027;0.7262469778664846;0.7149707040697687;0.5883999755064258;0.4433757963375188;0.5086619143643655;0.5853877549664884;0.7917279346466064;0.45323403996881095;0.3972275035429993;0.33209696328800536;0.7484121549658401;0.5357504973231579;0.8475061300100747;0.40817711365831505;0.519749533533331;0.6924701743070469;0.46848939328143996;0.4338259087969558;0.5272351581458897;0.40691917499071334;0.42859099372240006;0.40865479926006837;0.6315830126486908;0.6392556685104704;0.5898387370277185;0.3290700089055029;0.476581640272408;0.5499319536101559;0.38055306305854286;0.5348123461458493;0.32111975477250015;0.29255015594386014;0.6313470440103829;0.7855239620119642;0.826471378533331;0.37392546035148;0.4721426783464819;0.42006169773280677;0.5174470234006403;0.4541929842877357;0.5450732057564518;0.4507072760778315;0.48464738164111293;0.3381900514336669;0.4696102372717624;0.5543761954960603;0.6511948859637455;0.4763862564567437;0.5143978775211191;0.4668107261606211;0.7289115230066586;0.5705406604587887;0.6479484460618469;0.6894634492708952;0.5371130960683028;0.6661349479971925;0.4633446730948002;0.510504615408011;0.7645871946503339;0.7995821234040864;0.6216732371735743;0.440205582514344;0.47697207482915427;0.32202702733171973;0.573153728692996;0.557941701404656;0.42743991846076257;0.57176337447487;0.48274368897937925;0.5756787485916045;0.5181263190799815;0.35048400896599274;0.40520729275331613;0.5093908016376029;0.5179578461639367;0.3322234770792511;0.5955597749495418;0.41884333334505297;0.5803698865728005;0.5832427052342727;0.5003911452932339;0.6338615476112186;0.5933859510729032;0.4689843615546141;0.3142803126017226;0.40803769109630256;0.5076881296582499;0.5871144682529763;0.48580880011871175;0.7214691468733471;0.6873282639876656;0.4426275629281903;0.4085372370335626;0.4206793646937093;0.35109000286742964;0.40305702154296696;0.5138004173318793;0.39774946867500954;0.4528495059082331;0.5291874661121524;0.4768674192880038;0.5202365932072524;0.574520179611186;0.5068481181040784;0.5323436311562759;0.5633364169085106;0.43817470970844746;0.5280994647003882
2023-01-11T00:00:00Z;0.31418252507490774;0.30745739921711496;0.43600139613695554;0.46187811353892994;0.5232305268216277;0.3986665079298338;0.3763309829220346;0.3282480621065763;0.6139015807548501;0.4538115939742498;0.5272882855512772;0.2925553571448739;0.33823527987721824;0.4573027857982401;0.3162510027121975;0.5258200337788216;0.5218796546725492;0.48053909278241985;0.40541175665793483;0.3447558450430929;0.4737879495667843;0.4969220910843867;0.404472680405143;0.3362434879246994;0.5404063020637649;0.36016399563833723;0.5971740258371394;0.27013470261967437;0.42313635472593636;0.8237663777761681;0.4279668617188631;0.5641296308669115;0.6648002355748277;0.5394291792714268;0.4701031023922635;0.41454320427019464;0.3637261145194889;0.7822797167038392;0.45754606995093394;0.4705235673344849;0.3779663193866115;0.40590752014476394;0.49050312654462475;0.45102734958647556;0.8451546115904861;0.41687645410236557;0.5634746440796805;0.4780031530584483;0.5062644614154257;0.37688221232628966;0.42663978101207617;0.43020180161829036;0.7820197286422141;0.41948248654233744;0.33443259991550556;0.26556515946362574;0.6202220303445486;0.47107769958722123;0.7412851730951612;0.3932376394158232;0.43681954789767097;0.5664151999060771;0.4123903134125191;0.380001498775333;0.33406870297053387;0.3515556753021659;0.3432909363526247;0.3752646092338502;0.5518094235161116;0.5266698235046794;0.5143799528600724;0.3102236549949613;0.3937123887841995;0.5034401268127853;0.3001027109630713;0.49953634055052776;0.25027187376173304;0.26320696199879345;0.5619930610297903;0.6306469939087453;0.6160789323486531;0.33358455928688213;0.41756447690213605;0.3742443983033518;0.47354801828148724;0.39092531775543266;0.4800305241039852;0.41866310253864575;0.33252162104889804;0.3000154747031427;0.4367010593253513;0.4910326192272033;0.4827931969032579;0.4405202714351167;0.4280117960513523;0.4389622836166047;0.6320759725640956;0.48639577724953903;0.4928837269297893;0.5454962995359623;0.46630392185411235;0.553387515366285;0.42746170806153017;0.4241382450829214;0.6091730556246038;0.6432042729332318;0.5437129283319666;0.4246791826728781;0.3602566478724501;0.3201382860640938;0.5034426228384317;0.45962712172985354;0.3634071021111685;0.48674448800153575;0.4247290293182328;0.4902971051113922;0.5089567462621681;0.3780549273891353;0.3623931874890681;0.4299121346568139;0.5166303008119651;0.3288793468027374;0.5370560912655948;0.41371233685666037;0.5187097837944993;0.5598986659856232;0.44585130995000793;0.4493798764415338;0.5343498630579128;0.3852517622569414;0.32644079860564645;0.41020858652632813;0.4409971474495528;0.4722083402337849;0.41876137939709573;0.4722110234745203;0.5927510235843987;0.4308090045716237;0.3624857905605292;0.36649205898098824;0.34077926094983224;0.35567948427870444;0.4512223111820056;0.4132398884688126;0.3749373004027696;0.49092261456113007;0.43279709260463717;0.45001963240487786;0.44505919095278995;0.46724693683394486;0.5169344984167807;0.4245638265734268;0.3792034186051723;0.4811813709480068
2023-01-23T00:00:00Z;0.5244170315160218;0.49782198656805987;0.5683607319230568;0.6206083339398393;0.6439864880401596;0.4894205373461529;0.4561734630466642;0.5492794540288165;0.6973806396435168;0.5870649253944968;0.5653264767250489;0.3768141807107236;0.4313443952224025;0.5278313410912103;0.41878484020985307;0.5755723440860954;0.6069520947249673;0.5778395007592696;0.5834445521908184;0.42732779036460655;0.7450038970833529;0.6043501542274069;0.6267110784125038;0.4471063496305211;0.5742688604848896;0.4433796437382198;0.5845751350405831;0.2952605015488081;0.5140783158897974;0.8524523000186464;0.5155514511404122;0.6770966780988398;0.7813618295222708;0.7502237848502441;0.522329888897214;0.5842542664770106;0.499126971511582;0.8080858491345716;0.47319753636227974;0.555382331777957;0.4495229898813443;0.5238248302553181;0.6025910925220799;0.5926719647701656;0.8383090546127355;0.5278939655271627;0.7730068931879414;0.7228111562790809;0.5971972224686075;0.4267833742858062;0.5686547599802584;0.633290527542409;0.7855201192665845;0.5381385726186464;0.42761136877068745;0.32161344505464934;0.7486613141198055;0.6036331802514315;0.6890063641563294;0.4360527759295884;0.5179546015793222;0.6778975204741201;0.4832104475065147;0.4798041968512149;0.5717404849219618;0.40004236108773583;0.4656530262887358;0.3897600356480312;0.6461248777948595;0.6379492037128984;0.635866581502721;0.3420751577741279;0.5697652628109933;0.6358618494210416;0.38792930218106547;0.5686442238790327;0.339688637186072;0.3531740119913083;0.6718423692603878;0.670714662049232;0.6891194693720885;0.4274103745282125;0.5082184269801894;0.42119331907462604;0.588654288395484;0.4728010979292172;0.5765306171839205;0.4212745772940772;0.537622745647392;0.35732106421742016;0.4891402927294429;0.6117339715853615;0.5279609330513616;0.47912279804433794;0.5671274962582536;0.5101053502396581;0.7206274447935169;0.6140769967158926;0.5610370486154619;0.7165511751815486;0.5443630890480659;0.6785100519490932;0.48422768879936207;0.52954072894689;0.7507770402343387;0.7804969307449129;0.6312265626864476;0.4830817964073054;0.5628010383943917;0.4010106651296212;0.6001080001960231;0.572061441521513;0.45638690352743766;0.5607671977242054;0.5145016962922455;0.6135745520828448;0.5727094829267596;0.30622401653853765;0.43333340140370535;0.5436071618465227;0.5718612507277844;0.43099736037084563;0.630153827702411;0.45544827642431684;0.6007673691544267;0.6403657246691729;0.5675743158737366;0.6510806674801229;0.6167858525787714;0.5210486209899601;0.3875011743904537;0.4305283995911619;0.5312602259294771;0.6197815396388372;0.45445368152722126;0.7455782144885662;0.8239939051705438;0.48713657373563934;0.43510859349439446;0.4562524393245623;0.3874121508074563;0.43564370163281757;0.5316577477896164;0.48766047656903805;0.4667920625166416;0.5854907550850618;0.5043556871372122;0.5522398621312656;0.6022762284722087;0.5387449774154743;0.5964297606604647;0.5936657123780065;0.4622386739945706;0.5247813318730851
2023-02-04T00:00:00Z;0.28180320648725626;0.38486394488385745;0.45191150329917223;0.4255986240980503;0.3806324916320943;0.32699006283603144;0.274136827634204;0.2962006324780426;0.664429982443004;0.40956455928136387;0.35873108793777697;0.41168775839816873;0.48452464736095885;0.46744213669213813;0.24251694126724033;0.5598601042145518;0.4331421159684922;0.4067137475380903;0.4668652503742579;0.2521300729934101;0.35983109369360167;0.39950388912378887;0.35703124225709;0.2631503872483248;0.5469659352860603;0.32537585668887015;0.5941840497062618;0.2472464456243052;0.3246128459427825;0.8082292274265857;0.5651294561130245;0.46154753072854443;0.610164325836314;0.4677078754226439;0.45277342797648273;0.48148058155115614;0.3928019469565365;0.9791301663314539;0.5732144221426949;0.3687193508442998;0.26538491230856753;0.3191213943725507;0.393798541531097;0.46409241085828734;0.9141703805886209;0.5881763919262413;0.42839754320120116;0.37452345639830387;0.3829293465532294;0.27416062249247763;0.31747407747876466;0.5088611880157925;0.8864547019326909;0.4628352768962528;0.26334154203442145;0.2661057494405143;0.5564936820265326;0.38074200297954924;0.8940656369618643;0.34904417027510815;0.3254670734453086;0.4188697910286639;0.35725308323666555;0.284959629013145;0.3884325574811557;0.3584259232656556;0.2937221307560596;0.4089221666647448;0.37664302831605967;0.39906442016800125;0.39936428054336925;0.2828021495527973;0.4890991941632166;0.5314124632606779;0.23330196614606188;0.44717141044035463;0.24925052447650217;0.2501093138658073;0.4531400174766347;0.5211784470069255;0.5933321064303381;0.30654942574596816;0.3161809323464416;0.300370953750271;0.3793826704737784;0.276735326041278;0.3877939263888455;0.2796126592497365;0.3832464542143018;0.25298217689736263;0.407082465026978;0.3702995373045697;0.503534643793825;0.32602045538872676;0.328436013364749;0.3932379589974254;0.6925522635050755;0.4033895459580929;0.458513044607718;0.4836708211707413;0.39606312712390934;0.5221570670433249;0.314682494328928;0.38255121450688273;0.48685989593298895;0.6040536052756362;0.7214820161678627;0.43397418781950464;0.39401721607510914;0.3540135459007539;0.38043336042243503;0.34504028072730564;0.2723803846063791;0.39730773677288644;0.3608035106923246;0.38026966924113886;0.5277599299588024;0.4087821934055769;0.2945839896135141;0.32012280609042953;0.582853681162784;0.34506290834609843;0.44551870960233614;0.43972787554765586;0.40761371289932286;0.5156852607295247;0.36696692647072315;0.3626958764578323;0.440934589064103;0.32069525519261183;0.35332200358929244;0.3578012325650836;0.34871524218596567;0.3847187340214397;0.3772404405590592;0.3895825725442693;0.8870553433895111;0.3724662103810557;0.28802692250365053;0.32010087051561903;0.35953186423893074;0.2910359653626558;0.37331829294199403;0.46875926762892967;0.34402264331704047;0.4050072750728497;0.35706602425575257;0.34197379970624125;0.4281570074737102;0.3611174744047284;0.5324246286345808;0.416818559819298;0.2747179590349851;0.3707260170780311
2023-02-16T00:00:00Z;0.24108726487484883;0.5098205260034149;0.46551769162708173;0.3737748367516128;0.3312316490524265;0.2952181455537618;0.24111633340501115;0.3088879463286772;0.5660772060708713;0.33105752427552454;0.3358007754580694;0.43084364279922915;0.5567168232011728;0.4263180098419616;0.21118958875324673;0.5013625589832439;0.3804345401839711;0.38423068887584605;0.5156785356296697;0.2051899047280211;0.29139209126048676;0.36604771046912615;0.2846450215667083;0.2428810258875629;0.5321252962042179;0.3134942858814843;0.5161582730158958;0.27552029592715366;0.3147683849166723;0.7990781312153608;0.5304379101435188;0.36696604368847446;0.4731247759840671;0.3508156210906;0.4976462329625441;0.5536701326022448;0.46434019784830566;0.8767611753964235;0.6549555335329612;0.3421502833057143;0.2999754698565429;0.3711582400265382;0.4099983898009184;0.47556988780720616;0.9853041772245433;0.5873204788991383;0.36267440971085635;0.3337462380952467;0.34336549193259047;0.22657859835066943;0.3328146417604735;0.5464050849538663;1.0660618799073356;0.4981745885354336;0.2551199422493853;0.2643455685439335;0.4575768865526177;0.3596762083001641;1.01031391786046;0.30042608096580237;0.3221969430435093;0.3781495233893838;0.29029137181347053;0.2855193256579264;0.4794922954334497;0.27856908613613746;0.28407032934891535;0.3148625790346213;0.4490880200728564;0.39161022883235364;0.366974837634483;0.3211184109749455;0.5511193729501754;0.5670202373549542;0.22421694046947765;0.46431780042483817;0.20583733396159942;0.22935770120226093;0.40930027172896694;0.3807429506335498;0.38356399331693325;0.3102437686201986;0.29353044195006595;0.3293096921990193;0.37710231713864995;0.2941584688747868;0.3878275000817793;0.295978135406971;0.4775197007559681;0.29123610635366204;0.37545537435271176;0.36666885572973773;0.34288451631253825;0.2957944582803714;0.37406423751950213;0.4220952837486828;0.5931534534134931;0.37283492310520217;0.3178093466493819;0.39348376001089075;0.3995328256637571;0.4243374024263011;0.2763739611749371;0.3423564651544727;0.3830139460462552;0.4513483415832143;0.8976636525017015;0.4258852061306196;0.47505623708446165;0.3952085418685986;0.36617833938360733;0.27334791938161085;0.23682419259746434;0.3680447965113233;0.35433048687357344;0.349424691572359;0.5728366819785783;0.4522831401029547;0.2663199220546138;0.3414666369345206;0.680772114447073;0.3949109438120332;0.4042707657748073;0.43537949188307384;0.3800460321580722;0.49986226356273006;0.35458727450611227;0.46596108217164717;0.43939429448426137;0.33769230204178685;0.4019677676174352;0.3907964355052452;0.3577857291778591;0.3553615699909731;0.3749490917293946;0.4135605748536067;0.7683804772667966;0.36030439365382594;0.2680920590294601;0.314406680929836;0.3742950007888833;0.2663094932447855;0.3542457082481872;0.5256636409977803;0.2902471665077323;0.34904693421680494;0.39371443234682085;0.3371755929537121;0.5052507858887669;0.3188163107072098;0.5178954263582671;0.4590466826757051;0.2642441601277502;0.3196452706742386
2023-02-28T00:00:00Z;0.43610448114472816;0.42506858010361664;0.5561147381209413;0.3761428825579878;0.3846589450921976;0.2965953899821997;0.3341619526878709;0.3988902663415618;0.5146196164888985;0.3882277460500124;0.4115664649874123;0.5662915824335063;0.6805530318362508;0.5251830673600795;0.2197274751290008;0.4831571655810145;0.43087828843300363;0.4677581082841751;0.5890466516449521;0.2290786692845828;0.2882284467257765;0.400099732635314;0.4588471722494573;0.2573804495696836;0.5372100147113295;0.31110304708481434;0.5313697176577915;0.32785105082685795;0.2997525261435955;0.7972077399390896;0.4926035411655903;0.45699766169545986;0.46786403979862756;0.4019456755785336;0.5329279959193819;0.6201461112068406;0.49748840307695047;0.8844798633656582;0.5862311596721711;0.3244212485466223;0.29226822163583566;0.3401434138777341;0.4322692087708702;0.4623940952362553;0.9242841993017417;0.5641920897214008;0.4710261783181108;0.4440290592989269;0.3567082529494522;0.25155130267745374;0.32966256016942813;0.6092148790235862;0.9395914445961675;0.6605323658076131;0.27539952445674587;0.365030134849566;0.49977053327037907;0.3777287054095375;0.908362544844487;0.4052031676655555;0.3381455755995899;0.3714126870105433;0.3013760634716725;0.29763088886851125;0.5076471151116415;0.2961208170352632;0.27828242612861787;0.32961393574538633;0.42423986433135286;0.4378629755833156;0.4043629879715275;0.348019423051959;0.6315633009969558;0.6621503463658224;0.26256885881748454;0.5188148497006531;0.24754597163664172;0.32081546637692737;0.44935565474240674;0.28744686322932694;0.3621458474289184;0.3939020869123211;0.3076001356486209;0.3945988473882224;0.3283289098678035;0.2932949149427558;0.37874339504488586;0.3326485993867182;0.5677559129604927;0.3837296196434612;0.4751868364738412;0.39541617618878117;0.3739173248629021;0.3156769592602277;0.35951489294809685;0.5125758949067168;0.5496114008018428;0.363976906028796;0.6081903006994362;0.3875639487595946;0.4091650717574636;0.4041262383397122;0.2918212758136579;0.3470781406647636;0.28582325769603634;0.5268607654354789;0.7552052642788647;0.5524112523253474;0.5060820497982849;0.47696427787173035;0.38138709209211497;0.35247083628527653;0.2932038414123061;0.35003967834001576;0.3072487075968335;0.3612612517051796;0.6929557069406255;0.4570709042960689;0.2563443210885598;0.3277631189157493;0.7186523404813582;0.4670106307182728;0.38376081578385357;0.4455336825961762;0.44696107492264775;0.5872918589545578;0.303190181383833;0.4621043570307703;0.49009248311703024;0.3408427386093029;0.5214622087577421;0.5111424706343426;0.3498446172396586;0.3717195030168844;0.3625106043041204;0.49753678438037335;0.8799454472188292;0.5090028900275411;0.3105311495827665;0.3060320464121423;0.45934327704303746;0.33353188298500447;0.3640405669839367;0.7109324009241335;0.3005102045804538;0.39593589398930273;0.4011267176229986;0.32833595169179236;0.5751375789902633;0.3711686511942442;0.6756879484748026;0.5331730388342051;0.3230629643036514;0.344334143473125
2023-03-12T00:00:00Z;0.3915390310621043;0.42458410358854703;0.6198759046781556;0.5175350857031596;0.4292334049037009;0.31493148662204723;0.30797502706567625;0.37755492295556503;0.5117085528957075;0.4312725061263825;0.40506040379405023;0.721762839492559;0.8505302458512196;0.7452384590352917;0.2708785991266507;0.4317853290609971;0.6038812096749753;0.5703975910291565;0.7390609103529705;0.20067234917343743;0.31998991653256303;0.4038711102322695;0.4242992616138405;0.33118041877440996;0.4491197837121559;0.3229374062773749;0.5185404889901778;0.46532863933435026;0.30967878614691025;0.7893274117957666;0.5114377492869103;0.38477647916889496;0.37011334278526653;0.3917134735221425;0.5556754295141966;0.7867884387814665;0.6303169046906789;1.0049621254957022;0.6628349676491723;0.3139286930662767;0.2642550780837025;0.3339003045661672;0.4203266883396531;0.48153534159064293;1.0450877714902163;0.6480136591376681;0.3967999021493839;0.3877750694098074;0.32946041335458787;0.24102532985540653;0.33890139147713;0.7983179077044756;0.9691154728046595;0.7875565797373464;0.31316376558003517;0.5176591492361493;0.5463313027977195;0.33672124054341074;0.9211727910041809;0.3883545753878478;0.32371323187678047;0.41622593285702864;0.3966755497567306;0.2942866959517271;0.6369300922544026;0.29514728378224847;0.2763829634628971;0.30484180257113086;0.4448623019278487;0.3888146158965195;0.3675859380995526;0.48567821551882595;0.8184710576272136;0.8605245471614043;0.2403485920802697;0.5574837901560574;0.22757759421164062;0.47713526229107145;0.38782165493253323;0.2809236626708347;0.37772900844137;0.5109909747364517;0.30588059203669926;0.580984009669085;0.3570401238509312;0.255678061137228;0.3744656973901917;0.2968159204226781;0.6625588504822639;0.590598542630643;0.6835722647208449;0.33313863168089913;0.3212918432420796;0.29752769104853627;0.337734119545921;0.6901765400872512;0.4941935237593317;0.3683771105348266;0.4669198942223878;0.3955069381123923;0.3899460615051322;0.40880197187957035;0.26640613649474226;0.34283104062735037;0.2777320184647465;0.4358181784798185;0.5136689115171098;0.7589705190405048;0.6160656262411723;0.7266563087133232;0.3393006890364315;0.33685657590353313;0.2741203321983198;0.4271123342509015;0.28559794223633006;0.38108251352966493;0.9350290569727635;0.4546700573541173;0.22573608292849687;0.3420490567681562;0.845496756773369;0.6482772214562319;0.38927561025077145;0.42629785498692874;0.4179638545960188;0.7323770442190108;0.3196463904210499;0.41092865053612276;0.48029957133341056;0.34965543946780836;0.7052893918359243;0.8198567131657306;0.33321627305504337;0.41191674192788524;0.3324805104135904;0.37938328021236006;0.7691121109222111;0.7299732496877622;0.310811853391971;0.30061272844321907;0.6868498668619262;0.3489241472559406;0.3739598713898112;0.9944314080462026;0.3146614080186051;0.3454525374272947;0.39129720638998994;0.3367790064954338;0.7478795257244727;0.3309845167738588;0.9875818333237163;0.6413153050830815;0.29999245004673586;0.35242040551100406
2023-03-24T00:00:00Z;0.48383654032017487;0.44057158922119966;0.6852764969418763;0.491110792747131;0.4571912325467124;0.3196031863921556;0.3288636661814202;0.450382707521406;0.5039036382524417;0.4058915562848001;0.39948884665074935;0.6880344465788489;0.751566946876197;0.9102568950498593;0.40169144792502526;0.3914313463112676;0.8028404494853913;0.7467964738368401;0.7146970323881914;0.21381840890504733;0.41926278191926275;0.39716473334882163;0.4221807934187509;0.5241011512332995;0.3896161702821454;0.3065601189123921;0.49668731178663006;0.576527087969972;0.29886226183910414;0.8707354435827297;0.5441082107661358;0.42712932098723655;0.44498682534847983;0.4535968987581063;0.5371734302490949;0.7056578542226271;0.7251654956496602;1.1265382278330471;0.5986316499761406;0.3335395550969485;0.26202545108066666;0.37066461442496945;0.3920179918745768;0.5586453102669626;1.0512294539753695;0.6685944926481585;0.3897618398267515;0.3534670630526591;0.3246363438369122;0.26665479547075943;0.3391150546146902;0.7931221272714337;1.0227402128279208;0.9246584344155039;0.29602111611145904;0.6812646720636382;0.49197246270308354;0.3636482959189502;0.9143971051186947;0.3567956404529349;0.266659960439012;0.4473745191235875;0.35577902266205513;0.29195850946837;0.6984710843559383;0.3620425025190132;0.2884552121803374;0.3013484307264086;0.4208185947162506;0.41000234124959384;0.3408586538344884;0.6880839341597531;0.7813030702850716;0.8261363539383193;0.24225310225454003;0.6152415801568434;0.23873949224255217;0.5922067558981086;0.4120540822954233;0.41792671202430015;0.47090076280997717;0.7614618714439835;0.29524912514908447;0.7272194699480616;0.35059818662232567;0.26649534357463267;0.33098351762820755;0.3367921045170196;0.7010567203682991;0.7663035692103142;0.9354719912049442;0.3442386649199215;0.4130757493475958;0.30714062104965023;0.3496093773552801;0.8824031371552989;0.5153348054242345;0.33173317442216527;0.47851924910846;0.5422190363471308;0.3657764049012682;0.42910313756364526;0.3237066739812273;0.3472730880307151;0.3737179503872711;0.4246836757839469;0.3348904113588059;0.9404457524594267;0.7045803717105094;0.8795028377285204;0.3202760551853672;0.3427387383885433;0.29821989710412855;0.4066891356474823;0.3125127219705991;0.42856475905463604;1.0423796593440378;0.49793770368739676;0.2604408606036723;0.37344207745208696;0.953238900469952;0.7731662216032865;0.42607249753367216;0.5144632268976009;0.4922764460414143;0.8535366252372412;0.32348542510898726;0.4071488770685429;0.49922705683199126;0.3147933797060025;0.8055944706029117;0.8912466728167359;0.35154808099853146;0.38815934415568004;0.3302738072945755;0.391141348322017;0.895174280070422;0.8764588720208132;0.3118356445942067;0.31610758100442;0.7570891569733953;0.3321773703828096;0.3639438657429613;1.1200299220425742;0.2819521695747479;0.3448863483343447;0.4040571943531965;0.3266136350828887;0.7771545501754564;0.3491963949365823;1.107692046263596;0.7299544426323414;0.27957904520322713;0.34646273607020855
2023-04-05T00:00:00Z;0.4821936503599543;0.484426893186655;0.7219644737271321;0.47486006163329963;0.5327542195877721;0.324173207726338;0.34239111007898265;0.49205501449460004;0.4430209881676709;0.4299867324496849;0.42629306710103587;0.5642955663216539;0.5604020746611729;0.8051107329676321;0.4649594319015741;0.38622996941566823;0.8503358546876811;0.8175053880392301;0.7725345035928521;0.2684614438308156;0.39825857368908674;0.4119931296245331;0.5050786894432215;0.611405245290545;0.3464945444476701;0.30149903044048554;0.49142089592826427;0.6335363087788664;0.3073202371041193;0.740221701574843;0.5930351465940475;0.4513798687465718;0.3920264068425375;0.4307806066902864;0.5966551572725337;0.7749656607578327;0.8281703429182777;0.9513094565191448;0.6451598657738595;0.3262393948542048;0.3589651484927067;0.4427172353583996;0.4151554716758779;0.5265115613363823;0.9988279435553669;0.6823362575435057;0.43151984880178174;0.39975386450381634;0.345812519429255;0.3500475717278627;0.3675814007416656;0.8333236815655126;0.9843837651125903;0.8385875585510975;0.2934779256556529;0.5793544214867712;0.42249190160850497;0.3284248181302396;0.9211201798749267;0.4139846448040656;0.23513283824562783;0.47151803263398107;0.3980631449287283;0.29626455459925505;0.8444423292269992;0.38674632225443883;0.24002119320213694;0.36638926380918546;0.4373204136542868;0.4316906273931439;0.33003702659729856;0.6769061206575108;0.8720061871249514;0.8676334568598155;0.27615202642507125;0.5772856896781051;0.2566276980039012;0.5622105883497659;0.45134758569782585;0.4796909568686047;0.4752990391192596;0.42665472413812366;0.28747636546745087;0.7322183240285874;0.3814117830799693;0.28151683594104243;0.3155130494234516;0.3895180470357507;0.808676085913014;0.7658367484954417;0.8261979219010862;0.3416365397758387;0.4340730127317819;0.3415487974973077;0.3407437649872372;0.5612997081788147;0.40161804760711145;0.3236337944993333;0.4251975770535751;0.4622633375705929;0.3781757720659206;0.38930554612406293;0.36988536341922246;0.2899450464734309;0.431274819174224;0.42639180857369763;0.32753882514382743;0.8107944010642826;0.8148905240314107;0.7827478359123198;0.3660009782110574;0.3731429036685202;0.3087738095387838;0.43674522985051545;0.2828259767501836;0.4463945458676721;1.0365020129145104;0.4889417371853222;0.3146284616886278;0.3036536606652278;1.02727770390634;0.8994969988873065;0.38064342175566507;0.5288434388189851;0.4949342094720592;0.7878223240332515;0.3481216402108198;0.4163593401181509;0.5144573784095953;0.37653035561162707;0.7736964758591535;0.9031877911146817;0.399527694693443;0.44593355642575205;0.3651430972642419;0.45750318016522346;0.8556787949382213;0.8837260176177434;0.3649167913414503;0.3706322392789988;0.737539724008154;0.38406646928396915;0.3646714115594091;1.0190557233286441;0.3086983465544002;0.3911155080031715;0.3801590622426531;0.36210622693347855;0.9021731602072867;0.42082091307944136;1.0385855209307382;0.8411124437116086;0.28525662199813867;0.39879026781565885
2023-04-17T00:00:00Z;0.43667638772124545;0.46062177462543513;0.7943631612294922;0.45808351679150794;0.40931584547844624;0.2563508793969307;0.2745083195787101;0.36785809661130653;0.3626678543167525;0.3955479356172617;0.41205765900512537;0.6189633211377332;0.5872578425351552;0.7512420955601468;0.35005767244709024;0.41401809035568266;0.8706968602258899;0.8077578428606468;0.7922935468146443;0.27872774751832413;0.38272371488222806;0.37602496002393154;0.40147133052765904;0.47895226334147745;0.4669641326665878;0.25129608255913316;0.4693009818687379;0.6440621164638078;0.2521223868970837;0.6409543039136351;0.6090528495564967;0.41658006059045943;0.39040162167362796;0.40968907132540666;0.591634151653113;0.7923939544482389;0.9637735026637089;0.8076033916270163;0.5192660198058232;0.32226615969689393;0.26984972894480347;0.3387081983422532;0.3981306443184467;0.6058899963067638;0.8162534263204125;0.5243057149757699;0.4064349739876374;0.3539988708544454;0.33453229913549665;0.27390030509850033;0.28526632260322177;0.8554428873858491;0.8738398799587388;0.4176091142646133;0.2691698765890816;0.5456369237046734;0.3975853383095213;0.2934576152599194;0.8248456216952651;0.3148021728472765;0.188388383494571;0.44200077589227366;0.3706613416825958;0.2344849510372106;0.898767622148507;0.35739830605821626;0.24943527905800597;0.3545481084362812;0.4390906525614095;0.4320331706591715;0.3526824661777081;0.632366106030158;0.918169577582964;0.9450278894473642;0.27608690522212814;0.5434311475246486;0.25097205746977935;0.5457476563221262;0.47144640900677054;0.4432246788058962;0.39421817924379565;0.26637481027236143;0.23239759089991968;0.7650111681052448;0.32928978757097804;0.34654472550971016;0.30606026825176635;0.43674273345513864;0.9172173401177179;0.6766713446971825;0.826185038722891;0.3170139527837422;0.37289122980812317;0.3250594221282379;0.3333995697622219;0.37041068131535154;0.37566229200499124;0.28440533211943125;0.4218375926914294;0.4391646297010657;0.35019244522019544;0.3502619385880365;0.3400340908194629;0.27489013669952567;0.4014311213643652;0.4062183415523674;0.31049575729423323;0.7235779775282755;0.9473290195087728;0.7844475574369343;0.28025695032923503;0.35183155897713264;0.38435604606417406;0.39640609961416984;0.3004892280755459;0.381185892675233;1.0541648050991468;0.48103386404960324;0.32151292715189356;0.31692089375006094;0.9868745555643176;0.861696620172318;0.3675437409183192;0.4781448368294911;0.5112549554598466;0.7765871433451874;0.2860386702077578;0.37766354498475396;0.45746489288715214;0.31426542377163175;0.7815158958431364;0.9688139116736041;0.3335905758279576;0.3900661689496127;0.3525498038215754;0.410625181200828;0.8992856118990027;0.8831973127550107;0.37147200463063057;0.4222632759548478;0.7336377587450629;0.4388272531835229;0.3255602374460608;1.0327485708670532;0.3643575815830366;0.3981285260804638;0.3608808518651873;0.3035790975253315;0.9551626071163823;0.40158347043926684;0.9648667049571509;0.9481644132856007;0.2786550590674721;0.40626376987457274
2023-04-29T00:00:00Z;0.2768009576560651;0.5919359530721392;0.8636606372317487;0.5060418818940271;0.34581429452607126;0.2596961978384181;0.24488312917213695;0.2650221341909567;0.5017084630812414;0.3067507186716576;0.3144383709971017;0.892334768407421;0.9029829247969062;0.735029442080531;0.23110245989832148;0.3731775288045495;0.941764450142773;0.5723244557792285;0.9326107787934806;0.2986030658401061;0.37313759062459784;0.30752736484440385;0.3338682247258077;0.29630603920572746;0.37197155670756815;0.2722743671627685;0.317377130044075;0.6379498623053863;0.2731734237692255;0.7303409274581754;0.6951181650465849;0.3645268037531509;0.35035663115402027;0.4010855700391629;0.6201466953242774;0.9252679006665377;0.8386146331756121;0.7170751667072793;0.6800555800279927;0.2978667019343639;0.27003316531154287;0.32348703764704606;0.3872405595152853;0.6100976787648111;0.8122534896686392;0.5659185127893601;0.35191695221647645;0.3155383461770707;0.3736910955311442;0.29634424844179824;0.26234414692200975;0.991356720395261;0.6335787906354626;0.32121017264140833;0.3347201267981218;0.49155143385512695;0.39115307898401647;0.29135256519184805;0.6861017599054005;0.2477630407324395;0.19420564594818393;0.33381811490289354;0.2751295597969127;0.24763655500094456;0.8040508244916846;0.3056103380944617;0.2760251289081021;0.3234952641553275;0.3349804177827483;0.5662035165556715;0.2825781073919814;0.6597946288116266;1.0508206789381802;1.0959563909197954;0.2578208241978015;0.5225632197387816;0.21724624816330723;0.5076765958831138;0.3733754492867952;0.37603996536622164;0.2982179125276032;0.3092040292886797;0.21350045356547112;0.8465913040788376;0.3076345527437569;0.2667149250225118;0.28990679000986447;0.348601945126668;0.8089736217320538;0.6416904505004916;0.8770830262180599;0.2682401471045837;0.29113209186485706;0.22444188543704433;0.3292280798610434;0.36418816365366513;0.3738390982963024;0.31207827722368797;0.34089268317714855;0.3672901817232944;0.30953989500521334;0.3269451594155425;0.2709056141584733;0.28679864529995674;0.3153557904265104;0.35082878320744454;0.20912428346341805;0.8560529646963991;0.8340993012623681;0.76207481820115;0.218923485490911;0.21852272356085667;0.2856239761161062;0.46049128295410247;0.30534049899918647;0.28946738903391456;0.9541615853903468;0.47915672172084534;0.2552452605655816;0.27965932911083874;1.0130508643637899;0.8526299221121616;0.38380190911140066;0.4165855971124509;0.5923487459872402;0.6498449505821592;0.3074624638891481;0.30116136582381103;0.5256656898806492;0.2917326725846314;0.849676044021959;0.8562302501455346;0.32713111245554877;0.31156414571096713;0.30579509852238135;0.2999286630189971;0.9323702231697414;0.876823036037178;0.48891343135394905;0.35662041251131227;0.6670663805906744;0.5548515349390241;0.38718644746674685;0.8065112809832251;0.32624340025328036;0.4895021507705653;0.4101708253751473;0.3242445821544231;1.056717524112917;0.45460318907088965;0.8256341148536284;1.0418952281210108;0.28989101971808595;0.43807872017983285
2023-05-11T00:00:00Z;0.23552439739489886;0.4724154559629304;0.8952480744474505;0.4629966005369708;0.3784061414424819;0.2425337004762871;0.22206128997929667;0.252882864347587;0.46025557706383524;0.29410997851794196;0.3919455537764337;1.0483767206041743;1.0429788773308297;0.9400853337785462;0.27839067643006404;0.3798019623738536;1.0318638115461682;0.5447195481826697;0.893818760570657;0.27816033843665194;0.4079144595201813;0.24612089938718695;0.3941171462510849;0.34963998666354035;0.2733374466789105;0.294889940823729;0.2462729883650166;0.4281958345246023;0.29559205716464954;0.6606502048768342;0.5818563184572156;0.462190738176819;0.41203026613834437;0.4936029210894447;0.5874091273852748;0.8929750232386395;0.904535122915005;0.6881272449713796;0.5901087768494137;0.32457351453400946;0.2142965117121254;0.2680447596279977;0.35522819590568544;0.5732384741306304;0.6929867086162327;0.547760639317108;0.4600532827196407;0.4369152462961807;0.33672452015822785;0.2588713416700277;0.24195895989080204;0.8942549584203148;0.7081638325612766;0.49159054796374035;0.26604271502012844;0.46621070001964215;0.47770554518650554;0.34065900542292604;0.670043135762598;0.23804911007424315;0.25486437569555015;0.39803835231204365;0.26753737463079996;0.202005265567598;0.8637350563949633;0.24794965873242264;0.2920388282197722;0.2958650003799593;0.3101259718422269;0.5078944217337191;0.3234532960809363;0.43207597693923966;0.9721235603482119;1.0033748968010643;0.2854588876432598;0.7184559499713895;0.17937270030040045;0.4863819941550821;0.42305187972922575;0.28838073057455477;0.39310597247929496;0.290497849420372;0.2031557053664174;0.5899204056076852;0.2553416775419898;0.22134547176319438;0.2773299994636541;0.2974381631818311;0.8203336002385577;0.7625769926239669;0.6351712512360642;0.2958375946635071;0.39782215893010725;0.3552689268619532;0.29028804592868623;0.34864940556935176;0.4990240826071905;0.26715131483336046;0.3543682142969005;0.3856598405141472;0.28205067462486616;0.42860778111220443;0.39700793657491557;0.267597801913398;0.3810398227392431;0.5152212412778928;0.45143920871335713;0.7697260132600842;0.8046735028086054;1.1369280891336557;0.21847379158588776;0.2524011522377182;0.25323470886046195;0.6001696998362421;0.2534460012434271;0.37368282241516443;1.0132629778776883;0.40395738809571874;0.21580183737351885;0.26602806625139974;0.9652487399516168;0.9199992566679914;0.3786740967428894;0.49905940656058134;0.5885016729602706;0.6600803901283858;0.24501291190961508;0.30038308942082914;0.5777874802421546;0.23382702999788782;1.074454888908331;0.8625223886989134;0.34210580008460256;0.34378320337045;0.277773071375102;0.37249152892007;0.89022072469979;0.8865143009770423;0.3735522641992522;0.26890880232139563;0.7082286680970237;0.3592954844503074;0.29634328775832225;1.122976063541424;0.25497437369478637;0.41590785554294424;0.32564579199948945;0.3047095225314045;0.9434564590151924;0.43625419453002406;1.0970896852634302;0.8781229703851671;0.2998661695548617;0.4651879731688657
2023-05-23T00:00:00Z;0.34470819313728607;0.5598474506666695;0.9633032082118721;0.5693656497813285;0.3238356912978972;0.39841943410233127;0.3749840279259532;0.3460332772623409;0.4287134753937405;0.2630679232438727;0.3156687951887036;0.9981371181014829;0.9957211209450654;0.9052130935846803;0.2930749881677367;0.35714868337668776;0.9808366452120949;0.5121090961374004;0.9509281096149859;0.29030180700725294;0.3024922725384365;0.36888085151295097;0.3673120726496536;0.30965947942286265;0.26042936117369303;0.4350226803093183;0.23868883039872602;0.5902614872032237;0.28237313922025775;0.7930700227516849;0.5794215826355681;0.31218633607262747;0.30729911281562766;0.3132024367739655;0.6668806330594627;0.9560534940908832;0.9610534437147695;0.5881887532833243;0.6281673080391355;0.31167058472402226;0.3340533376122918;0.37587223876743514;0.37381224074862024;0.6908188386721545;0.6387802477085217;0.5924075832733742;0.35809086373538507;0.36960827743680014;0.3692693784506849;0.5180029091095133;0.3843464390620874;0.9358569523764134;0.6400759428351244;0.38162071605052617;0.4387004314932584;0.6115240363082232;0.5008705486949372;0.34506711545365354;0.6960014291680776;0.4153317669127694;0.4544153915405129;0.35600965096161713;0.2561421141884045;0.39700738073178804;1.0473125151036822;0.24498486629906635;0.31960224826780914;0.26526821634467546;0.372451426411383;0.6780757425808976;0.32532744770869615;0.5106422150773662;0.9881795405481566;1.0043497434961204;0.3711659579790337;0.6239880322633143;0.26341854660297154;0.5984175586309589;0.49193296948652393;0.2903024752759348;0.34947360619712786;0.2814497060377267;0.2889305861992499;0.6155043976066853;0.32460129153202055;0.33043339037355945;0.42663792108978366;0.4267367960853597;0.9412835257788155;0.6477350072210912;0.6666181359335478;0.4598792728045449;0.3252589966590215;0.2678150017823848;0.3698686565283388;0.3729862462180044;0.49003631276288157;0.4683072112055992;0.3389210013217579;0.36501084793387983;0.4667928514422691;0.28671829533576965;0.5296695001987325;0.386631148245123;0.6317683067748732;0.3672281630366342;0.2133959109493686;0.8243285574358761;0.9462815255184166;0.9985032030479077;0.28240399118310405;0.3577805368619004;0.3523114055525743;0.5169590281291028;0.3036988031897094;0.5607140912387717;0.9915922057975987;0.42758378046380596;0.2558007620032725;0.3920816622198607;0.8957588059342559;0.8485828706161008;0.5740755285574798;0.5741507863769164;0.5848095865299304;0.797607199500235;0.38590795882292933;0.2825607767579977;0.6008520031517203;0.40875497874334404;0.9855425414868062;0.8418359722951451;0.5528086321558341;0.29770413826714115;0.3912120291304265;0.3778945907431642;0.8474744044501206;0.9272657159406068;0.34168963570391225;0.424499200097321;0.6905336760193388;0.38182344204691865;0.494109915043334;1.01057269033229;0.3496450420606928;0.3964431256770271;0.49132349555151533;0.5387099421822928;1.0306943117621097;0.36817007200466434;0.9506330949337346;0.9798148037786255;0.4265642431398174;0.36753762650880073
2023-06-04T00:00:00Z;0.7040666284064901;0.9043713576502079;1.1216192169818326;0.6595986941547105;0.5714365915818648;0.6523194270498692;0.6988493114426022;0.7262299679257763;0.4368802120322053;0.3229088485468504;0.5470755553829509;1.002748282173257;0.9646311516660568;0.8689007944828291;0.5380634089924424;0.3823606400952318;0.8311935788936841;0.8574469847718215;1.1547554931226267;0.5958179738609647;0.2918361797980247;0.8775482524582681;0.503994718953851;0.5828177617148743;0.3234862454630085;0.7525231900981209;0.3083744559188371;0.6888845469855989;0.5464538894395773;0.8825220315127956;0.7298440221621065;0.6420273084862315;0.529087184907005;0.602542661731872;0.6646026115060236;1.1279145079271848;0.8633521393712381;0.6019176761430454;0.5841998743914789;0.44209838465946477;0.7922627798499334;0.6255646929985086;0.5692865241446422;0.8303475825598946;0.6899763026652469;0.7369534210828831;0.2492002343928272;0.4810278759430033;0.5575589853962627;0.8537953653331964;0.4168338103410515;1.091892592545286;0.6487415729996481;0.4788928950002408;0.6572911898486863;0.616203817424148;0.38832694506433246;0.6198918105676733;0.6742768257947788;0.7095319934289253;0.7834540361937185;0.4277813738642629;0.3225508140487559;0.8179081067277159;0.9526759681708001;0.3134723934139793;0.7656367139825697;0.36126006562989244;0.4092335034578005;0.9702836772393898;0.6061864964196427;0.477408389658486;1.1071065912812017;1.1177901998350348;0.7180532992067072;0.6950268028537843;0.39974058908593063;0.7310952733448945;0.48835283799663837;0.26639754017774214;0.27227534891778155;0.5456427330266957;0.4840527214860359;0.658372764874257;0.35066834069848474;0.44824280750428325;0.7685242271445243;0.4468146557525053;0.8324309814646144;0.8233883309252523;0.6318028276166301;0.8683559140531344;0.4376979202313937;0.28337889693726315;0.4670294031045205;0.6444437645159815;0.43244705848665654;0.7988829603656927;0.30176175204136496;0.2949850568837287;0.789863796962474;0.32377542010861693;0.25501703790397495;0.6448413904505867;0.22412097721013344;0.4032810991105725;0.1948767275668069;0.865948116186168;0.8283888480291893;1.0873495364992976;0.5889432211447021;0.41032300313531256;0.4274080998597354;0.6248198423513585;0.35861152635873433;0.22522915484834224;1.103396718417949;0.44369271800776144;0.3286222020610118;0.5479131932402667;1.0192305218788886;0.8435686866895786;0.6749000164254977;0.5430259959589149;0.67032634113088;0.8593432782591484;0.60713917164155;0.6049509519983421;0.5793905852849667;0.6802311359453892;1.0333739593809337;1.1283581907715854;0.811329925986012;0.3197101223290399;0.4069604994843921;0.2938544332153267;0.7619640973664946;1.173210373885681;0.26730242315742503;0.5157235947636155;0.863913217870187;0.3826451998515025;0.3921885470576822;1.1954094931133303;0.30184874017544516;0.4345208583941862;0.4128807062884156;0.8389636235254111;1.0982624324078256;0.4026699117137986;1.0556372644081802;0.8549381166304563;0.643382051862644;0.5542402008533786
2023-06-16T00:00:00Z;0.7599360578766106;0.7101304839918579;0.7205985070077413;0.5561731003450625;0.7870413815734363;0.6996714603272068;0.7299228804310163;0.8207321245893616;0.6455803520312188;0.2984550529432417;0.6592726409932806;0.4126066331583114;0.5126748567402363;0.732010192261628;0.7186100954462388;0.4101860179694113;0.7460109651124607;0.8144598859772428;0.7795990052308723;0.42204992189962115;0.3240759905282336;0.857370253375508;0.2431357704919257;0.6811126235364168;0.4196537956070732;0.8087138741758446;0.47430317024941104;0.6561254660573547;0.551422448025458;0.8508221863759713;0.7830919997929806;0.30273554116786167;0.2608174482712432;0.3325553492292625;0.6035451245827412;0.788091450176619;0.7902543282938224;0.6377396894746037;0.5693021610615745;0.46526578727062806;0.6413218873690386;0.6343390621940982;0.6811965953372137;0.8454054967618324;0.6687616711173464;0.6288398902404948;0.3244761774623343;0.2979536856869637;0.5671488506547235;0.7205952728862863;0.6202978498556397;0.7257506589106472;0.642964498369417;0.39944898635846404;0.5985198971285269;0.6510739267976196;0.3847051465450084;0.6396556252391083;0.7359903335848951;0.8278619699357521;0.7408384049428258;0.44505490903591;0.4249643161742577;0.6726566764869188;0.8039785900385277;0.484290476981164;0.7695085698867962;0.3924626274007566;0.5738996226099268;0.8046888492324136;0.6810730464851676;0.5118323180781895;0.7534587695687375;0.77793761932901;0.706685981513724;0.48745227275633435;0.4563320284987998;0.673532791818426;0.5853206153380508;0.36603680129697863;0.22326502294265896;0.6957498275336217;0.6394424840597616;0.5907018050390873;0.5104791734384776;0.6727813697335395;0.7349426592911751;0.7306330256164074;0.7554644567967341;0.8520901745296335;0.682332648833398;0.8201730417232986;0.1997121998991447;0.20738912213178406;0.5770098358043994;0.725534558258685;0.270773725688803;0.8302418572562081;0.5542531268919645;0.2483488703571063;0.8525103031880223;0.19736711189975484;0.37734016255619135;0.7203604770124239;0.5131760583914697;0.5087644558506205;0.32804521961160527;0.8207938322477818;0.7015446797297942;1.0447649026182806;0.7519852708025676;0.6695177950162197;0.6014678438924492;0.5578477058902093;0.5565894024754688;0.21740391011282265;1.0921537295214532;0.43919949963470456;0.5834132300939782;0.7196457069598471;0.8616709843851053;0.8827538799816923;0.7313495926569267;0.5182849114234357;0.6066564498676195;0.9728235606917344;0.7921501099218268;0.31269589818669424;0.582487927049445;0.7983086308475175;0.9645913892178073;1.105380106616917;0.7957837220698666;0.44263390077786013;0.4841015893599075;0.5303815096700385;0.81005068263437;0.9225784796623243;0.5783410997668197;0.5663712765356179;0.825793864398167;0.6128050503558192;0.4645977761655819;1.1321892922929155;0.5426913063433969;0.3888501999779832;0.5022747464053805;0.8135979814655561;0.7788816756152044;0.3576804630905821;1.1419177603372288;0.7520841885480922;0.5701735221884073;0.3984566325026438
2023-06-28T00:00:00Z;0.7774968657830208;0.716862661161011;0.6697861076658603;0.3809664695104443;0.7535314497573515;0.7506679987610735;0.8582268494640337;0.8080924022268209;0.5980512746017689;0.26144414377099545;0.7039446725623183;0.30063205168955426;0.385588259486149;0.705480494657712;0.7179023575274244;0.3693187484988965;0.6565638022544442;0.4913942768343863;0.7514335190302514;0.5906775811480152;0.29567660326436906;0.9081642409619409;0.24671060254440072;0.7569590541515273;0.3437493086575034;0.8591784873951686;0.3692576671814799;0.5087842107012396;0.7637645812204363;0.8234618562103506;0.7316316205357748;0.30182506278637916;0.2191358012540369;0.3634173136717136;0.5968176808615023;0.8095549740063785;0.7081950405339049;0.7073634365011775;0.5201223332751618;0.4323830274506985;0.7310320859611156;0.7524226554496972;0.7798468605226558;0.6306342515363648;0.6236365498593135;0.6321846112516356;0.3167827625881525;0.19564321318961211;0.4397956010580792;0.8879596271237037;0.5141121046715879;0.7299933668330941;0.6747096806716611;0.4084272017510169;0.6221627811277042;0.5159333019186044;0.23363563665093817;0.756924742308874;0.6058691841208257;0.858654812501587;0.9058477340543141;0.34208865617740086;0.42687042408041503;0.7498669562202926;0.7524235916359676;0.4909228653098873;0.8006867034741307;0.3854496340662773;0.5472085450783157;0.8334509552049497;0.7725794951340105;0.41204055966121894;0.7098313189299336;0.7425146021266785;0.825137080638449;0.5661913982419884;0.406580273162499;0.5788385327844212;0.295800137789785;0.26186750966029176;0.7444576186707661;0.8656058439308807;0.5862304254465045;0.4980058249146374;0.39974995981151684;0.5873589839434603;0.8436941512141127;0.6144963782202748;0.7186720725029516;0.6195800583726748;0.6747477306557302;0.7944444886927611;0.2187153324715315;0.2671510759594429;0.5691552745676277;0.8223059731639267;0.5404672537358614;0.9169675363958063;0.562173523695873;0.4412946719437892;0.7115278615302858;0.5023236690330861;0.25972634234963216;0.8245414878218884;0.2698635586352853;0.43002739026987413;0.42371129414335174;0.7090673160140094;0.6365319044056982;0.794365339512658;0.8597159630693738;0.5894761044800453;0.601724561195245;0.7096541861082588;0.674430930454383;0.37029819897707544;0.6794035291247323;0.4052219693423123;0.7000715651493429;0.7642275087592464;0.6410051203436322;0.6705981315918941;0.7804474773061033;0.6304160039954348;0.6181130904535;0.8498181794305495;0.7577906494662939;0.18395606704219555;0.6664843322965425;0.8783196415752172;0.6670400514854457;0.992730165930685;0.7657871555120809;0.40661317669869335;0.4497226014380206;0.2437994359347322;0.7433164976537228;0.7159826907617475;0.6424849132736037;0.6052109841469888;0.5065388943825927;0.6477826853441234;0.6371361958282488;0.5309784897846724;0.41010366035129986;0.28994675096296935;0.6212926146964105;0.9093049513800509;0.8569218595842802;0.22854385582341954;0.49008972723587385;0.8027983120366721;0.32548903014273645;0.30850625559234185
2023-07-22T00:00:00Z;0.8224221547765981;0.7578464107547732;0.6954617949386273;0.7204357533743887;0.7550014457317313;0.7641851859119728;0.846527677555983;0.8415342860294432;0.42913331574482905;0.3659492535801602;0.7766103380421797;0.5547064306161038;0.4277788449515577;0.4193692992782143;0.7501611441639128;0.40003668753684374;0.5568364737035281;0.5859740977821145;0.6810745563802707;0.42689643413504647;0.5252557340585173;0.9573573689478481;0.4170898719567643;0.7964238364919058;0.36958437967300417;0.8643583775496567;0.41920932197488225;0.62833994688998;0.8532195353818206;0.8871188474404456;0.7549574342560885;0.24261612859898904;0.383981782672277;0.26997489598515917;0.6150880615877848;0.6518674793720167;0.6186302411683896;0.7416643314972157;0.5817181036023811;0.3052650842709086;0.7944154790920013;0.7350175751298313;0.9041327817118876;0.7177354551430019;0.704782874191221;0.682468350537075;0.2192878474998258;0.2315210299864986;0.991593503747751;0.7535769784432482;0.6969233252813769;0.6649431108433553;0.7049247112188888;0.5094418815104291;0.6439299204424769;0.6319716069094254;0.13920460660049463;0.8471976241618672;0.8043764256368018;0.8901533579600448;0.7183263494487269;0.4525815529755722;0.6088679856617606;0.7984003435191298;0.6515768227198616;0.4451354487452659;0.8635130546469986;0.45047099415164826;0.6632862257592054;0.8615656624063414;0.8496458968262613;0.38527172391025105;0.667124263052994;0.6820491212593564;0.8594583147368908;0.6898320855387133;0.6495588616274628;0.48379657529090925;0.3418888500022302;0.3923224196163546;0.13563949141321596;0.8099701260283633;0.7869363274601231;0.6208844666833774;0.6898402069428436;0.7423183501457407;0.8488586034249822;0.6926831578721806;0.6608302040707584;0.44482092818823354;0.42381843752064063;0.7829748657444175;0.2329206674224573;0.2541119802006687;0.7615479237039349;0.7681236548986811;0.1711975125551971;0.7890547346278409;0.3964915636533026;0.1098680687811881;0.8110669834963329;0.1442898654358168;0.5527590465538865;0.7553641930346947;0.3350798400711491;0.2346590219479468;0.6562119476776691;0.3872907963336889;0.6242440740846859;0.4173683908484862;0.8493634177431488;0.7722851045344068;0.768310378859795;0.73806777315787;0.8351971769961098;0.1541332395384105;0.5407147680118467;0.4144099613244312;0.8009373723332947;0.7572554251647483;0.5718290120559303;0.6443512145094689;0.8452906404576731;0.4694761864002391;0.6859191824632767;0.656100444195766;0.748151393207995;0.33491416599425633;0.7734509005103001;0.7852386613077142;0.5715612930810144;0.43694051409691154;0.8155931113972976;0.8221069263877614;0.7560807401841542;0.16417081564604694;0.8478420272208097;0.4192448132684366;0.6861417134944202;0.8474531673270164;0.5174716432185675;0.7303973877427691;0.8777610676971928;0.47205586979786557;0.7377017672692449;0.7587390197152944;0.8702025659914101;0.7998260135085511;0.6799559744025824;0.7733520207233554;0.44916251360406373;0.7016170858484546;0.5386469530095073;0.5196073075288088
2023-08-03T00:00:00Z;0.8489366520945288;0.7985982675637517;0.727655482198379;0.8345918728084099;0.7809251760502895;0.8128567551441149;0.8471079543339507;0.9133006675286336;0.45519832730398957;0.3906819165222037;0.8274126909611023;0.7013357348023175;0.41391460466771746;0.4405279436476113;0.855877708537238;0.45341611861398345;0.5561693178652327;0.5326262146282696;0.6197937858523082;0.5960645514766243;0.5639542593611401;0.9342757552672344;0.2857539428437939;0.9519352366278817;0.5080157402455807;0.8603288493837915;0.5122410790367642;0.6969370665282567;0.912561520443727;0.8140230178337953;0.7826921015949175;0.29171136713683093;0.25357654452997835;0.3635285202899409;0.6437667197417668;0.606557725921162;0.7419794682889593;0.7790466183496099;0.6030196498851387;0.30710831304246317;0.654838395522398;0.8091830938738563;0.9681375206026741;0.8054629786396926;0.7658535202344259;0.6285186721393781;0.3221373847156289;0.38290540932131606;0.7911194776592453;0.6870013376527543;0.6950642568184981;0.6953471919726245;0.7776126135950503;0.5809028894171951;0.7670324396665604;0.7280536267528136;0.27585862626114654;0.884938456797112;0.8026655043901035;0.919698767981233;0.7601661970816462;0.5272843000863343;0.5777909933520643;0.7207270448972912;0.8249233401501597;0.5551783120380113;0.9060190226384863;0.5994826404157841;0.6554243424693409;0.8993360131804706;0.9048478444580172;0.44061509397057935;0.6213555148545431;0.6759243290246378;0.8956367497955567;0.6820298445554839;0.767923592225365;0.5334945810506329;0.6585628042474042;0.34313099010324816;0.19819381745134432;0.8022472181533494;0.8270528479941532;0.783392115256407;0.7556118466157222;0.8071031295672013;0.9687029502434488;0.8236571632085308;0.7268721078209921;0.45503902543681496;0.38643415924722047;0.903664598030583;0.3821696314152876;0.23725229320551616;0.7218367757154315;0.8832993054789817;0.4419084728336828;0.8467595446696403;0.41330476989534415;0.3135483707118122;0.7860760314387844;0.25810584943024556;0.28640484024007856;0.8280634473458174;0.3846060909283259;0.410980538396622;0.6593255217900287;0.39273584467928196;0.6875884088259846;0.42440592551229483;0.9104185800969116;0.755668759174632;0.7554454745529869;0.6906752539352632;0.8984678080475708;0.6180267765813944;0.572541584734208;0.4045332738713157;0.8865567029874947;0.8365362468167089;0.6551058235715648;0.6489347872045851;0.9539992993530695;0.5690143944938546;0.7246972196409348;0.6307721959811183;0.8156911591595074;0.43659589417876987;0.8620732535687528;0.8652661854476598;0.6046207993878674;0.4430397923237095;0.8629680966567603;0.7437241237716629;0.8489708226573887;0.28089472841125945;0.907881782721665;0.47390509783288476;0.8107101490904312;0.8264357534204783;0.5600108433747447;0.7526579819608316;0.9300418609753252;0.43847054867885993;0.9323621485314542;0.2902796803264913;0.9129122917751392;0.7635635651655134;0.7183660700856793;0.36470653393670266;0.44466520112658303;0.767028725163154;0.5715357338330221;0.5435491704763525
2023-09-20T00:00:00Z;0.4464269246333181;0.7838354693991797;0.6588678957707315;0.4833071754057962;0.43320860830088415;0.43458212237982524;0.2745929570435263;0.5276004864604442;0.7487723297053438;0.5755270858058871;0.40033896775295336;0.761887085110676;0.4091796800270766;0.38458033961109145;0.39587970234393954;0.5128756983616184;0.6264661694018954;0.3743195837970962;0.4778432265493095;0.7982303686894799;0.7188687557251661;0.4470783662491206;0.18423421207494114;0.4109257943816147;0.5359784131308636;0.4181092305047691;0.5955262693860369;0.40308742305514283;0.6734335280543553;0.4577208511481847;0.6825866464449435;0.4792302901201275;0.3270654570351063;0.35850552197941493;0.6077952465539911;0.5012649396830118;0.6199362994404737;0.7172717345303877;0.6048652635942592;0.601965287155303;0.41211400085730343;0.39803289488715055;0.7795719453684501;0.6582019597711698;0.7606151668745794;0.6160704614367427;0.42132298623287384;0.49443588889439255;0.6689867340667429;0.3085678447228832;0.4801098051151213;0.5781951639246807;0.7293758072361424;0.6871506475859571;0.46761515083723487;0.3873335690278946;0.6702231488868493;0.308863953728243;0.7938673426830991;0.5247954119961843;0.2770603890632241;0.6227283234702808;0.6641672098300826;0.48424289051082825;0.5965345175769811;0.7093692089883123;0.3787746613411634;0.7849967087767705;0.5056868021989741;0.6264689562090656;0.3550755209179717;0.7163818951183503;0.46940118378087825;0.5057685728110454;0.3513711551329795;0.5130625045713585;0.46612007211910067;0.5844313357865002;0.5376013473855505;0.6239542840345902;0.5352794862097237;0.4081091257581684;0.7779231353999626;0.36256190915770586;0.502628633374786;0.478101228596134;0.4309537627100671;0.4363288053516614;0.5997789807177236;0.676393221139322;0.42262513594622014;0.49856405738600584;0.5136680450671044;0.7020824539214043;0.6385851333507424;0.352728133464951;0.7113561168510538;0.3856799352310607;0.6352072271619148;0.765263876885422;0.4311085890671472;0.6003475867448139;0.7516637208556386;0.30483469253204376;0.6316410649812569;0.5900324124230187;0.7108413711349207;0.3929600123093169;0.6112282905185369;0.35171491341476335;0.359175348230002;0.36592508866223544;0.41116262266453163;0.8142216784210258;0.5163489119449165;0.6576147013187152;0.5027885460248678;0.4257518350740139;0.5314058213699548;0.44639422881115604;0.5809507086392371;0.3834100897778527;0.5006879310660098;0.49584236311350477;0.7716361710723018;0.4402592695567916;0.4426513222862759;0.6037788410530139;0.8957082976666532;0.415064271545936;0.43918554987173436;0.57149898442018;0.41643680984876597;0.7881924264295338;0.7559713035063514;0.6314772074564021;0.7904873863510463;0.6337244108271902;0.4783117527970214;0.5771785380960512;0.6909164665179832;0.7015025760716437;0.4606317126287607;0.4458607935289174;0.45913307004241666;0.7362145829016874;0.4188387305163347;0.3967990517903378;0.5851030868910123;0.8232360011334872;0.6255882026127926;0.5812967470239145;0.7179714801860987;0.7015105754727939
2023-10-02T00:00:00Z;0.4559913835324884;0.6038758251950037;0.6800014660816037;0.4071948152363844;0.3903514959486613;0.3214780669290013;0.2754362287481678;0.5749065381182329;0.6206951599773252;0.48474330937939;0.3912262436777553;0.8321292438737069;0.3875064525138088;0.37729861240396617;0.45197711332887414;0.44699056963304057;0.49655569626025886;0.34934306445038404;0.5909717341664694;0.7415307756443225;0.7803652167629084;0.4693874337780178;0.4865725825040309;0.4764294617087067;0.4796290655950745;0.37391282327273145;0.5637496855824885;0.390571876975522;0.6666734316753975;0.4137421987728027;0.638913332307758;0.5407963552118796;0.6405300253311044;0.5332505381227303;0.6259957890241731;0.5608215803322106;0.4329242585692498;0.7833938019309111;0.700573807966854;0.6332656695602007;0.3575329153350815;0.406935533538632;0.7846233769458659;0.8816739336145876;0.783959090469732;0.7213683423130683;0.7322608124069644;0.7461308867720968;0.756568376827561;0.3150093795792203;0.42161173110691114;0.666019159603574;0.7700468533256519;0.889909634059092;0.38694467327290083;0.3834041585270842;0.6902685502171516;0.34963103529743067;0.7967962136906376;0.49283539032673135;0.28714517774968157;0.6003793015771982;0.7185655179763993;0.5409053778370302;0.4309806746070017;0.7213185973332562;0.3169256038888713;0.741669336140596;0.4266567211639095;0.6610661405220366;0.37635950845293376;0.47303345729202645;0.5445680407663647;0.5910174212516645;0.3177870720392093;0.3769405854667605;0.29409670596412685;0.5245328086552656;0.8869240974719601;0.5390862308075925;0.7695436622223224;0.3848900619089942;0.7419694882246756;0.340046020186724;0.5322450479477541;0.4193181268848046;0.4026350190570532;0.31878711721656744;0.42927898290335786;0.695361500949108;0.38573226991861387;0.4558825208569097;0.6766965673508495;0.6918170186105571;0.5892034860355491;0.34739874114729513;0.8507361247826962;0.381820602647077;0.6304032417430212;0.6984090286433534;0.3743587029188694;0.7000530052254559;0.6900148573660362;0.31653036321413447;0.5599363402312871;0.8437045846882589;0.5681749262821705;0.3652864962835399;0.39642263558188384;0.33347962245126955;0.428742293646019;0.31740366534554754;0.3563805375000928;0.6611276162403256;0.49832958261099647;0.6373968658708049;0.39455442609102626;0.44109572428889676;0.3042038146291695;0.3450915394139995;0.4688611333408663;0.2645972208578352;0.4556212034153883;0.4833907092632685;0.6132157571388014;0.474526096346553;0.355988296050166;0.5689894756235144;0.8629131511481429;0.341146570310922;0.3119200453682458;0.4372423137016198;0.3150634030320935;0.8849401031386701;0.5970725190447769;0.6155776213008749;0.8401807878328407;0.4803997308169749;0.35983344525844446;0.5693087004897407;0.4539974941928478;0.7071502237933243;0.4480716307930411;0.447462145368209;0.36086782982941495;0.5953003088752292;0.44035888228604164;0.3346859014764414;0.47500343650224575;0.6550848586545485;0.4295290829096719;0.4793405792379195;0.5773012677166978;0.5880431202714601
2023-10-14T00:00:00Z;0.47962074356980705;0.5331402678574835;0.624319803057348;0.4380700308326128;0.35040127714314767;0.2968431380917342;0.2950191581399126;0.3889247255010919;0.6089437496306555;0.4186439935691169;0.4033621364575348;0.6335091175900808;0.38773296469571544;0.445925248732998;0.3441192472782282;0.4923388389350782;0.4679577104420752;0.36510141907693916;0.5350614073332088;0.6640573953729303;0.6482267122115191;0.3880379235731821;0.5944997366840664;0.3739863027804461;0.49970063283472116;0.33731291230699867;0.6849648526150532;0.34110234499835285;0.5568740418456808;0.39953490260413427;0.5799224866061857;0.40461202107444727;0.5299781807473225;0.45411717984654487;0.6077023469265289;0.5150366285834037;0.5548327927486497;0.7626902661127652;0.6261547374654102;0.6765982726179285;0.36670378428627604;0.37646047064127064;0.6189541663397047;0.730376329592296;0.7700672704980981;0.7061768494407583;0.5800720561357742;0.6330238663346798;0.7059058486849216;0.3251958984822686;0.3628575534715779;0.6047145926676658;0.7524801451418903;0.6753404126081882;0.3348347758364475;0.38250401284179647;0.6496541143895325;0.4092799583426262;0.763811524055019;0.5593444539516261;0.2994737520567879;0.5302377730691233;0.3870678166115044;0.3399518448108387;0.5424910326763546;0.429525473564369;0.3107386115934671;0.7869403235398152;0.4320798964720373;0.5179246589105729;0.42267504753544927;0.318004073261143;0.4847871373074787;0.5290710604518755;0.29136851093466654;0.3851100215911477;0.28453056755273237;0.4093068257921882;0.8905576613502226;0.43726326607081084;0.7785344215749641;0.3948707601914775;0.6596715165208085;0.3646894601112771;0.3954530801491167;0.36700849190139523;0.4067742736530129;0.3308072732484087;0.580511981967694;0.6630562019979426;0.3959170006076651;0.4020754737237598;0.7599276453832163;0.4165269720914035;0.47278265863697255;0.3494426418978668;0.8795544121852692;0.36395309802104026;0.5522558152741381;0.6676302769202637;0.34489953135148027;0.7813422599628131;0.4756947306061226;0.40243280634657325;0.4799611689900483;0.736779734554347;0.36514366887760424;0.36981059688424134;0.5648030095975948;0.3966149783079482;0.4185728436811942;0.34322012455182227;0.33791046920900614;0.42060065265342467;0.38624247085454777;0.6098002417198715;0.47089703857160575;0.43633950503789826;0.3008565389751008;0.3375717344163064;0.4597916449694073;0.3831275260243137;0.46155250361288097;0.5291271986008732;0.5106649164582642;0.45725370236548646;0.3786609387950392;0.5493662496852987;0.5599988139705894;0.3715872519171756;0.4148991686649602;0.4201163993257645;0.33860093781288203;0.5372371489372779;0.5485607362277559;0.4927428166747875;0.6860165583162472;0.4709849931771092;0.3548371229896264;0.45261594143140915;0.4637833348019274;0.4428890603546512;0.47495902033106796;0.4208338676852308;0.3315075227138266;0.5695904668414163;0.47509286731195904;0.33335481778819265;0.5496732123804413;0.6561718117472741;0.43680608036314567;0.5699643151082379;0.3530750011800695;0.5582131141427992
2023-11-07T00:00:00Z;0.4188267134008304;0.46701795527403306;0.6152644814187586;0.4862994846956032;0.42016081300824276;0.4250001747264689;0.32405020915741356;0.39387922678469567;0.3875625951843854;0.3413261420399178;0.398254373118657;0.47254501587088976;0.4757594213742359;0.37313465789862826;0.3109881846649988;0.40008193046031965;0.5148489830507338;0.4446338907785019;0.5810659858859503;0.6182753953060746;0.5227096960442501;0.5096284377166583;0.5976090793148343;0.2629482002111196;0.4287483306846233;0.4040078415394669;0.3976932539130157;0.36865639343121775;0.397265631083981;0.5170458763392265;0.48770157564431427;0.5272049445306675;0.5080498725587699;0.44643727023924074;0.5483798786178831;0.5627509812906462;0.5683500382708279;0.6354866552451426;0.5289925154982781;0.4183061469487242;0.37342166909075175;0.36938469079112674;0.5044766161257567;0.647343639179925;0.6443582417104191;0.6771881536673043;0.5221637372804536;0.5567195232544688;0.7051493999351048;0.29364215910051483;0.29804526018762145;0.6636230970087013;0.7412352077071629;0.3839658802201586;0.2756855940717684;0.348937095769016;0.5430815128655975;0.5093161013646479;0.6957531581197787;0.44723241758901017;0.2637497514127249;0.41105873550402633;0.3330209213882063;0.277274649204879;0.5083399238734247;0.41044592029415455;0.3423223689318624;0.4801892722944733;0.4578546513024623;0.4887081742985857;0.42096501074817594;0.29421317387859647;0.46504950866528205;0.5163719523714833;0.3164016743294336;0.5361534192139267;0.26126379995782684;0.3595231371173442;0.8528431422900462;0.48332202597614754;0.35992762008576196;0.43427995229923777;0.5452737801492551;0.3503274052939194;0.37925858200625256;0.3505799776604729;0.43552448910942965;0.3917952602414928;0.5014525039813099;0.5443987097364278;0.3479646642798182;0.3657199958737372;0.3445853123841249;0.4244116660274825;0.420973499250664;0.3293765817949973;0.5161302193724361;0.3793037271852604;0.4691308908813449;0.5555620041345616;0.34903216333514614;0.6597810035661636;0.5344714783089631;0.3826844655912541;0.47170596138641707;0.5739840180800919;0.32256696122300466;0.3237202935149548;0.5364646389885528;0.35104720144183854;0.37629069611187477;0.34201458144945845;0.29980980979857963;0.4486100072440663;0.4200770038962256;0.5754113304744967;0.5376352686803825;0.4217154923571299;0.33435924980626225;0.3608532909291654;0.5481564720082127;0.3474901311145806;0.5039291264430763;0.5580432088028916;0.6757533155093536;0.4999092977207188;0.3706588471552226;0.5602127511487005;0.5095923789936434;0.3691570266294258;0.3468010775695736;0.4793238090354146;0.3868929936142906;0.39730190257821063;0.38122971158921437;0.5723561775871092;0.7893615779096046;0.4106871364949144;0.3860808779739989;0.32133751363455;0.3566966665785444;0.4224706505317855;0.48432360246984496;0.4702944572467002;0.3185978895247357;0.5355834748975824;0.4970141287173093;0.3745235041272561;0.5728165431055263;0.7053350537711703;0.42568024423460094;0.5712038080834743;0.35555238995654975;0.6424468460416793
2023-11-19T00:00:00Z;0.41903676107444987;0.4802005408682685;0.4450483501419143;0.420305370339094;0.4001902484231525;0.3830524788857585;0.2955170118572231;0.4033416413491772;0.37087966579396575;0.37856055697746793;0.39716773638673364;0.4523999797030897;0.44019810278319244;0.35482531559425395;0.23074134425663456;0.37549806746961845;0.4736725245984856;0.4045995355130996;0.4227085895905468;0.5755266916550205;0.45042194009197295;0.42120061106187234;0.5351989649902176;0.2344484524896213;0.37009868559463166;0.3561912519323137;0.37781648949218666;0.34145325401933135;0.33411964282702084;0.4279352589858835;0.4625747313442093;0.5056660918354903;0.5277382539416752;0.4783693580127461;0.5437488556548769;0.5483035557490936;0.5801421809015874;0.5975660768647989;0.6184465211062204;0.3862233534963751;0.3300185139679238;0.3394610514821008;0.4816311882167195;0.6412041343921839;0.6328132667113096;0.6150621461757222;0.5548273657030128;0.5473170717432034;0.6756005127593183;0.3793881558532636;0.3710572092217694;0.42518574067356657;0.720117971756992;0.3562566827466855;0.30300358214483053;0.3304888210074865;0.5707546518032929;0.587416504444661;0.6535572966356864;0.3744007059064443;0.4135253523402006;0.4108822719995366;0.31903134388548715;0.28354003060474453;0.5224033148615812;0.3585446020441431;0.31608425769071524;0.43243646688394616;0.4300825982930524;0.5027945723603754;0.5527273566482651;0.3532237004314564;0.4452142082012985;0.42845404163032297;0.22913303251819647;0.5226160787264953;0.256780742329173;0.32104765405921265;0.6929734991944354;0.4424115828249004;0.44904662101380244;0.34131905445067406;0.3880440653897236;0.35418536244351184;0.3483091819992823;0.3268422941573339;0.37017446198082493;0.4950797727192026;0.5260322057615742;0.47818245361798367;0.3213037396472653;0.320063131193648;0.3667737577868264;0.33460196266527725;0.39759360244417985;0.3350582503342468;0.6457024207421108;0.3618104380767759;0.399962974200898;0.5544945048313421;0.3010771215994583;0.6761896490707806;0.4217248192758161;0.39684466963762755;0.4363257406202294;0.7220841143564444;0.3802288184165184;0.36920373577197696;0.5669676707219033;0.3199356605555509;0.37285842319880574;0.32560709505757957;0.368102851970836;0.45649688686703294;0.3815971916506415;0.5659493460719075;0.535777485638211;0.43430506145734554;0.3984735750159167;0.3966210276958632;0.5386474920794707;0.32640850590687936;0.4602442283806794;0.44625355649558984;0.6749003085939363;0.47258937544837987;0.3673864201218284;0.46994008800153214;0.48648565700892843;0.4153215086232193;0.3110026040487391;0.44458179325893654;0.34082015136979066;0.36988649703111254;0.3482754283133104;0.5034790632780641;0.8001178036133448;0.43875940616465603;0.3423302893036789;0.39275014471141945;0.3257033414582708;0.41047893136013397;0.45901909312155936;0.448456727364302;0.33260351483423456;0.4382762065389126;0.43514992386245954;0.38073818841405427;0.5853986478388717;0.5750089583077693;0.39026837354760174;0.6147591741711214;0.4131785878506548;0.5387156277018434
2023-12-13T00:00:00Z;0.49841445403072837;0.7382955104112625;0.46867343469382033;0.49738925794460265;0.47160893901429995;0.5147249824855551;0.5175634501749798;0.49591433736964413;0.4982965680404424;0.45034524576606405;0.475355724510247;0.5393261556643896;0.5368019652371409;0.45756979910225476;0.6366793659057409;0.5106577572752973;0.5987489886665747;0.5132217414961113;0.46279719407424263;0.6972091245519157;0.5201667139913825;0.5092711341362081;0.6386494391750711;0.4123413640078113;0.44235816275428436;0.48575994685826746;0.49613410628066873;0.4717886890568047;0.46252239714324694;0.4978042991330655;0.5345893665036159;0.586322365288584;0.49728358289541424;0.4743372137270813;0.5276099457675891;0.5036929090814538;0.6866663906063456;0.7129549041297092;0.6072857973003198;0.46954280466469217;0.4462400720290122;0.4616255427904005;0.58118623874301;0.6913560387700103;0.7755990293808281;0.7313398374926027;0.5865930115609156;0.6272137012488466;0.8041899004051164;0.4281321422878673;0.43559999183336984;0.536599315356175;0.7843741133243223;0.49647715141611265;0.4166227347053318;0.44165103014990326;0.5755755274968696;0.5781574967106798;0.776871878832293;0.4837895597519659;0.43478622713645393;0.5121593679383744;0.46766388079941235;0.33717056963547704;0.6409605025227251;0.47940678693962907;0.41620208827880023;0.5397922195662623;0.5219587489197769;0.4746789836114453;0.5580163857314439;0.4471260534271223;0.41132715841030215;0.4967650285060824;0.38111160577895065;0.5821783442131976;0.38180525371162316;0.48594815510060935;0.9210374854311819;0.5539033530892542;0.5291312147994601;0.4624381430949508;0.462109123006409;0.39745059266840815;0.5133809408273939;0.4203522212247253;0.5220674851042555;0.5178597379263824;0.6837310795854379;0.7374000791808263;0.4554375431625914;0.5080546322717981;0.41773244327154624;0.5625973415892258;0.4849230536683343;0.3952334805441733;0.6380792703795697;0.5008490119402002;0.49063634406929174;0.607500065128262;0.4575350584205753;0.7826000574616532;0.6788217824108247;0.46053406769108907;0.5457411815042366;0.7145827642012899;0.46528260109976866;0.39793595156038086;0.6672603589567271;0.3566207957167283;0.4877239770855629;0.4277835336564188;0.451962928357653;0.6621216623563952;0.41189264049836205;0.6393300846826186;0.609023098075752;0.3531173417361739;0.4775929245372097;0.42996932481234207;0.4855283605621049;0.45719872894252483;0.5374404873147118;0.475505006260684;0.6578133994474091;0.5752436085636264;0.42929936140465536;0.6707997727966636;0.6506150876628192;0.4369885112904229;0.41019164914557754;0.5365013013930342;0.5027774944419474;0.4412836314925414;0.5409417789461026;0.705053278261965;0.8095222648821379;0.5078147858203524;0.49067941949632066;0.477793244713077;0.43141158033754223;0.49687728569405043;0.5529718952401126;0.5280482272552062;0.47154620085663546;0.7411880203853469;0.5294966758819741;0.4680620704048254;0.6993401224798915;0.8630731252546843;0.5500715201554572;0.7177777058251839;0.4757042880284853;0.8349241421896246
2023-12-25T00:00:00Z;0.35614853921273826;0.44887973945857823;0.393274755265042;0.3585253546756089;0.4377064474768216;0.359026819261402;0.42048570746689096;0.3553793307985502;0.36726241488526723;0.36157985301222084;0.3664665474534436;0.4118865142090452;0.43199404744442577;0.3295086538024717;0.2699986044724822;0.35126176843996004;0.43076894184552766;0.4233432768648247;0.3967540470383238;0.5532323925994164;0.311036319341697;0.37302001395760603;0.4959793119567194;0.2563176181737292;0.33265301385815715;0.36810111143107344;0.3503775024594228;0.3358232983296412;0.29910731757348386;0.42225297669140605;0.5210182155585952;0.6181751565852958;0.5682132112040142;0.5672938910952862;0.4947596511219179;0.433577869339672;0.5847151302120411;0.8442502099251936;0.6821214082566175;0.37792452070993154;0.3228253408776403;0.3433093100066015;0.42593044557961535;0.46303770071435196;0.7399756539846964;0.6796865097712725;0.5656018796538285;0.5698764501003231;0.775975215861296;0.34322055174494687;0.3294038503325717;0.47020741246202413;0.8983259469036042;0.37918339663919826;0.2918746190174268;0.32228268805130195;0.6613252299518769;0.5617302277159826;0.8655574963105428;0.3855128540940907;0.37768407949615185;0.3945903706406706;0.36480581195604417;0.26095437303351365;0.5137326320486197;0.3447919480688097;0.3330867114499697;0.42398681510985947;0.38044706921470095;0.4521914270014791;0.47191753507289996;0.42832686746627613;0.36099691794457617;0.4000745606662671;0.2656686346160518;0.5357260835111097;0.22356932848919686;0.28498822905588383;0.6505797826025608;0.43674581292960435;0.6137517430172622;0.3370549646404073;0.25489924821652793;0.2923728644152238;0.27197076059809283;0.3395080897624646;0.365973259832905;0.3870745206027605;0.5168948302572074;0.28117576688491286;0.31331654897829386;0.33286753198332036;0.5730183790169676;0.3595588370894491;0.3783504346353744;0.29381397944264076;0.7027765159155824;0.35147295962796793;0.4145471288844607;0.5994487969463107;0.38017045113487;0.5777469528034787;0.3941402397186119;0.374676722690276;0.5473605882643131;0.7448863638500179;0.45729320164139975;0.31589420112727373;0.5583524126877482;0.2970400637265871;0.3557513306120525;0.32371013780886476;0.3350403645144069;0.4767304498933803;0.3379302269393916;0.6070603985585978;0.43194085487904305;0.44139188172503113;0.401965066492235;0.3635534047400647;0.5200140573620017;0.31640302139964904;0.41127980832552524;0.49832811239114494;0.4997537193003665;0.4247500208021378;0.3227275149567832;0.44112532456937703;0.48793687752156806;0.3560012869084674;0.3269026849917144;0.4115130097828478;0.3535059192378131;0.352894608983832;0.3474872795491703;0.41598775739142657;0.5916771916051705;0.418960582183388;0.3704768653793222;0.3791782277176179;0.3196396292837638;0.37809983331532704;0.42993492642404635;0.42522490492126247;0.322850006345875;0.49097471857724123;0.42294363419436876;0.317826831189616;0.6219119751157565;0.5048364014689659;0.364862569176816;0.6132190205888366;0.37235413573216647;0.573831979836584
2024-01-06T00:00:00Z;0.5009348390054832;0.6214158436549562;0.4939699196884542;0.529829909778144;0.5153029390400455;0.5491153717311026;0.5166601024064759;0.49860655983461477;0.5392373567314651;0.5136069223817393;0.5409276418937933;0.53966934839703;0.5475900212215528;0.47322902253447446;0.6878126909041545;0.5393142128240562;0.5958282844959826;0.5454838857504554;0.4782243681044979;0.7761870034853089;0.5449153044777654;0.5310460207151606;0.7135011353742244;0.4935362411309511;0.503911868490354;0.5624076325896402;0.4920647752187414;0.5087313926370024;0.49201877753626794;0.5486576911442134;0.6867798284608491;0.6630964254463801;0.5885937672351772;0.5332175358023586;0.5836269562265416;0.5182880454374832;0.7305675929924031;0.8000130353584176;0.6149274136220652;0.4889945771024519;0.43766385687277415;0.46840559610714066;0.633100006148304;0.7244774725671127;0.7393255218674865;0.7443819464618013;0.6326272548540779;0.674828340508871;0.8511974413095993;0.4501483111317845;0.48094686160221795;0.5806954495249003;0.7772645654235678;0.5024499488326738;0.44783986172567963;0.4681748805106968;0.6172224141718257;0.6380454466481577;0.840278264458321;0.5567888164061766;0.4811560925430016;0.594996291679266;0.501561378992644;0.3676763733273066;0.7060006716928717;0.4947581360968604;0.49034766650273054;0.5481627817210637;0.5597544479363528;0.5286428691371612;0.5096373827061911;0.5292277988080585;0.45945435400983703;0.4996548891741034;0.41544482120327686;0.6444045902269359;0.39181485447912656;0.36566319124064245;0.9342837763347214;0.5190292781133994;0.5964541489133439;0.5054028825608538;0.45208416281331715;0.4465589772964933;0.4161561135597493;0.4569980581036282;0.5474979194222539;0.4678618669251859;0.7132571441457235;0.7493990328680922;0.4582365847934482;0.49410233488482125;0.5166002262510567;0.6581699516833276;0.5323337001077245;0.38896037988655713;0.698397975838695;0.5256291805537657;0.5235384668643891;0.6372066569437674;0.4661799557106469;0.7942749893974652;0.7550549133195623;0.4950294588914323;0.5853139981797336;0.7776479283954829;0.5817972951877098;0.40024362444540107;0.735980468619112;0.37419979956986;0.5323626914220119;0.42843354299930436;0.46916046917003434;0.6648733530119274;0.4429005201310945;0.6602007687411138;0.5676188687151719;0.3905510571017929;0.49391640924883484;0.4716836992056156;0.4850746344798689;0.448935633978749;0.5677139375027339;0.5891699350854277;0.6651075175058403;0.5954267874482716;0.4841379320825074;0.7282798701985199;0.6713244030994872;0.493682001892652;0.4208165263039478;0.5767425693284378;0.49603528883181464;0.4672090763624807;0.5132403850611758;0.7363120114671127;0.9152582657238668;0.5407694978617256;0.48775528094058557;0.4822938916037093;0.43106495602931183;0.5247149457898709;0.5304554516936207;0.5221668986216335;0.4861956087419809;0.8613491376309207;0.5631805247963427;0.46224338320487474;0.7761404253287589;0.9034246694193869;0.5480768251105934;0.7631029684845895;0.47082836016871854;0.8703914315233463
2024-01-18T00:00:00Z;0.3712627296977573;0.3628017874299616;0.3816297910196266;0.43191270056095993;0.3917175269862901;0.39460262724558065;0.41644424016986575;0.3433162223904693;0.4075635979948912;0.39177932620312744;0.33546962819906134;0.41795353743633845;0.4596429648233347;0.33649158274892776;0.3714229883616762;0.3890072538646882;0.41780270038239925;0.4349530761864959;0.3882468940662633;0.6429794994069309;0.3568303600874683;0.3786336045050178;0.6094474733932742;0.3493948835970425;0.3506804063255268;0.4374452150774626;0.39126108525640735;0.3760152322015372;0.37414102125863496;0.42145792143635974;0.664043148308236;0.5964883333811;0.5216670470059517;0.5041952894094888;0.4510705256197009;0.45848798021495557;0.5779588091828314;0.7607000321753112;0.6548186343873179;0.3878296954630838;0.32553730013429144;0.32534524623287436;0.4851813734867578;0.5296842950248273;0.7044519812300585;0.6021604909787794;0.5703107243732328;0.6751724342005206;0.7603312894391897;0.3742233155966704;0.36483771287560657;0.43611415451071045;0.7564267662058226;0.3899113774579894;0.27367728053835194;0.33599296942202733;0.5763974011026073;0.5480216562223794;0.7424082352507929;0.4197342934652611;0.3442966733937678;0.4061850719984801;0.3785866545700787;0.244882980376663;0.44865635380914404;0.38244867104403213;0.36959803312931827;0.41788603996941714;0.38249151241105794;0.3429250859619935;0.41991565616250487;0.4312995526424031;0.3799299687318309;0.400013936891383;0.2863129717042972;0.5294368882359255;0.2719527085361414;0.33420680053369445;0.8052065014320119;0.407147030671265;0.5206316009479276;0.363327705014682;0.29230543860504704;0.3312540759642919;0.3421054968807829;0.43512890656190234;0.39726173771034967;0.35901782996952536;0.4656259536811013;0.35956934933765716;0.3446165797844821;0.32767481788394015;0.42812571429500457;0.51241158273824;0.3692898612147827;0.2965122346716289;0.5492862263434214;0.3814273069900463;0.41861222341837406;0.5494187489478257;0.3329533844831444;0.6780455883915234;0.548136232220905;0.36970635028268456;0.4928488980506699;0.6201731689450473;0.48627377544507755;0.3161158520649646;0.5152894436659993;0.268214172429713;0.3859520147912156;0.34096911911171973;0.34823081924156707;0.46204114534668417;0.3501640199854638;0.5726261486645332;0.43814668824718495;0.3866341755425526;0.40528413787702;0.364187912099809;0.42561982495416784;0.33654026448881874;0.4206768875989747;0.4814911577769242;0.5305809706449509;0.4426664335968871;0.3276113240064149;0.5239995894258115;0.4631756221448389;0.35347435727439225;0.3226307929790215;0.41112157401902677;0.371859147261615;0.3301541329784827;0.35683497746419635;0.47405592249903744;0.7054806605629299;0.39868060100841407;0.35204110532919713;0.35606531846187384;0.3285498706684556;0.3884344877270191;0.4378783601996808;0.42665010280953086;0.3362530842866926;0.6115199266996694;0.43127457971294847;0.3080613732196036;0.6581261123465646;0.7591980329125732;0.4168494660884906;0.5958399798738111;0.3683142484336731;0.6525781183328982
2024-01-30T00:00:00Z;0.3351161017707126;0.4905786605672442;0.36341057126835297;0.4024885467442141;0.3848950714172732;0.347869260393864;0.3573284185713246;0.2948386130275949;0.40566604220528374;0.36174803109545456;0.38856558708889;0.38290890505219377;0.440810484089535;0.34095051607685;0.349770080960377;0.33167166050310964;0.3783650033208873;0.45162328806208113;0.38697870011656244;0.670037164465048;0.3363673393841076;0.352261456131777;0.584319010987975;0.3728869385280619;0.3395485382452607;0.4592173557655386;0.3511054974307054;0.33977554728322656;0.3123508233028419;0.45411699631582464;0.7786353525247366;0.7547780979976708;0.6103628675205324;0.641525817532605;0.5517421008243667;0.43154316514991115;0.5961349888747771;0.9074074702248687;0.8361446021548219;0.32343873325201417;0.3242987818325475;0.3393761868485146;0.44654943054037805;0.5409183117425498;0.819169085190876;0.7137729062491014;0.6755178559362979;0.6890643259979845;0.8022877174962186;0.31017205588782665;0.34324834304384255;0.4160218409263965;0.8991113847732544;0.4923561175602563;0.3060447912580055;0.30833163343384995;0.6361479617533137;0.6580398582138696;0.8468799826753048;0.4860973575207741;0.30606903090730686;0.3858027339148122;0.3188452522843936;0.2866375519848014;0.4445484544653061;0.38668522883005657;0.4224674937410874;0.40563106013861644;0.3997615705497119;0.37829868779504056;0.42128874518483167;0.4456187669517139;0.36824878439784836;0.3919324665466304;0.2653655543555368;0.5334518852420875;0.3140172029258067;0.36232525009275135;0.6995951671963153;0.3697933049682147;0.6945859032547979;0.37289884136697843;0.2592766469990414;0.3036918772433685;0.30221260514783366;0.37812641078942616;0.41954338200958197;0.32988935767738653;0.43865599841182423;0.3232386408028779;0.3632103171457008;0.3317042569923429;0.5864163642524289;0.5498307983971674;0.40504834323357314;0.2788615218675707;0.7178136534703164;0.37208268042755704;0.4007400752972425;0.7430545331952779;0.2968054162805149;0.6400227149604505;0.5472749791347635;0.39249493580107275;0.6026417868487656;0.7721163968687011;0.5883573667877051;0.3083203227121676;0.47923705847269327;0.25887073610855893;0.39510250987521417;0.28405419091669903;0.36492355488105255;0.49253430693921907;0.38886738758617095;0.6924704109446083;0.45057692919237496;0.4342148870764892;0.3747328490761481;0.3508643348158536;0.3875317280346522;0.30605775553136755;0.38891318061885877;0.356649039272528;0.4782363919710571;0.39977508871118816;0.3899073162722655;0.5218016370335873;0.436241531880327;0.3550635611066382;0.2997224112839922;0.38418403104031773;0.34944714276814987;0.31317994591413123;0.3542491253377137;0.42981897026631066;0.7223785031242531;0.3997747522077077;0.34001587847251774;0.352721840958111;0.3292738416316518;0.4186971195455263;0.3925538888495219;0.40435168644712294;0.37207600177467737;0.5636813577973823;0.41061688677523844;0.29769845961503105;0.652573248568792;0.6904201695508985;0.3943608310835037;0.6127004764753938;0.3583159334551124;0.7151951529490818
2024-02-11T00:00:00Z;0.44954789700833236;0.5338054899658475;0.3842272436778395;0.45966007452772323;0.4448380801879184;0.38789664776953636;0.42925225066704614;0.43494089948122994;0.455469592014244;0.43831014524624184;0.4203109689143652;0.4173637354375749;0.5010798377240588;0.381763687635395;0.46983882057385185;0.4062873294121189;0.5578409907634515;0.512563069528044;0.3854757560095672;0.6508120273908685;0.4283244826721734;0.40321113780117135;0.710232306082664;0.45887667663944237;0.35106187081336976;0.5894707502943409;0.39296404892578723;0.2623297024472658;0.4103744067805335;0.548541128585192;0.6949410184894558;0.6558388788681263;0.6129599594740412;0.5393667020387641;0.5677799308344906;0.39816584060939403;0.6949730848345154;0.8256777604184453;0.7281938641964792;0.355821552146518;0.33458002069014675;0.36623291912041034;0.5325210641110999;0.7047024198335494;0.7945092546736231;0.7411190455559618;0.6527799287086716;0.7552605071648114;0.7964664873635733;0.3257587147762925;0.4202626129413823;0.3933333232539071;0.8703963171621287;0.6071283486411438;0.3568652151705397;0.26744154332144277;0.5485573787156245;0.6481319492710085;0.8131931894536795;0.6026156310295363;0.33706939011415804;0.44549156031684056;0.3496361512373471;0.3175499450183011;0.46348169321787647;0.3377268847146042;0.46090471476672434;0.44533737486297237;0.5135561574852927;0.43835331049482845;0.481583901106337;0.5870912029492429;0.38820139884489946;0.433257424538546;0.3613200604850972;0.5995284360237559;0.3364780123013573;0.3825427681207657;0.8930763277062114;0.4245362847197633;0.5282595109264806;0.43205140569600564;0.33478002749605945;0.3467342998453155;0.38143399976108266;0.4698985631619226;0.5539497553276906;0.3697814867526543;0.45153100739908697;0.3724502863581836;0.36312560429187435;0.3909563885541523;0.5292669733077598;0.5822045029409161;0.45155632450278016;0.2906014326514688;0.602458730427787;0.45144193296299234;0.44555222186136534;0.6196034232993702;0.37634842614047986;0.780854779503702;0.6479331254504803;0.4781809556611969;0.6374806839433771;0.7079440650845764;0.5096925503852413;0.33620833680823964;0.5359433412054875;0.2756679322222205;0.5171936067712047;0.3119122617693472;0.439454298991631;0.5470034538367607;0.4268446814815455;0.5773900221789526;0.3783875874031593;0.34663384954190496;0.4008445449844164;0.48994156622608415;0.39970983667451826;0.37111842280675866;0.4551756647692664;0.41116662244702223;0.617799507939713;0.4847522992621594;0.46143448113381075;0.6353721856815109;0.5404031999294574;0.4579545331439095;0.34839011416323845;0.4754611455848256;0.4056680621610946;0.3484749509377933;0.39485084738187265;0.5726390585874693;0.9238615576018635;0.4480902252389233;0.3802909491727553;0.32878583925776184;0.33389309937445116;0.4852246232018703;0.4553836254092554;0.44973053569515203;0.4448790182873498;0.6522242738941131;0.4680150594822196;0.3548575291689309;0.7345172074206731;0.7645623855433374;0.43295642739934165;0.6918274314660362;0.34198194271743665;0.7536822018891058
2024-02-23T00:00:00Z;0.547816357941834;0.5180651184703623;0.4230995778240786;0.5562924237236788;0.5301591308124108;0.4076846133180931;0.4464235448189218;0.5386451208423312;0.4938854556883822;0.4654184544643203;0.5148401591512892;0.44003866466625435;0.5413364561465688;0.39267368124822133;0.6253603829800906;0.4573772065787615;0.5858674678750702;0.6115108151500181;0.4472212843984008;0.692261706367671;0.47773784681321674;0.5379402097997863;0.6804510996453915;0.5413779778318567;0.39822284856227913;0.7557598879134929;0.4545110761744892;0.278097890937431;0.4101113469280461;0.6973838326426185;0.7068127283170249;0.7110103861414141;0.6219039088180617;0.6343013357909114;0.5366064854947522;0.4045610233229034;0.789869818644631;0.8889557994192555;0.7903317695136938;0.3849962296909297;0.37034149725775917;0.4017567239468106;0.6345157714542242;0.6782156969859915;0.7078114374870245;0.6915517460948192;0.6613399284902011;0.7293119108228664;0.854261466755115;0.33339368689943244;0.5705596545076632;0.38583716267431284;0.8140164106291411;0.780599686299792;0.4589501549868906;0.26955390289656334;0.6177591840069131;0.7205761758392292;0.7807916958796653;0.8036404693304603;0.38858466581014045;0.4803047900976137;0.3598017840675037;0.3951436611201599;0.5865791214475408;0.3782335131742153;0.6187818058996751;0.4816950517355934;0.7278497923324302;0.5344826593995095;0.5758455747156539;0.6079208137076578;0.45550100343043604;0.5383979124138508;0.48106314479787543;0.6348283740786929;0.4730430974894964;0.43489557169174237;0.7876772991769863;0.47602981459280475;0.6876469043260576;0.6207532548946691;0.4208469651954782;0.3369616529472268;0.39314827741358443;0.4982721204504664;0.6853536910097789;0.4108072544244226;0.5424640977472247;0.45221925762080745;0.3903595022542664;0.4408804071575122;0.5964462814012749;0.7096816751073246;0.5508243991355442;0.3044429305165806;0.7021564541705344;0.6937945256019901;0.49816897330141013;0.6462127597966766;0.4632776948247718;0.770910722484572;0.6673722712541996;0.5846087498047566;0.6719438060710248;0.743799014058378;0.6112519584872996;0.4062166838076703;0.622693888208203;0.2781238567092376;0.7221461380958298;0.3462492878472709;0.5500461687059963;0.6614359617233276;0.3705159109679255;0.6442822557824096;0.43040830784164547;0.3644248988214784;0.42361369272966426;0.6184904421115444;0.4839545568930598;0.42340426014460847;0.5148319910359989;0.4680152455889762;0.5794455112701051;0.5324854835084762;0.6228168731498899;0.6564895453931537;0.5917551097858819;0.5946833874202437;0.3908711073831784;0.5297586552329439;0.4420772606635686;0.4465967038235927;0.4333674116024726;0.6352674936417797;0.7358356762235447;0.5664149195252072;0.41084568487769535;0.34109135068087315;0.37808329176647243;0.5741062382860787;0.4862817987572304;0.5313155493337185;0.612142444188754;0.8023054480194226;0.47308816696508244;0.5070727035956196;0.812148388017423;0.885620306866188;0.4981240903080201;0.7336082439233964;0.349183182739951;0.8048770849895477
2024-03-06T00:00:00Z;0.5739422244511745;0.4590007980092824;0.4597695528192102;0.6147279952798622;0.6442363249558595;0.3229064072045352;0.3152627340747446;0.5244115749895145;0.36346039010320874;0.3736923039347079;0.5245315118161296;0.33693992540453743;0.39082751031957563;0.36055657198865126;0.3676729123749419;0.3172245920040049;0.442465138528646;0.6072927989724746;0.5126290643978207;0.5359226165881117;0.3144682269075175;0.653924590807147;0.5444344635905363;0.4775243880112413;0.4164238235342406;0.7760828828169811;0.3150281915651228;0.22529250460507458;0.33481400296503755;0.8044912770830629;0.7536360434546175;0.6211614149214332;0.5079859055611449;0.5414637949392608;0.5496177692808395;0.3376215162505829;0.7466358789924232;0.7678483199296879;0.7182054529114376;0.30607288210972927;0.28139752283836883;0.2878974603373308;0.47917091984355714;0.6406843028437923;0.7496406536235988;0.8161239519851186;0.486066530514241;0.5303760078371514;0.7496241468888298;0.2692623310493973;0.6979387185417345;0.34790429006383383;0.8903343137383272;0.8795933574911148;0.5616942425523119;0.23356686373953064;0.5899349111351049;0.7517418634846126;0.831159833610428;0.8311867829073559;0.23586435300695566;0.42839279964732413;0.3021302978942958;0.4353473943204259;0.5397938911893434;0.2959714200686044;0.7066473563813048;0.30897766324942166;0.8200425297171962;0.6413577931404811;0.5976085736737257;0.5816256503218582;0.5705188943656406;0.7020208166647929;0.5353489835050221;0.5456905416988188;0.5528159859234401;0.30479325118559514;0.46526686542559215;0.33727113775272466;0.4524929068921951;0.6386080662693296;0.348248975410036;0.279453743227113;0.25323849738533816;0.39419523082075425;0.7792658957255566;0.26169095672348625;0.49739845158755924;0.3138145302004349;0.3030135745842396;0.29969190321424427;0.4722022168159669;0.44071848298062066;0.5938991658161763;0.23233632941983393;0.5580660460559299;0.7952577070617792;0.3464784473879006;0.5420829374922042;0.29220980421868625;0.521182708665469;0.432828066596777;0.6966273205718775;0.5156803653356969;0.6531632960214436;0.5670444910567528;0.4510287855462403;0.5454906498637327;0.2108423250454448;0.8279040268155918;0.2972281982535722;0.5963751411346356;0.4873824256609021;0.5153557302514309;0.5148327303781196;0.38628129668450917;0.4349951907580799;0.33196073229213935;0.7325017187813693;0.44203863989766745;0.34899366900542583;0.3778049001191842;0.4915547628413167;0.46549534931988784;0.38289606165024226;0.5963873756237519;0.4343807238322501;0.5557736575694904;0.6399640973347831;0.388586169650788;0.4149075201023977;0.31824387752742456;0.4895377836124165;0.31262524243936224;0.4033161334907594;0.8063130457220333;0.6298738047213962;0.2945418994453284;0.27616237310376623;0.2817954867031802;0.638369181824949;0.3701474581009568;0.42055744032126435;0.6854605943624202;0.5201576186877581;0.3891241429351252;0.5396010728460027;0.7457447671920476;0.6423065125294354;0.3264153012152993;0.7142799497729873;0.2918733968979656;0.5822979693648067
2024-03-18T00:00:00Z;0.7291339264933814;0.8111594807410586;0.8121046050669607;0.7741117653889958;0.8722262325310948;0.40838574062264155;0.413207865769414;0.8193695024683931;0.4535995925472105;0.4371018277597791;0.7563196665008461;0.44465574713839723;0.493050614320425;0.5650499997331603;0.7555967377915812;0.39563347459016546;0.5540811238659881;0.6710221211073406;0.9278108622522199;0.6819979734264999;0.4183723535253594;1.0450969901173672;0.6726869535068782;0.7228496281903025;0.4724521326167243;0.8410144863623334;0.40158893274945634;0.2961562678603263;0.40179021257883424;0.8403822243923232;0.7918951599269497;0.6785267064073396;0.6077372732588062;0.6709778036452299;0.583466162698582;0.424910124813773;0.9406076320566602;0.8682431310665708;0.7730541677465514;0.3471294591448125;0.3863587511927349;0.4121662471808639;0.5785678840389824;0.8084451197474091;0.7641814156825787;0.8201478098829588;0.6736203782652257;0.7149402621971392;0.8325087766424095;0.37542594975453336;0.7549229918770451;0.4125307549447541;0.864489253524874;0.797259305608216;0.8010083418583631;0.28838416657936033;0.7404281269552121;0.8565345188343391;0.8373840908607459;0.8693791682924237;0.36384570222465235;0.5046781774153275;0.36397526807997993;0.6376354319200718;0.8192616552543724;0.3773762539035312;0.7261738438709661;0.4558257058069303;0.9405463207114613;0.9819215469304088;0.7706401666236479;0.7209734218638568;0.806748711387923;0.9350429933800622;0.6725370409460714;0.66234388691923;0.6351909598601251;0.4229462953864551;0.7961142844107932;0.45357762202920326;0.6767805107367176;0.6287595163239298;0.5905685077851381;0.37492254277045917;0.3601583955200037;0.49633255970530116;0.9516465131456804;0.4800128972126266;0.8036530324958725;0.5301331677840744;0.40091311869110113;0.445451917506366;0.5494601526600381;0.6526339141606758;0.8099574242999964;0.28504662873813025;0.6955484009211665;0.9263629657700432;0.4436343905267205;0.7392504265138237;0.43622465582655495;0.7959301216395005;0.6565388619287607;0.7107664491020659;0.6680907728273756;0.7697655013901563;0.6672943164059661;0.6009770842111907;0.8243000401821076;0.26682626635704365;0.8744106878081094;0.3873718370039389;0.7829749953565845;0.6312311785585819;0.6663869427694483;0.683100972487042;0.4473276747638596;0.37056512972329486;0.43887060998706023;0.8022839153434882;0.5479453091069433;0.4626881147806461;0.527415836648908;0.3463720581574558;0.6430697173793336;0.5564416203944575;0.8003959875461951;0.7188311597598679;0.663451984777289;0.7742488806417616;0.508852614765804;0.5466069145585183;0.4909346776021594;0.682163763827403;0.4280852417619723;0.5552130031182919;0.7698565593053555;0.8362250824729807;0.4162745917630479;0.37355678121379987;0.40164282402273876;0.8458522616053811;0.48883996369645266;0.5253821036553191;0.9005979911940664;0.6990781428215846;0.46753967907741295;0.7006447970272809;0.834837457920274;0.812920297848815;0.5009874940391571;0.8545161753767965;0.37147864160422983;0.8142430411385468
2024-03-30T00:00:00Z;0.8962378610898782;0.6246714271444211;0.8767482255028902;0.895349441875111;1.0438322798018493;0.3636788125002411;0.3826866540428972;0.8313121024912054;0.4099701560088041;0.4084463459922863;0.890981396240016;0.3992616711986221;0.42796664292639525;0.579073471118852;0.6470392993679104;0.44622324466971414;0.5001145575008162;0.5865299474929233;0.9153624741546081;0.592970208448056;0.3247467458536183;1.1133181213064396;0.5358491296329128;0.7872275832766954;0.5159042569679942;0.5574029867288831;0.49883529810035754;0.24400135111224291;0.3721669040359042;0.5362772881148421;0.7809597877519471;0.6921450466981955;0.5011335462612749;0.6426699473186033;0.6320358222847917;0.3950783037205672;0.9323224205208149;0.7970213438310321;0.7567846522563033;0.30916368817402556;0.43088913167552123;0.34603000574740944;0.5500790856116725;0.7917644168055334;0.7817622220418492;0.8490175378877063;0.5425232392788655;0.5409588571607582;0.7958046879737768;0.40551355732120603;0.6146679059036421;0.3769932411270921;0.8589186973127139;0.5341192647485703;0.8888416962269364;0.25414350510184325;0.6518911115912108;0.8501084700301477;0.8457730979952094;0.5193704665607556;0.2866258903093113;0.34924841621587444;0.4186407715602908;0.6315611004527764;0.740285516934509;0.33977265739569684;0.5164487042672494;0.37324642550434445;0.8241168358174499;1.050796857485078;0.8343903120697999;0.754207055430936;0.7785983824939724;0.8733539986099853;0.6145650586760085;0.6700948599628112;0.48250683170411135;0.3574796486381876;0.5313001903409214;0.40805748558693355;0.5039893933824467;0.5463706372733157;0.5939068332440619;0.40990805042347883;0.29661873309638337;0.41029233505667456;0.7559867394137503;0.42639841399294265;0.7252140657420937;0.43720216074560947;0.3443976355435914;0.3497822567926231;0.466723892888202;0.43896190275003294;0.8376605474295534;0.3688599783614678;0.6090776252297566;0.7772928826021452;0.4252622272065182;0.5978729955620478;0.45161964468151794;0.5737644993870155;0.5652299481523767;0.5820726368996728;0.5776275446857149;0.6544086493660461;0.701936651633899;0.6688638080577618;0.8264270895639224;0.20989448131884403;0.6479395643767455;0.4803204257287853;0.8749879472170246;0.522565690795241;0.8627411944076778;0.5704680299333164;0.4045176512593455;0.44035022118828904;0.4377766733306284;0.7299868934764034;0.6052746901041481;0.42495725275202423;0.4683227373601107;0.4183818707563754;0.5597731625096182;0.5033646849830973;0.838569120164179;0.5389865041772097;0.5960080609391393;0.8298181819308336;0.5222038109588018;0.4452887889780221;0.38238462147478025;0.8350011887906612;0.36513587264114356;0.5312290961280713;0.6710919928150016;0.8470277560515622;0.3416649463295748;0.3387349968304296;0.33110778957577536;0.961208029154465;0.43066011917186575;0.4950853703047069;0.9460265204029821;0.5233407270363719;0.42141878370046615;0.7184464322095147;0.8740387111826788;0.6041724770201481;0.3788111709362854;0.9191879822202481;0.3193296122676058;0.5929446454824465
2024-04-11T00:00:00Z;1.2337714295488162;0.7842011383601597;1.0754280301789751;0.8909052510161299;1.1358909025307624;0.3849781654513571;0.4321903444890404;1.2061539015462321;0.36156281882256286;0.4046041091237593;1.1393294622997443;0.5329428873899468;0.43351533451081753;0.7280135815279024;0.4915583670315832;0.34751330197865804;0.4348251919431579;0.5494258453547426;0.9747997067007885;0.4183793060911072;0.32056783352804347;1.1113018044792928;0.40189384144161844;0.536469201499545;0.7089447421342255;0.6802198663716266;0.3770582719348875;0.3362425544800048;0.5372444631316077;0.540338606610765;0.8082122243149819;0.46212172537018814;0.37520941200023616;0.44566102954834946;0.633944696401591;0.41828424231464956;1.0719561749976763;0.7843496387203535;0.7137592402952058;0.31542037743339674;0.4536934710688988;0.36454017098786834;0.4388789476938106;0.8672833573763017;0.7986884984274862;0.7399324552133316;0.4756970984047888;0.4336967241839119;0.5923377792951893;0.5030598646514821;0.7002791531830452;0.3466482283791667;0.8767267158594448;0.596699776110195;0.9872960278621087;0.2785730563294679;0.6633325923295295;1.169459874743507;0.9181043822435463;0.6088973122035585;0.4690980846310355;0.4718806004801462;0.3431811785337909;0.5857377506552204;0.9238300994269659;0.3794613330737405;0.6035329417662738;0.33226016553051907;0.9663536425732097;1.0692803457071647;1.012011031327192;0.40897499282890865;0.8280597936075708;0.831832222092638;0.6903627993555173;0.7878485278864575;0.5531160017439977;0.43528756337356883;0.5427563452892167;0.33418703226380797;0.38517826505652225;0.6938196078092073;0.8315129818935548;0.4778587684676132;0.3488933841594154;0.39165152472580644;0.8069327823276243;0.46080856277890825;0.8639449157673055;0.5879206552873648;0.34096869387509743;0.36380341582876796;0.32463660834491115;0.4828662576992147;0.8562664907166128;0.3338145327511705;0.47837300825927215;0.6886014408101844;0.36146024843884383;0.4844406029898605;0.42705722946486024;0.4296561805836415;0.4125813297788408;0.7529379491183797;0.4471058866812244;0.5095862425512885;0.431898587191525;0.9902650430009645;0.9125601702761875;0.26853093785725246;0.6531087815956035;0.4238447083710389;0.926686287570349;0.6303265794318598;0.9431991324139419;0.4097795695449351;0.42413547705575577;0.46201892102518205;0.40883323250906733;0.7700845261914812;0.7950531368454298;0.41650029124381643;0.4069379854473076;0.5709322648851768;0.6274310938844626;0.4278738951337505;0.8938447405659192;0.4293912335405632;0.6299557993583607;1.0054730262814298;0.6897147128503752;0.39448224671005344;0.39971610804398855;1.0156433886811813;0.3695647462031268;0.415063607036108;0.7514979303893397;0.5283065318113292;0.35091478057984893;0.35996980139708074;0.3360390515598992;0.991352780988985;0.455597682898033;0.44888716996819883;0.8791535536461279;0.4752311003126159;0.40106903283169476;1.1859054996834923;0.9579924374079027;0.5201848383043327;0.3563873395096324;1.0145344461908332;0.43895176590631846;0.48007252967407243
2024-04-23T00:00:00Z;0.906671921358597;0.7112214284656692;0.8217143454095897;0.8869821223625658;0.8417653230279081;0.43889078797768305;0.484379604217322;0.9589783620121876;0.37541184630388336;0.3566499165028607;0.8685498245135702;0.4163024938546571;0.45978566028865897;0.6519252149205487;0.5302724729041498;0.35619476939455763;0.49932707423237327;0.5240661102253874;0.6538553918941463;0.5429554277021844;0.30651837034870527;0.8136109611822289;0.5518556989781507;0.5552048829349724;0.8892808590136784;0.7356685572464727;0.3655338937329765;0.31059827936486106;0.32688764898941436;0.7748783370882174;0.7326038984619841;0.5028388322422944;0.617239897178541;0.6073079543002461;0.5611648037170296;0.3109343185368774;0.9227382026245444;0.6506568297865938;0.6217350756336829;0.35766232062809405;0.494661385987915;0.34415288309723857;0.4522062283942383;0.7275370196482845;0.6554356815826471;0.6307234303976978;0.5347076583849756;0.5358491668578236;0.5825011937002487;0.5368141368853713;0.7538098250589673;0.324898880239371;0.6231297061723822;0.8165924590468783;0.7348702079806773;0.2658274355856294;0.6779194015976147;1.1659979176580832;0.6506337495694249;0.7852564216182943;0.4810898616208961;0.44978482298359107;0.3155166025283516;0.6195648645048935;0.758173716389348;0.36266122149357655;0.7058469555507322;0.33152100969023407;0.7357632849387976;0.7414506647670478;1.1081629858633806;0.39569713907056325;0.5576344115167762;0.6146298596908996;0.6127218204977302;0.8510816726554248;0.6396043031833636;0.5269319808444082;0.5866373303931119;0.3142014216270335;0.7136381394791936;0.690580644548362;0.6667221370510173;0.5309442101664273;0.3781721045459236;0.4188171946455818;0.78432380687873;0.4808976815259161;0.7215625280229085;0.5732967273624906;0.32474630188080594;0.514979721558277;0.5873412712140776;0.5622853340622926;0.795632058234697;0.43294708256232045;0.6643856298949944;0.8158216674698562;0.3891236773207168;0.8344520662442176;0.5067359238898512;0.6691801274764347;0.45172202487184315;0.7504398231109192;0.6433491807274914;0.7077750933095761;0.36360917084769373;0.8048267017777693;0.7972029428386209;0.2687179972239919;0.7398943136265171;0.5501580224032372;0.8605199835260477;0.5907735083666112;0.8130680354267882;0.7542273380477641;0.46949636179596277;0.3166493667832974;0.5387796347205703;0.7063294444737334;0.7405804560601132;0.3939936383322067;0.4597134279484791;0.38529774488059715;0.6396858442027813;0.5276724118311749;0.6074708739972927;0.5447773809000006;0.6818999705192085;0.6140941228042397;0.6560642961136312;0.460242146540972;0.4438043744537701;0.6395030517589692;0.3942577800906076;0.5388424810251886;0.7097203586481314;0.4929939710968394;0.3893841057721625;0.30255954750596903;0.3628324900217895;0.9892305571072354;0.3530676186105429;0.5100129840871374;0.9876299145380183;0.6140594051844658;0.4337226427078247;0.8800116866572291;1.043432594214845;0.6629093708470464;0.36751984326032605;1.050560639035411;0.24549233957242114;0.5757720673786613
2024-05-05T00:00:00Z;1.0774646644845551;0.6849524884772815;0.8767337857416212;1.2217196394373346;0.8892658688203253;0.34794302588478493;0.40705983846188726;1.1381423330358538;0.340888234676343;0.3575763771582239;0.8677803321752405;0.3511807399118524;0.38986535256666616;0.7561439671764195;0.31191945515878194;0.3741871153843635;0.40700054451133644;0.5601707394440777;0.746170490233708;0.4377816158456977;0.3472910036420026;0.8394235739054893;0.39643544354085813;0.3284400973160167;0.9087879736331607;0.8370798084758061;0.3558778663741509;0.3084863290094145;0.25426746331946826;0.788888613781697;0.6516220202555462;0.5137618575752165;0.4337194055992331;0.46766092727081776;0.6374956618179755;0.29590482080896297;0.724479454266935;0.8209828794503412;0.7366803525577462;0.2723793458951875;0.5848630097897156;0.46129151839156485;0.4115636505132712;0.9143207825232889;0.7974387874474397;0.6781248112851725;0.4287880966820262;0.43049211066847454;0.40548725561993565;0.5030396976149999;0.9329511921271137;0.3216084706902715;0.8370614702725292;0.8350954184179786;0.752905221236476;0.3106460320638822;0.5695146013410153;1.3616272391855415;0.7389948617111886;0.8445639074944062;0.41983122924963634;0.40788153648376463;0.30158299325617427;0.7628892786838302;0.7170524134228882;0.35249446621172414;0.8492526485562726;0.35912722122319585;1.0446186690411439;0.9237492044063444;1.3638181855587126;0.34912263080939526;0.7108078657204419;0.7096917376749297;0.7576159137016576;0.7913673030414442;0.8541249702745267;0.4847873660778582;0.49940287630732466;0.3675321925294439;0.3330242175514562;0.9128622958489827;0.7517042337766578;0.4225409287635399;0.43754819825120356;0.41739425190996915;0.8401907234972921;0.44077389019316643;0.638177446469826;0.6329627913630456;0.3069421758869799;0.5078873509021193;0.46098459244051004;0.36771739589429536;0.8172738868617496;0.33244737400722224;0.46263778298632047;1.179209316697724;0.32740309660358985;0.49179725335291175;0.5300109521909193;0.4211645957329132;0.39490557357725536;1.2525657625630717;0.46683733057324056;0.4605531643781599;0.3569831029857357;0.9487182645585088;0.6895999939688734;0.35927030593097586;1.1777219864163115;0.45186382844383577;1.2356697147582476;0.6259288447843471;0.8820346132504326;0.5235672854764558;0.45415547970565034;0.4945870465535788;0.5384653181274474;1.050044660844841;0.909577059321419;0.33653259969406046;0.5482738477293797;0.515323562579679;0.6019365848465399;0.36883092422735897;0.6592061152759614;0.41697982436901815;0.6453117786295701;0.7042950096167732;0.7800414000063085;0.6048326366897293;0.6369690350039795;0.8750602201149859;0.34651384517072054;0.3925895362416803;0.8390984000303806;0.376801606454474;0.5099070886971573;0.33732030244603367;0.5179091539753163;1.2455498905025306;0.5246819344625249;0.4436044403862717;1.3202107894830604;0.4621267390353485;0.531186693251133;1.1247179049864213;0.8052369519585051;0.42730181736890577;0.3815173950044028;0.8019246179617592;0.2826655148103688;0.45198489421172816
2024-05-17T00:00:00Z;1.1875989504346778;0.7511866043011347;0.8487214178498446;0.8032203108072281;0.7412944624520311;0.3550852309498522;0.4037358508924719;1.2048884936012274;0.43502693740712806;0.3968820760110231;0.754413817209356;0.35942262501214434;0.5579312497846075;0.8053248127108358;0.3651438456394072;0.4112306742795876;0.5329104145375932;0.5944228330065088;0.7371971285387445;0.38267692656745667;0.445985306266676;0.784164125525356;0.5565295577390365;0.434406854312447;0.8036757221860632;0.9521028105742416;0.5117840099732581;0.345103568133476;0.27628984800363;0.8791377622456777;0.7399898459108508;0.29333108665687696;0.38804268025928856;0.3442016772189657;0.5927313878569963;0.36725535563334627;0.7510800617605281;0.8374806484755348;0.6162118933030537;0.33809513510131817;0.6965691062840148;0.6278780028867763;0.6444393633958554;0.8787028501245463;0.798810257353932;0.6245348057688109;0.6469951722105447;0.2686284886688236;0.33867993270454605;0.3599795920782769;1.021722975146777;0.4827122547952969;0.8181448781588039;0.7815805117100901;0.9109959843940603;0.422867756997866;0.4758043718382859;1.2338495514561976;0.7421619037022957;0.875981738274715;0.4163717566008429;0.4491830280805387;0.38810359245078674;0.7894254757298363;0.76585195820989;0.4276403901602502;0.8254195371422396;0.5570989299291058;0.932512216253595;0.8293577813050326;1.2155986442642157;0.36654816513801736;0.7348950963282596;0.6991832803826387;0.8427533968681363;0.7765814677652845;0.7266668025485695;0.5072881473171399;0.4410497985489957;0.5043603920085089;0.35663470003882686;0.9394692539662207;0.7153011389472634;0.2746718151781633;0.5198173790142454;0.21225363226235563;0.9696936281560429;0.5454402611610737;0.7333111743727635;0.7085979146696535;0.3572296666604958;0.703207100072556;0.5299554031103939;0.22573522180828245;0.9613860989222094;0.36084921297088035;0.39487550571282976;0.6953631384032113;0.5854747709419634;0.48536400042971883;0.6708927470701691;0.5391593821766082;0.240617035457722;0.7302594853549444;0.4180833813806647;0.3680620370678671;0.3813184803507081;1.0177454716965688;0.7287851858975468;0.3560748889327817;0.8766076153873101;0.27075035862629204;0.7276374357071711;0.5182314223844674;0.9372720340715033;0.44865728036852215;0.5587961061625676;0.44219472312051006;0.3610555281874738;0.797855260814902;0.8813310792591794;0.3110701147540551;0.6809676602434661;0.4505966081251872;0.5343073472007072;0.4439774541074921;0.645304115011977;0.2959773463989257;0.6060568890204796;0.6933036481490544;0.7610002450207568;0.7315557241943994;0.7028193684979122;0.8108396714590422;0.437315115355117;0.249853075374509;0.7536057108997279;0.37223702360184635;0.6351048349272748;0.4607960415168775;0.6136863674794402;0.8442339532114324;0.6024231383942796;0.4391181076437364;0.7460599705591665;0.427311443251698;0.6325379328966141;1.2339285948533871;0.7303169686064169;0.4531036474410393;0.6633359595714763;0.7390097363159152;0.3645413208372425;0.4084466507663277
2024-05-29T00:00:00Z;1.2160604747583559;0.7481305330991745;0.8921838474194541;0.6860628681010511;0.8493045530535958;0.34709222630401665;0.25343796898469995;1.2143726231996643;0.6639717373802764;0.5424874616123398;0.7796773074957348;0.4297159011634748;0.7159074267770082;0.7915495553458017;0.5236583248513154;0.576273086800504;0.6586384547068559;0.5448401450397804;0.8068904808465719;0.26944456238318204;0.6780621687886794;0.9411455086896574;0.2577897580370841;0.5746677661224447;0.7804785728696394;1.0364891810293628;0.7451611391813806;0.5385917800098464;0.39551161093029663;0.6946879714524665;0.729530555982979;0.3210003361084601;0.2590344135541862;0.30003719168699855;0.6352115199852041;0.5424972840640976;0.8101832270694792;0.7819468795376665;0.5186670177157909;0.4648036783235248;0.7818000217787978;0.6665095600247797;0.6403533500204329;0.891238191695971;0.6998780164039116;0.6572526453926069;0.23354310245609075;0.26515247823412413;0.3419838886899295;0.2965386731336903;1.1246666391362172;0.6914127522099348;0.8808899684832163;0.7828202766453108;1.032442304283541;0.6236979902472044;0.37524569599722774;1.1792341607515928;0.812618127021189;0.6908718899074124;0.578406020279604;0.6852612217914227;0.6638837284089735;0.8942723730419577;0.8285624983170764;0.6404288453440912;0.683751825501944;0.751313931953248;0.8401438907192005;0.9869030942607419;1.1976283973451967;0.5291314014105117;0.9066601235622881;0.9480346937346235;0.8376575522124767;0.8040904539541794;0.6386868570587795;0.5714695577222356;0.3936312732142236;0.8312514708750762;0.4375147493353421;1.0227839706296271;0.7245589819112774;0.3617750639288211;0.7802888545154155;0.30688620978352527;1.007058381692061;0.454771611170891;0.8153736013192396;0.7572890311170812;0.6353316045157229;0.7500537692442448;0.278605267725562;0.26944565203001775;0.9373001865674436;0.30062892917825396;0.39539111062542914;0.5119790872451382;0.696827899792247;0.4835628635095523;0.8130378385598515;0.24798754066374093;0.2368704961066598;0.526196852099908;0.27821041389715173;0.3521794084198437;0.37989884098653415;1.0433917293150812;0.8221303914577553;0.28490950276460614;0.5874617116940029;0.2957876905165527;0.58144272735049;0.5175553409978958;0.687219075404915;0.39780528637181434;0.6448117623468018;0.4490723072472265;0.5485842090973765;0.562399752679988;0.939823676351529;0.4112234250176698;0.7252177640121509;0.39048268848323614;0.6390614611162266;0.5976850546686607;0.8477934055933447;0.25632666446689595;0.6880993364781004;0.7431247899245167;0.8270880668337224;0.7905361165531444;0.7908394700296894;0.9189987349928471;0.7028918610710018;0.23255768886509487;0.8691867844671266;0.4379519396581896;0.7249299674116959;0.6367345635019953;0.6800883193087288;0.7083539184856196;0.6771659379599416;0.4378195131328485;0.638184997475861;0.34732158872495383;0.7057989215831741;1.2079318056918638;0.8461144729100936;0.37493872322974775;0.7475949289488705;0.817168270068235;0.6564616802259949;0.28922918763518335
2024-06-10T00:00:00Z;0.8915396982874931;0.7282303421617412;0.7463719887189528;0.4936110648323762;0.8599662906593747;0.38508151070819163;0.21489879268055107;0.9325692011962408;0.5822941301282772;0.6536289666237158;0.8746765852964598;0.4056240245041744;0.790472937994549;0.5145328152636531;0.4466394134484261;0.6642586194771877;0.6524884819074441;0.47886672290034044;0.7780893608218148;0.291586825887398;0.6117799242337545;0.9602993526466334;0.2610223460785982;0.5012434249394226;0.6642789302947755;0.536284857723559;0.6164352484234613;0.5163936934851366;0.2585879733959992;0.5321506650465623;0.5756281762719749;0.3670851961899026;0.22679318241396193;0.5540396683590599;0.5818606294875627;0.7131599033291554;0.9611126908032117;0.7475680048714896;0.601262608305176;0.646641505498747;0.7609685213512386;0.6790445248403076;0.6632533353403699;0.8113479850717553;0.6430358252428321;0.6128951043531459;0.6968107730292528;0.36476535664306414;0.40243534885196236;0.41237010614471303;0.5733570406847953;0.6760830118887916;0.8143013228069652;0.4317241181421468;0.8234378282928541;0.5470674921560159;0.3495779065883526;0.9038842141367658;0.7587546420633985;0.45697957684480867;0.18974178834662148;0.6297242038194524;0.6423262589662888;0.5491571558411981;0.9214604862035972;0.6271127125228251;0.46857787569280435;0.6478524327008527;0.5201390885742707;0.9925038695161106;1.0575448966082437;0.649805988529663;0.8814619973868151;0.9242884488468118;0.45813057489906406;0.626807399713627;0.4099069002594637;0.6552552907581789;0.7962514126152659;0.7065900202337013;0.34043873273516057;0.5132657745946599;0.6871307333202205;0.28142867929510085;0.8243122063834092;0.6763893129309755;0.49055926067988953;0.62309384828637;0.8773025617203296;0.7198954561017032;0.6678642882145641;0.8286368247336577;0.44819851977657166;0.5563738178288297;0.5291008552875411;0.4667862017449593;0.6248143950606859;0.42835964704068696;0.7248761605186389;0.4337254165110258;0.8293778687537073;0.28478367209925326;0.24775710123898145;0.41940320875101184;0.2652885776966167;0.6486005990376268;0.5627734583487058;0.9783249205748124;0.8551608164361325;0.3375970673599748;0.4876358071579874;0.5505701328988934;0.35367606550346326;0.5254327284167017;0.42307079398187414;0.3818702173282063;0.6505002939641993;0.4011585407462014;0.29323533039894845;0.3904361433200171;1.0056159396966298;0.41261096181338314;0.856942807866177;0.5215802561606605;0.6531094511349996;0.6287475729000896;0.7805047380371075;0.22898411861255893;0.8242770098609689;0.8028001456120923;0.9186124034116464;0.8456176273111489;0.8022171796829392;0.9378707076106423;0.7435941581456167;0.31182273622529316;0.7552437877233049;0.6377970056403991;0.6573105541866602;0.6592196305759515;0.7725500892691252;0.474988212063199;0.773107765093394;0.3978001402762381;0.3828471070894646;0.3343899949106024;0.7911257763608373;1.1374522671990028;0.847088599418269;0.31156308034871516;0.7281877236296448;0.762093033386031;0.7383977179836863;0.7018694057813287
2024-06-22T00:00:00Z;0.6552991889928222;0.7148023319582567;0.3704023110317286;0.5562102442107549;0.5463375952881826;0.4417077726353023;0.28890433524755277;0.6452000444089329;0.6922034837406764;0.7527430844456231;0.5585090078450926;0.4338253639370711;0.7782130484753816;0.47222261491270884;0.44468757908721707;0.7021920650973356;0.7311011058861442;0.5570807541713055;0.35850457948256437;0.40809808956956284;0.7501088385234088;0.4752673824068972;0.23261456733204788;0.445746317967311;0.48155379959779654;0.5113596034675827;0.6742725426228202;0.6283668257825595;0.3287728645664019;0.5114431720709682;0.55929449638056;0.30205540572342543;0.2511567485105044;0.31660396468285557;0.6216950340095292;0.8055366459604981;0.6492340166595882;0.6766665589905554;0.5918956761195407;0.7303564553969615;0.6595354236555295;0.6606480787431492;0.7498804491282416;0.8705352865300089;0.6339534830715922;0.6259659598610416;0.448510964131798;0.501000533782585;0.37600852508593685;0.30982485454724107;0.5202682816128429;0.6840476741104625;0.8677655339981458;0.5396710412565225;0.4918061563663534;0.6850744292250237;0.40987261871938657;0.46063906404490584;0.9026364725818901;0.518451125933084;0.23187084458049373;0.6976067499227302;0.6836963707168631;0.3719843499738761;0.6550180500755038;0.7182480496818324;0.46624577647271304;0.6556499675618906;0.5593396650308988;0.621348859448182;0.6623418177946948;0.6227952268458153;0.38381064789055025;0.45529869622379676;0.375230064148935;0.4894485546434228;0.40435028477804735;0.5182072469445526;0.5420247543199203;0.7597265153812552;0.43818335910663053;0.4606856322533287;0.46511652879304194;0.32249528528234667;0.8189841017539051;0.18175428430651652;0.47688701686588747;0.7405605360446684;0.6811295383802155;0.6130096926519522;0.7383777525955142;0.7840272256015044;0.27061277320050064;0.234746070873993;0.5833839240273911;0.4932995622070934;0.8551967232054762;0.41025906039644056;0.7392634678267278;0.5194852224534952;0.716871654485888;0.38879558491320154;0.22455765055797292;0.32062973816407586;0.3484883155624435;0.7073234265914483;0.6017113840391133;0.7399376857607488;0.6923162847367963;0.5490821351489038;0.4620675167538286;0.3057220563720698;0.41251635508103807;0.5945375952922123;0.49912657116701825;0.4568429231163854;0.7670500387901861;0.44992164021757486;0.2552062321353603;0.3939302572943121;0.648211777891988;0.5332777436949521;0.7336911953211381;0.5500660934768941;0.7083163881737194;0.656113432752393;0.6104090001704443;0.466013011088307;0.7816586629826893;0.6191822347818874;0.6860101170782599;0.8058753115472788;0.7350693637914512;0.5476742555053937;0.6651076803359242;0.2777705404917328;0.8011870778213113;0.7166770219091867;0.8429784420206936;0.7184596328998355;0.8347018876035749;0.5032209015051222;0.7972873007057439;0.5469956038705198;0.4267365236592687;0.40953869748899036;0.8029955595445174;0.8314629960973623;0.7696395096312859;0.5038839039806128;0.7422339723668788;0.7312485451153964;0.680794163897001;0.4573988444311872
2024-07-04T00:00:00Z;0.55884928980956;0.7593103800501142;0.4368697278915969;0.6287255723433323;0.4412156234555427;0.5200410933314439;0.2626517407245037;0.5944793805984946;0.8105956291085387;0.838459062831482;0.4982233861807603;0.5619890726762237;0.8903857972070253;0.49068325797219503;0.6576178349841383;0.8551503580074769;0.8303707277659587;0.6475611664284922;0.4389905533336198;0.46920766693836574;0.7404550972726939;0.33634738233039513;0.41054941322039096;0.6436724118842669;0.47611966299322933;0.4290739777111263;0.8514343054039674;0.7007634327341276;0.570272946427403;0.5724848384066172;0.6004448075075539;0.7681227210424147;0.3009614204313962;0.7273580123553665;0.591287479952986;0.8240669367479275;0.7473805131050792;0.6729808365778317;0.5902374712602486;0.8050290143489838;0.7924504530222414;0.8164853585167906;0.8021299919073887;0.8159803951455054;0.6281981781313691;0.5889241088892667;0.2071908995489422;0.7042531393156551;0.762296133982086;0.17151582985765762;0.42474800927633716;0.7810063392143362;0.9132717954330757;0.46286258024388344;0.5574518164205404;0.7797840822863099;0.540834612547947;0.46839258932878103;0.8569890035361778;0.5058720154257921;0.26635073488408867;0.7401303290987814;0.7559227926030725;0.38057818445728053;0.8271306971541641;0.7664798346603863;0.3791829106403725;0.703134274430625;0.4656100197136402;0.5370219987226447;0.49102320422930884;0.732684607448381;0.3305426024572978;0.3956861523889451;0.3282370851116462;0.5371782422417639;0.4067066198815272;0.3989104413197129;0.5232078737277779;0.8158131441344385;0.4699976235930306;0.4333984316972874;0.36350480997698253;0.4301980620107533;0.7323968642820037;0.3890368382876309;0.38754433279354966;0.894303271264741;0.8074558552935246;0.5322346324748927;0.8136173669991835;0.7346822541769383;0.18318403773009778;0.30716694031162595;0.41600536214683553;0.2859079164979115;0.31643510693869525;0.4557641938011697;0.7602395151201533;0.43854141482339676;0.6219898592056841;0.5044770105505031;0.10041235226054393;0.45396370113489515;0.4209119317443564;0.2623426454426235;0.7527561104783262;0.5188440585035389;0.7940845808979493;0.7985754327294026;0.45230828556389235;0.23350053216037422;0.49976113933043986;0.6148170113563538;0.42340205301461303;0.4213197930120477;0.809501523158901;0.4237785000543473;0.2789859343421252;0.42945629482151076;0.7043363503538645;0.598356564683974;0.7362571000393938;0.5879259444449259;0.534710049203464;0.7257161041419485;0.49065856887222015;0.5681512263527196;0.8503582069268649;0.4532610316293827;0.593477627012561;0.749062409616869;0.671042402291379;0.5155034043894857;0.8273568808975996;0.48625092736385284;0.8088424285252889;0.9076606873585861;0.6438378404211559;0.7578179767760052;0.6778950197856968;0.6199201546970694;0.7357755144258286;0.7089012791811314;0.5353249574223484;0.4699645973550312;0.7272823645338213;0.5171905277349058;0.698708202678563;0.5080810982460723;0.9018404586775108;0.7919345095248064;0.838494812982785;0.3581819592644361
2024-07-28T00:00:00Z;0.6615304732796087;0.7575239961524661;0.3554174252343673;0.7371192779167589;0.4363487929557309;0.7548699340618709;0.19061696419528748;0.5018625946581451;0.9081549188337457;0.8289012069772079;0.4153612514820275;0.7465487718037155;0.8920633603497093;0.558944864305635;0.502437816259309;0.768464046878269;0.8295188091050691;0.7917998129561447;0.3298504792992429;0.4176223915704607;0.8534364778268246;0.4239353269238593;0.18894783613986746;0.5684239020457074;0.6687414509105873;0.5214613051382098;0.9060818406395942;0.7042114054891228;0.6185542811628231;0.7964742685205677;0.7666056418998374;0.36226139164777915;0.35246986595342805;0.4540603766320171;0.6487087810443076;0.7913953404249711;0.6680965458622474;0.7202756162437182;0.6593173598604543;0.8433696473450274;0.8336666621336429;0.6971170054910906;0.8648670586621287;0.8601569327238564;0.7087310299742967;0.5712633926583373;0.5403741442126575;0.4389608376879033;0.5071385923572668;0.2130973671327334;0.604057980779798;0.7343685977351634;0.7542287193214778;0.3843725848897004;0.3823739617354623;0.7622119156106206;0.37238506270813293;0.5097537622101567;0.7258424798230538;0.3600206051494684;0.22021982723229155;0.8074062380599798;0.7468523503311219;0.7428864121317144;0.5931791338086657;0.792390380622243;0.6966421698535528;0.7595968769642388;0.6812461869892223;0.6585003710844938;0.5363440375075931;0.8204843699386019;0.34329282363137553;0.3250627877807981;0.6682920824938379;0.633100409198933;0.5956938826065097;0.41597954514319113;0.3818076612311921;0.7911952147107837;0.4272389440264151;0.6166133262429918;0.5916297193173677;0.34830954148042187;0.801183284082632;0.2724571959384686;0.6288540725920373;0.8352843130475099;0.6106270543574479;0.49713225152757434;0.7739762944457391;0.652128911306215;0.3167507090466781;0.2538861530045791;0.6160211111649428;0.40779919746178933;0.7256770815670095;0.4797324849199843;0.8520105411817115;0.5059536549604386;0.6059546676445463;0.3252293049400696;0.11016368797436181;0.5198260079327369;0.28984129612330256;0.5149087694827092;0.7351345542607669;0.5092147245217956;0.6045797445944378;0.8927100497193869;0.5258718362121624;0.15042495402569214;0.4855954047451856;0.5735250398264093;0.4940165996497573;0.4599549857495896;0.8008569218748207;0.41172771158348453;0.21839197418387826;0.48304155467311005;0.5882305947023553;0.6157596437941015;0.701425380475083;0.5449459485448244;0.6531611433343423;0.8535967723894561;0.40223448451661387;0.3883826817990732;0.6614794615650398;0.4026187065932662;0.5579516487206844;0.6406005130031402;0.5749293833291392;0.43699733577544714;0.7532437175653557;0.19046290293561235;0.7543392104407152;0.8758642659870544;0.5988631111683584;0.7982574169738934;0.6151616390063384;0.5536654029434336;0.6773540555149441;0.8025712664848492;0.532687435465492;0.28287749672212553;0.686890798702156;0.4949363395536297;0.5907901716765509;0.2038006556312877;0.8527149653289376;0.6373636302501446;0.8398531444744375;0.35734544997736406
2024-08-09T00:00:00Z;0.38614570961998074;0.7951581359341524;0.35695590044639763;0.6946330227206906;0.39990293364556273;0.7877847907491764;0.25051049432840433;0.4035770293705538;0.8975337658660106;0.8574033647693651;0.45829993576110406;0.8202869202816798;0.5486182105914653;0.46687826226452117;0.6510288494465938;0.7982892313110295;0.832290292684937;0.801049930290615;0.2921982835920674;0.5649145634270825;0.9198190728109105;0.6165112451311764;0.2997881658618292;0.6866080160553176;0.38024857628249353;0.691456940111319;0.4601964490732761;0.577914809769302;0.6797861573612614;0.8613307958474983;0.7035557609279545;0.5603345419328897;0.33818419254267934;0.73524788215811;0.6418725930857209;0.7721807626094115;0.5996873833968176;0.80929219648242;0.7110200995017611;0.8042180322267635;0.5900469103400581;0.7093168558686215;0.9362536512125684;0.8020784820395487;0.796435456806288;0.6428579505795003;0.6404543012684706;0.6969318888573484;0.5247265608796583;0.2938502858763179;0.7334218343733167;0.7653468024744744;0.6778892471681411;0.4231296356390171;0.4424904000154806;0.7912743731179221;0.6566378821352127;0.4328731588488791;0.7288397979106962;0.41510102490167033;0.404947430966197;0.8345919372920317;0.7473749400985321;0.7929449137958099;0.5846000811850378;0.8413607147059898;0.7570946605169891;0.8618289691819624;0.7529237094892819;0.6108042398505896;0.4888818754966176;0.8371545942017705;0.34992094715445776;0.3093200696820668;0.8073156119195962;0.7612477309037666;0.7222005380211645;0.36350715127799027;0.4673512931350324;0.7439541095231152;0.39682711046499114;0.7423366126604378;0.7137737095380002;0.37656751299922203;0.8788168997567049;0.289952297958287;0.7937958943882173;0.4604568279841367;0.6136765430230309;0.34635165648767496;0.36021644894303406;0.6367256943290756;0.3280685193767462;0.38518757768639506;0.6686433238795634;0.4520536576557831;0.807098219000836;0.5374047131743849;0.8850207986883009;0.410494559750371;0.5916656226204232;0.5638447260864933;0.2670846594202342;0.5571264358025235;0.4437764245531129;0.7565518519497879;0.8360393447009561;0.4128061669230518;0.6031236573993825;0.9383757268253285;0.5446469623913514;0.21004463267225068;0.4160703224645711;0.5734917513128757;0.45705722282114236;0.4417172655931876;0.7950239957043672;0.4368559898004898;0.2732554525500391;0.5992234712776018;0.5021099936867517;0.6534038462365667;0.6910615757719735;0.5717426944981542;0.6335003342708396;0.8527854624766323;0.44477962887718936;0.3575111197651456;0.7115327662820048;0.4496473084238992;0.48046019886924224;0.6701142577207029;0.5444404830231148;0.5372495107695496;0.8733241139322773;0.22639038717653462;0.8207859412619942;0.8867635302129989;0.5547256181579998;0.5230313740930065;0.6208922946069086;0.46034889048957206;0.6864192450978119;0.8954321166653654;0.43093949482953253;0.33484890943622136;0.6554974962910303;0.3563387874139383;0.5350102813332902;0.41060144320886205;0.5333502935865;0.6097183355431701;0.6064951726507817;0.3800750925946236
2024-08-21T00:00:00Z;0.4015954366128748;0.6878887379808085;0.3945822310072782;0.6091910950593404;0.46763483612167256;0.6047855250971697;0.17423052492700888;0.3873741777676605;0.7428886574048262;0.943449202736936;0.4748240338762601;0.6219965674487682;0.5130149929378277;0.39347728143573546;0.7115771913403771;0.6162629399124209;0.7476138100958235;0.6573320735891176;0.39518938336611237;0.559626594664913;0.9672393147024485;0.41419640372883765;0.33974687143529275;0.7744039998263516;0.3586246899308346;0.7511836067954106;0.43490326684317987;0.5681933404152303;0.7276131721774927;0.8752446826724167;0.6857815943091049;0.6041172103491014;0.4830347865688973;0.5740033081669694;0.676286453630669;0.4548549595524561;0.5314418917662326;0.7659187646222716;0.7129045349383165;0.8898128180924357;0.6901803099700766;0.6722035156759222;0.8701172214673842;0.8012578423633132;0.7587788663626854;0.6321919065234513;0.5717635191117884;0.5506752942004178;0.5806522796904005;0.3532526302650054;0.7228329412573498;0.6139574707274446;0.7318334665161352;0.395090633626037;0.3850661050900245;0.8676729241177982;0.6879881659050985;0.3914365821664557;0.6921076614827422;0.37209254829569577;0.40215163513765495;0.9033482171303733;0.6148503633928395;0.7263551959749199;0.5742507760984508;0.7704094275615679;0.8252179877267058;1.0267645700254604;0.7805485414204547;0.7766633023202947;0.4458073057203806;0.8599981195415066;0.3604871007687286;0.32118603913130306;0.7169525999506298;0.8371283318925126;0.8042012228980234;0.34197929838116753;0.5707692401014643;0.6082172835375913;0.34878939613466353;0.6741377886102264;0.7261437319453634;0.37035263064204615;0.5938336158495977;0.38378103676973446;0.7376751317792566;0.36994583667095365;0.5329879932907714;0.34603956979472;0.3180328154823358;0.6339508122852389;0.40338441794370833;0.37907444269399654;0.758612468972695;0.614003292540609;0.7676406264261159;0.5957444655752022;0.9518730680191642;0.43473931305083163;0.5639826226734116;0.520905483868551;0.31417147454464045;0.5962547397541675;0.5081573689309774;0.6671751870931638;0.7781133939539785;0.4014194047039303;0.5147303883289815;0.8428898900320604;0.6735093186126051;0.35841230636093474;0.48580945308847334;0.6093960825479432;0.3455386199685302;0.38565981156225293;0.7032498889527893;0.4134043333787085;0.36430737259848256;0.6562494694817075;0.5490921741513194;0.7637595338338601;0.6331994809049003;0.533376146511082;0.6629389136945222;0.8203631119621408;0.4827500259565516;0.445620320204037;0.6621475160393672;0.5981478918371824;0.48651412773813324;0.5754662969650592;0.5155696035313663;0.5975905485987592;0.9831182956414137;0.28204365817439414;1.0039699430051057;0.9110196902814515;0.49288779036264646;0.3805566127414818;0.5675261062717883;0.431698176033068;0.7384836937658664;0.8675081327797014;0.47750097148915427;0.4399112905675957;0.826796051743124;0.3526691087190574;0.48172061822442475;0.5189071022397046;0.43343419373908226;0.593737316913292;0.4753256363260531;0.4126270551360967
2024-09-02T00:00:00Z;0.40278409330929177;0.8184104163731848;0.4526678196364373;0.4979694894768975;0.4368986022858485;0.5877219750844048;0.27991306025368273;0.417158108256686;0.7353978660496747;0.8209838567343175;0.4662757153419806;0.6451387844348666;0.4598695274745049;0.4110656783870752;0.7119437649904975;0.5259952948729795;0.5473646738856935;0.4895357781134398;0.40724814599569964;0.7416017814942051;1.0514465270161835;0.42784887662200916;0.49687919248618295;0.7685769610513878;0.3509445877786644;0.7218746415927244;0.44860670454097246;0.4471648995258444;0.7504047977081901;0.9039936520486404;0.7005904604515392;0.5574006708952622;0.3638052962537988;0.5806963223164484;0.6619382515073495;0.30341968804174746;0.6944560786507872;0.6313979647597489;0.6303008596102396;0.4699414543421299;0.7824068375224066;0.7314040511671028;0.7671725936021285;0.8132715654764937;0.6028426844031086;0.6460955597345646;0.5995129661011336;0.588453142148486;0.6162511876090339;0.5402108311743379;0.741995101534363;0.4678169008472124;0.8427235432820328;0.4553151785296464;0.3683544118258474;0.38554253913989683;0.8590011466177543;0.48167075212128063;0.7349565107118261;0.4099090366340968;0.4341239182971382;0.5432377665319257;0.6117383264877325;0.8106143646295568;0.7411798122412242;0.6358571470364508;0.7840952899062331;0.9270556825465718;0.7882084027647904;0.7359795342063347;0.4373514921140053;0.8678197332689458;0.412930823005157;0.43475108480221974;0.8058729356933665;0.8306251258276297;0.8055581960286605;0.4216565875340604;0.5877200159073565;0.43754389106476005;0.40566807190762183;0.8135173679597076;0.4214123215055985;0.43042727375468226;0.5605414684849038;0.411749832961164;0.7757142968527154;0.4113718219162003;0.7302358528852463;0.38562623177967925;0.384707100651398;0.7952133140870061;0.48623931030796763;0.4491171513939735;0.8639508350438506;0.5997675619519397;0.7358661459918219;0.7582165927766373;1.1338285788696767;0.45061745890564775;0.7027025447365199;0.7167331846521822;0.35433134030829444;0.6822889499420667;0.611252565110383;0.6750099381300183;0.7105291084920141;0.43513121452511233;0.6228382832055508;0.923411696874295;0.6434845395349795;0.3187253151802307;0.49958691705869623;0.6875108171668317;0.3695600451429145;0.38485144408091965;0.5186446503424482;0.4475165820877467;0.40208192185784364;0.6267471672911953;0.5499487876107818;0.7883013773813337;0.7642508022562838;0.6642737706155235;0.6548731308639719;0.6987856021721516;0.492655419193504;0.4582516713570077;0.7844309411148384;0.748393821607339;0.5143753609891023;0.7834837212738198;0.6674422673424896;0.7057437301222945;0.8501019899739509;0.4375619579525923;0.9334838290130143;0.8709237251448517;0.5469059426116614;0.4113370472442604;0.7391136182444309;0.5433919204814094;0.9771550888602359;0.9407273054417087;0.4111185017893084;0.36205155247254955;1.0237853104352952;0.37101049770911537;0.5872904387189766;0.497074631380273;0.46302362588665835;0.7349121150129089;0.47979347533818695;0.5140069238173748
2024-09-14T00:00:00Z;0.3497461713181685;0.6375736449476627;0.5074290228357351;0.5185698031654474;0.38590811950016213;0.5443724590364724;0.23100885677195732;0.36471750875138254;0.6030552821449426;0.5156962821926421;0.31418162030545443;0.6100647935085282;0.3682054140299559;0.340984168354331;0.7085688780214198;0.4638192236022564;0.5673007321249791;0.552651622490838;0.414265219585414;0.7404182815855224;0.8898070835302089;0.37478914496654153;0.5984662025681536;0.6870148290009772;0.36001224858075503;0.6984384004476687;0.3580144514759031;0.3449111227827999;0.7394981500826278;0.9583163019649836;0.8226078316021818;0.4967571342626242;0.3361268408690234;0.4993685673031099;0.6204000550578961;0.28167022342225634;0.5525072884089766;0.5492745060178023;0.6750848346734902;0.3730956588039285;0.7488577104530624;0.8966857222711435;0.4072922220577325;0.7713738172553306;0.4714294590865001;0.662557645069788;0.4865145791290925;0.5040399594459591;0.8049301912411501;0.6213154302870579;0.6975174072269271;0.3525286298689201;0.4060084904068831;0.3571904187393411;0.3836605875308697;0.29520797453099684;0.7709880909758224;0.43564807361267266;0.36365027980731385;0.2833313972952687;0.433025503118929;0.44280055730316276;0.6308586515471208;0.8211593331710842;0.5077175455098045;0.5764908576229482;0.9519156266153309;0.7786529793214898;0.7479435058813246;0.5118473449049616;0.34741707195059485;0.7911246644480348;0.40259176681407444;0.33805500821952517;0.8153505631360329;0.7762197561704528;0.9366219421331795;0.4034190660943099;0.7920958772410125;0.3977488885143132;0.36097781355400765;0.8004237919117169;0.39969481378793714;0.7278347950826285;0.4921179999724905;0.7579684116712545;0.7684413784676615;0.36644280078853;0.5391318466148153;0.3747893361715654;0.30653464411592135;0.8055840106472074;0.7206852434393329;0.6795393927203495;0.7985338289173308;0.7129514270049999;0.608843383113778;0.521321113900685;0.9769615095180585;0.4154584652893075;0.8159578869337114;0.5998656249379423;0.30000921603492026;0.5426920791779916;0.6696069451958634;0.553532629086013;0.46474948292312446;0.3820533639134823;0.5250820312503113;0.8479797284228765;0.5005293334553514;0.29004532531495064;0.4154282623985769;0.687961018474942;0.3452844595801718;0.3866908533445426;0.47837271009436333;0.45946111791003663;0.3685409773508428;0.5174505571752548;0.4934690854351373;0.6924854961074811;0.8261945330732904;0.4708193484119382;0.6745183310878109;0.5443504265864266;0.41258242523128336;0.7255938373448412;0.8198694217915505;0.45248793367890344;0.49532409243652603;0.8100519985998541;0.6793846820229893;0.4708335526179315;0.406678799306532;0.6747063377073833;0.9005660280585289;0.7375080435875868;0.6139078079497918;0.3094491756824126;0.7839767448222204;0.40525204425049227;0.9236575516967562;0.6537002473057163;0.3456258126134944;0.35506105990212017;0.9712791512966156;0.33038974674103994;0.5910078180224179;0.517144394338304;0.5203795693473402;0.7640480652201458;0.5440414279475017;0.7776198428344726
2024-09-26T00:00:00Z;0.4436462251790639;0.7031080936608107;0.516644894849466;0.4942423405972394;0.36812947365370663;0.5578494487335595;0.4147721308789083;0.4217761910952215;0.48115239301657775;0.4311867657555045;0.362539267861622;0.4869006684399743;0.40015904893163967;0.40784644993892444;0.5058284072111351;0.476820243892843;0.5034747695278671;0.6442364293826536;0.3973183959425865;0.8845540590728749;0.5455679304653293;0.4166199475194442;0.8288971500109825;0.5202986532736459;0.39423647580471466;0.8140395665281809;0.38702968171223845;0.3359883324305929;0.9337230123215673;0.6427071866940479;0.7795378648200814;0.9739398390097338;0.6367804987823191;0.8671500185308936;0.6485287319692742;0.29726175292377643;0.6413017833724629;0.5287981645963272;0.7942804891062549;0.3890508559750326;0.8751950989325391;0.9741878273500794;0.40467857839716703;0.8557509852686959;0.480608716097445;0.7197453554537965;0.8200735617718402;0.8611049991918773;0.9550760544959709;0.6522603771583834;0.4104058378390332;0.3836348243167554;0.38442525800474253;0.37703935777226205;0.3844685116092916;0.327147412007301;0.9373488189065102;0.5105061315683298;0.41111349078439036;0.32447964840044474;0.6997165873394784;0.4194364762383766;0.5776442897323802;0.9000290584540053;0.6508053871836011;0.4423072149442805;1.045521773636972;0.5292905199636646;0.4283978527862904;0.577038769129455;0.36011775457850154;0.500035843187636;0.3757307190646107;0.36023314875171514;0.9080865485852377;0.7507305206666612;1.111288463328223;0.45931101570831084;0.8632339679901576;0.4272192061594213;0.3937287218585081;0.8886145164892394;0.4436618598683701;0.7879070943652703;0.4630168968233569;0.8457319942859519;0.8997615993050297;0.3770688451109571;0.622892258242396;0.4238692303268471;0.34125920389355585;0.9144953453019438;0.8819257069851961;0.7115141642072643;1.0082084033194552;0.8365910624318263;0.9128037637150561;0.4637244131877482;0.5202663347272752;0.45607325644253593;0.7291264892194148;0.957051793250148;0.626487560516435;0.519112831930507;1.0221817236864235;0.8658981494517521;0.3721478818974538;0.419387039320266;0.6321633236866953;0.5922215055982778;0.36809220743686993;0.5415300371766227;0.4392195183693971;0.8265192648448513;0.3751033845018827;0.42548365987837317;0.4708669740944565;0.4470258018164526;0.7770889300965902;0.49152013966538066;0.5313404488910749;0.5225564624537807;1.0204791602719463;0.49795357518441685;0.738651746626717;0.5465615029695803;0.4103056279861409;0.9213954565198776;0.9163933637530305;0.4209878798466292;0.5193712999398755;1.000512744227933;0.7890263264929055;0.4231382737355645;0.40444334425109674;0.7729233562841011;0.8858644996596649;0.7168970734295741;0.743343680561474;0.3452279688170304;0.8405919725092772;0.4460852999387809;1.0175417099952035;0.5031699809470687;0.3797789412610336;0.8386505112000757;1.0576753469701774;0.3697090870957999;0.6384754728139851;0.8806612500691102;0.43063858586053055;0.6669575481913811;0.5628917977662478;0.8857111463232723
2024-10-08T00:00:00Z;0.46631635313223757;0.5478657963020461;0.6358910041745964;0.6434888082508594;0.49202258978039026;0.5181885330637903;0.5117535453046601;0.4777199366911067;0.8511104799732258;0.8190543231104754;0.5096880095373969;0.5285641216343403;0.5400047103206174;0.5434075448804341;0.7044238049902168;0.7392462868676106;0.8255355012507949;0.732994066561674;0.456222742302925;0.8861306126555402;0.8060854904484691;0.5585597326985965;0.8675945816116769;0.6717704699337482;0.5262230038050392;0.7600898834786598;0.5040129232436531;0.4257297104399981;0.6053008665894247;0.6553852196409372;0.7124113407786085;0.8199182583083366;0.6649409353658136;0.7356389992313298;0.6283828090749958;0.6010361112802588;0.7931148574260052;0.5666018142586663;0.7192813770370445;0.5702895385644197;0.8655482529986591;0.7717800807586517;0.5165826401483596;0.7995155816370586;0.5559940279744635;0.6765668477793658;0.7537367749078964;0.7350609790018904;0.8928011176236179;0.6978427334921082;0.5055729173583343;0.4895818827592245;0.5376507956418932;0.4083448427711955;0.48988977080363155;0.42398442092325295;1.0708407306804337;0.5597601273793555;0.48132645918000105;0.40594203400928364;0.6633590697018421;0.4602188954205983;0.576022762260181;0.8096360450255281;0.7864443134158579;0.5166987816817817;0.841378281749184;0.5539486169348592;0.5754389327124687;0.6413955770389378;0.3594274270550284;0.7805288628213853;0.42569029415382253;0.5492412222888711;0.7507245126618739;0.7751686667461606;0.9665732848695863;0.5028194828042587;0.8185630908910779;0.5479068508921909;0.5758483580722341;0.7113449892980589;0.49494834272536975;0.8049405075924704;0.7497369141861265;0.864750449221105;0.7604863086186822;0.5015320421222702;0.8130906333223681;0.5426576092978848;0.4383896458461182;0.7577359930505742;0.8822124895786124;0.5796077206546553;0.8988033538992456;0.8099481494296772;0.8574658271178032;0.6848115988234256;0.6143543759157135;0.5387814182103062;0.8361718913085723;0.8117625893107604;0.39503504336447726;0.6555058102497037;0.9825356608107142;0.7897957143646338;0.6907647434540122;0.46731103624734127;0.8297647197034688;0.6273455610228966;0.6557260189294298;0.5185921434559129;0.5163011088685351;0.7044121701291154;0.30903223414273473;0.5073792588109622;0.5936348551936194;0.40929847741562897;0.7850740982614683;0.5230882289452741;0.5916863024629504;0.4956149146853646;0.8184020725273569;0.41068322577554245;0.7950485171066166;0.6670893187196834;0.4718284495737193;0.81741672251829;0.9407836742423199;0.5026605707351808;0.5757233193849727;0.8330776605139851;0.7890195816745155;0.49631731814872576;0.5230359851861588;0.7286419482721437;0.8620042765544633;0.8681468311741699;0.7416922311609235;0.38857476032680743;0.7822606191941766;0.43690829034667555;0.8439506661925028;0.7216775636321402;0.35815616955441876;0.8879673082769071;0.775831080740876;0.5291927576348221;0.7904604765648895;0.87737219877865;0.4863576428911321;0.7889941035479563;0.6584346313078847;0.8686153721935393
2024-10-20T00:00:00Z;0.38638744346475856;0.5801206007599831;0.48945286290472545;0.5505193631757389;0.39692383743747617;0.465721891924157;0.37499171462650815;0.44281625103871264;0.5792649190776032;0.6899280961150236;0.40582885021387144;0.4778224188056621;0.5611024078190326;0.42915513241879316;0.4915511655476029;0.42516001248844415;0.5791518263686508;0.6333493866395343;0.3972520011355645;0.7995426353151966;0.6176490047586393;0.500300137331062;0.7958029289308932;0.4893209388109317;0.5093080253896123;0.6770323494407422;0.44373126260683854;0.35661797757583014;0.4256415612789982;0.5641081438782608;0.7465871410260528;0.6152327181404209;0.6791624398369372;0.6932353932451416;0.5842434370627605;0.43113009362591725;0.6791092301607277;0.5561425847632747;0.6817311050901451;0.4722760059019917;0.7207652102005506;0.6886827173197118;0.450625398235542;0.8654559714453561;0.49120834916367295;0.6771675441298426;0.6966348462544512;0.672837935503085;0.8595927851884846;0.4521009548153081;0.42708249912740914;0.4528429059293706;0.4640554226395013;0.3621857841886007;0.39471486917393156;0.41782166962267414;1.0808551904302184;0.45608719715104457;0.452146503901334;0.3480555273162195;0.7443614888220053;0.40874994729317765;0.45596494492624073;0.7949323453888764;0.6425514599052893;0.42947965024764584;0.5073113197329625;0.5075272642263845;0.5105375327169895;0.5870980758938873;0.30555313241286214;0.6403028722767105;0.3440946157618464;0.42808447580362763;0.5881268262759634;0.6271960818461604;0.880484539052525;0.33674290783589206;0.7054790142389868;0.47032789336198016;0.4226899189405314;0.5775855615500558;0.4230713555472856;0.7957348960781425;0.4713720291750066;0.7986354489395803;0.6234540920379624;0.41485272623410746;0.6869890449707324;0.4101916773159279;0.3704139445102222;0.6443407335230764;0.6669023371484402;0.3206152122995231;0.7344534519232914;0.6875024592231114;0.6383428800966322;0.4775559354067138;0.5617311756566816;0.46181361405869087;0.7258601105796408;0.546367228342681;0.1898110558882146;0.5058263019544338;0.8713883587874149;0.4958286739984045;0.5263364450169581;0.40343635930760635;0.70635688692559;0.6131004229723706;0.49595982221777424;0.38744687282984097;0.4181197741321416;0.6034713756272246;0.2819963310026394;0.4392520789168935;0.5457993918450497;0.43117825207274174;0.6271146876494434;0.5056683688268174;0.5175594758558897;0.45826147509143844;0.6846616561917814;0.4210160407526171;0.5560945787060428;0.5939824747627274;0.44439297522962207;0.5725270824193237;0.8159066997008559;0.4402132118612096;0.4929587523326219;0.6907529704745131;0.6603164419359379;0.46434761410724446;0.4945093321783299;0.6078337636417346;0.7267124349788084;0.7508277713541482;0.6657345761187028;0.2956369465381642;0.6353810945553566;0.4305672272213558;0.7244197639093908;0.6744235777972876;0.44013544951319733;0.728855260561422;0.7070501826566786;0.4039454330308283;0.6306901400804036;0.7261049048907525;0.35023965077959135;0.658830745591194;0.5353568914712616;0.6366478607988357
2024-11-01T00:00:00Z;0.3656016971750467;0.5116696175187826;0.4460490567014465;0.6004482579735471;0.4075753131821271;0.42017571639886614;0.34308215205146336;0.38617012068358336;0.48672478705697636;0.46776057950640454;0.3907544572948411;0.4089451853421842;0.5142990273860248;0.4193199116303761;0.49608923948583994;0.3840350754424391;0.5316096384511856;0.5532357400735601;0.3658340015876566;0.7440640797432568;0.42144514362181856;0.47303148466063305;0.6192724920729453;0.5186567725879806;0.4555627698859861;0.5352525977985588;0.4227968300294936;0.3024760716253047;0.3124970297546255;0.5259475672528857;0.7342292897555293;0.60076744709489;0.6095790204559289;0.6395906402174748;0.562872380702839;0.37547234956272835;0.7505532456831773;0.5215768424409722;0.7056353302110755;0.3920550477101996;0.6903406739906354;0.661954173861548;0.418179161184741;0.7605750457705739;0.5387992893975795;0.6876745334377995;0.6533717417843367;0.6472748143734026;0.8049057071908898;0.4449773893692301;0.43599950703280616;0.44806205708295554;0.43086165566471274;0.33355220783236594;0.38038397549412817;0.38555398494405235;1.0832633186083598;0.45917717772086863;0.46474056263109376;0.31601657452327864;0.6396466742501115;0.3999634012787841;0.418613650460891;0.5890637538638939;0.7194091730397979;0.37896437659680277;0.44101970471196233;0.4372140009238946;0.4732955764778706;0.5699516320298906;0.2960879980338351;0.4504891024641249;0.35108773020629097;0.3870435560043127;0.36835968095022736;0.5720999247886733;0.5775283856898364;0.2921218471336678;0.7550254799640936;0.43779738581686745;0.4095432525956547;0.47303530906403013;0.4333911559377151;0.6110966463362681;0.40698027842003726;0.7346394573348922;0.5138218425039748;0.4317974591987175;0.704590875610419;0.3375936805642405;0.3447424014601882;0.714348176529385;0.5861958022850856;0.4955201016129118;0.5450991451619553;0.6734356457092519;0.6577988426505992;0.4079665147030629;0.4481047173105242;0.43283952642863877;0.8519459447624294;0.602964103149154;0.3712247595741216;0.43201082319957423;0.6651675591522058;0.5820054750832705;0.36539795954316034;0.39720167285353386;0.7104268114007792;0.43901415662943655;0.3922241951974354;0.36131173504027214;0.381162799726833;0.5528894288223342;0.3969432547507717;0.39406328296414533;0.5112160996560408;0.46988357468733927;0.6044061252243295;0.4328096613934385;0.49242406122146115;0.41295276661651636;0.7652942440936487;0.4387728371513835;0.570737566756106;0.5318825057060923;0.4376387259019821;0.5703995480232876;0.678284889806999;0.40014733654377915;0.4700851995516996;0.7292389330258564;0.6563850087880277;0.38524296855443624;0.47287441911919487;0.5118264165769771;0.8851084808508555;0.5810596468638937;0.6359525577068754;0.2685043343144069;0.6556894732134364;0.40785918425740175;0.7022943456816111;0.5710746332975398;0.3809390914767026;0.694158155512585;0.7022350331147512;0.3758786122948498;0.702486652076969;0.7649589193264932;0.36757057024136425;0.7057286063044041;0.5089228128026972;0.6268099764490127
2024-11-13T00:00:00Z;0.33434826583076976;0.5228930319920718;0.39452703921859167;0.4333468890298826;0.41750125617029205;0.3937744225641823;0.29765468648944404;0.3633117417276124;0.40866529051640643;0.4344516273119438;0.340952181304344;0.40563716255128385;0.4459976041935976;0.38677886249961607;0.47043711840813374;0.3126427332782959;0.4711162468189207;0.45899345975647776;0.38347194877415713;0.5290040290606094;0.3305820447629528;0.4161741909957971;0.5635707726913679;0.48428028833938075;0.4186394132855462;0.46466534525410913;0.37213058278301553;0.2729959777707349;0.2879819297761232;0.40401360756229787;0.6220835697086048;0.5493214967765863;0.47076020338250407;0.6198121951510934;0.5589712519074346;0.3329241683339656;0.7622366379150817;0.5181917181985098;0.7257561050807899;0.35238340072075786;0.6281497799598974;0.5957446920689843;0.38526127200227805;0.7599930534942434;0.4448009891943498;0.6031420634609479;0.5900213723716007;0.6417148179827813;0.7415436591342783;0.3751309142926712;0.39313386396237165;0.4054391126442533;0.3963860223690669;0.41448765271563637;0.3364913412772211;0.3406387258273447;0.7614687539931394;0.41655958416182753;0.4167407585206882;0.3878875865004569;0.527628524920384;0.3672489143264659;0.4030004285771307;0.4839692394860938;0.7553836971481764;0.32938664310930477;0.34400081063769444;0.3973584421915235;0.4459453361431979;0.5207210663243158;0.2762234265078349;0.32737306945254174;0.36960384705667093;0.3342120290789848;0.32992462764658376;0.501286924587527;0.4655885915911716;0.2577277395109683;0.662311155844286;0.38874928414851767;0.416731504426013;0.33303164041880384;0.3454660234311896;0.4972248929734579;0.359468845095404;0.5240095321453743;0.4306539240513725;0.4517932211255429;0.7195870918824122;0.3087683937006474;0.35128361912485107;0.8152448116255201;0.5289330526955814;0.4409510581924337;0.33299855107703336;0.577365958100975;0.6970442316638745;0.32734296449982536;0.42453140706727;0.3800144913732569;0.8493813458950289;0.5623845254866088;0.3381895932086844;0.3719116470938955;0.5182986089277789;0.6433057170063982;0.3453718712905677;0.36214099481616474;0.6918781228332052;0.3700770718512379;0.30148858461672684;0.3039097541769574;0.33736849555553877;0.42493520500296256;0.4713305294740706;0.34171930403901984;0.4377768231896055;0.41129934509198207;0.42921245849222894;0.3403998422796709;0.5025981209424707;0.3744266296256773;0.7617262000990266;0.48654261111565256;0.5377372268524916;0.47515810302019157;0.35092189958875214;0.4724833497839216;0.623841324772623;0.3814909944154214;0.4282776883895042;0.7844349580463704;0.6696962432063215;0.34211567314696617;0.38654174426644755;0.4177537494477457;0.8039952912207308;0.4713347202969422;0.6235755846949735;0.2570391875961734;0.6118070531486909;0.343689750169612;0.6890948234370954;0.44329781205601226;0.40134242242134455;0.5950825230871833;0.7134265678289992;0.33433045687774815;0.7428735631547317;0.5383517858521799;0.36307454429216834;0.7087575488227086;0.47772641629024604;0.42780628150016564
2024-11-25T00:00:00Z;0.3193770421514227;0.5016677726592337;0.37661001748559664;0.45940987007266065;0.3894189927313063;0.3502157806135803;0.2979998470449544;0.345693918912143;0.39617300318742177;0.3496703548302241;0.336875347674289;0.3620098756942932;0.43492888921692296;0.3504415864713338;0.3871638960550834;0.33651050012755357;0.4543545129420483;0.4004170589637855;0.3286070712279337;0.42439651266236;0.28171918595954004;0.3671274359067091;0.4487377418795313;0.4604294306176627;0.3514369233820595;0.36774905998948076;0.3978280062838715;0.22558940910633138;0.27432414337557887;0.3949895968665342;0.6622807548878944;0.5947010493763807;0.4281723943710477;0.5837713635947607;0.5199171697252466;0.34430712203632335;0.7937863545724188;0.49594418790421;0.6832434528742928;0.3337951675338869;0.6694050836004412;0.6424757981272172;0.361671941721734;0.6832480652354905;0.408731502732947;0.6524590150632473;0.5453599919612556;0.5889612546736319;0.6973143526902622;0.2936463592319171;0.3819896463911964;0.4233899717665106;0.432664080112247;0.3319890009505408;0.30792886612507014;0.33584036333122935;0.6702073284180304;0.3714536886941642;0.4012559182368792;0.3392862659412684;0.46537423283041457;0.3490187675453896;0.34690965028475945;0.41506742189077267;0.7342097721737805;0.3157162768198922;0.3008223010492461;0.3590468553032564;0.4152373581417936;0.4440748146925753;0.23835121339399462;0.3591082471937978;0.3293084703182348;0.35454087651325844;0.31329493357204935;0.46899560937409057;0.38643036331054137;0.28685720912752705;0.5919364831153897;0.3523308821448975;0.4431851540848335;0.4269883115728982;0.2631880749704307;0.39724357173169456;0.3768470576439781;0.4322051169574913;0.4184687250729548;0.424898027232097;0.7086572148622828;0.30758523315448183;0.31159929417709503;0.8991682720057956;0.4408711415689256;0.38698847177736545;0.30458870742523625;0.4817329907989842;0.6985999919188409;0.32623538781419725;0.3807327992553952;0.33690310553328634;0.8570748702884432;0.49945734560780614;0.3288473415795321;0.35412218646613475;0.4552281692644514;0.6408520605461607;0.3453451711714596;0.32508828776656645;0.7002099287989152;0.32148173231179644;0.27377792230429465;0.3082871578081732;0.32330894106910857;0.45379829799093785;0.4600800638223899;0.33390842063476467;0.45758471719209737;0.43150490323420276;0.37975534133455957;0.3251071827414046;0.4338893196300456;0.326406587689591;0.81781927179631;0.3809658461128888;0.4761510008439964;0.4669900225477162;0.36874609617358545;0.36266151530345453;0.6435954360914157;0.3534632375705297;0.3452317862891191;0.8837386948204399;0.778248500422419;0.3334838781282441;0.3514911586293868;0.3391876729055901;0.7010374741028931;0.38563029136100047;0.6697083222527918;0.25192403766773575;0.6880501471806727;0.3506009181321599;0.8144369515120817;0.34806308365929767;0.3045955479633047;0.5054346694388201;0.805198670245516;0.33218129249187967;0.8075270719905604;0.4852447794812511;0.3483867302918812;0.8051401534214689;0.3703860417643517;0.3625116396514119
2024-12-07T00:00:00Z;0.3524649934281539;0.49339451421079017;0.41430549671508415;0.41373417887723807;0.32024177737308274;0.3798265961818355;0.4378624205700378;0.38800234756666174;0.413469133376019;0.3870093268695262;0.3255026184789762;0.3724545269823161;0.4274765693656817;0.34982356335922166;0.42234104312040577;0.3549580584119137;0.501582087996832;0.43082933255106987;0.3206761055035619;0.5917081061424739;0.28446785286017495;0.36530727841280525;0.5808303345601469;0.44539929287561986;0.325674011323794;0.3924710644899789;0.41026897385435285;0.25143920727165203;0.2841873178758079;0.39407725483797396;0.6715671437093759;0.6742323283052718;0.5803412145822022;0.6549341288687539;0.5186745728122577;0.4225598027794795;0.8198668928770467;0.3754997192648704;0.6832877195688832;0.3751288580247573;0.6575441104765157;0.5859536919015399;0.391377357367147;0.7066131840055844;0.4068340905232931;0.6832007982808611;0.6141190726856691;0.670898859524117;0.7535070087202463;0.3971927072584945;0.39229604980744825;0.4266503446783437;0.3967794651246589;0.343003306294156;0.3021251761340178;0.3380899110225716;0.7424945784745689;0.37713836421290664;0.37032995867328;0.32699195202984654;0.5532776961424383;0.3676708893166032;0.3335454233649908;0.39218332677989204;0.6953496442292688;0.32199076602625865;0.35554753222768143;0.38419720284487996;0.45458759272387983;0.3989798136011899;0.24890147820729028;0.33866596122060144;0.3321731075732184;0.3688520597055498;0.3379518296933226;0.5162145814957282;0.47936225623693657;0.29813871794345603;0.6862414553438013;0.36223118983880986;0.459733036086426;0.3936244812753771;0.2619756335381306;0.5124820090874326;0.38969702486480984;0.5114970091004862;0.4135435336551955;0.36017867277267007;0.7176323427399053;0.3052342849824451;0.30195352608241777;0.9135702743951012;0.5975208223636709;0.4913959596223886;0.35088758018579375;0.5554092132574765;0.7497962618076344;0.39907499231348226;0.3941983664316116;0.34247995432653383;0.8539371565251368;0.614210380027103;0.4589671598653142;0.384176970162042;0.5884460902309309;0.7136695229866536;0.3902814706683853;0.3411955797651222;0.678387425917792;0.34661792356351184;0.4240055995358117;0.40223491660308563;0.34979750285517025;0.5517616863879893;0.45134051586948243;0.3651921941752765;0.44203317471537656;0.4420975554641124;0.4881054732525671;0.3360813266559564;0.47147931153624756;0.3670402966732811;0.8333899353345602;0.41450899236066185;0.5478021292960277;0.4721653986351087;0.34216241565234257;0.5394061816725273;0.6143450502311981;0.3205280431192713;0.33578693724026343;0.8846751270979653;0.7470421354496999;0.3224846888998387;0.3701576515751065;0.525312868099321;0.7268349810786869;0.48107905051847466;0.6287545878061211;0.30515738026556855;0.6604963750340218;0.32842967253330324;0.823981988769203;0.45109504970580305;0.47506362168492855;0.6524318827961605;0.8084800625287157;0.3608415764400342;0.7910333523316047;0.6844019405895502;0.42660944790139305;0.7635252497031987;0.358779845209307;0.6091385246257482
2024-12-19T00:00:00Z;0.413523187455326;0.5270242462162491;0.4604236207193201;0.5483661172939492;0.41519999856298623;0.5232748077797147;0.5104781759813208;0.45944256308773157;0.5137114149007763;0.5288060942649915;0.4183048574182634;0.4658105960978967;0.5125223226391543;0.4080601768878751;0.4319293157607317;0.5172779500663192;0.5999600745965509;0.5178828993659738;0.3925858926864303;0.6826428751999741;0.38346773711080423;0.48641683059065727;0.7288392913385942;0.5011308319387202;0.4435051659140924;0.5318599985261375;0.41947435260864724;0.318450112665532;0.3792915414114677;0.47518451735054773;0.663161622699697;0.7140479526538562;0.5838220701687309;0.6538064878825184;0.5500382853731024;0.5213750399535413;0.9714291424226622;0.5470036593179742;0.7612093462357445;0.5138600083574725;0.7801841450517252;0.6985785938037689;0.49974173185985143;0.7312138894269633;0.517881022898231;0.6627302437569156;0.6999630687029466;0.6419375866615235;0.7870396105903161;0.5071501988928844;0.5394838833474483;0.5141527976016186;0.5024188368227154;0.4135507130065546;0.41702148391537586;0.4860335428506036;0.8226327824714648;0.46329099048628725;0.49125170461287176;0.37053863835154155;0.6734939288920042;0.4475634533433275;0.44208805142276175;0.5325149949339609;0.7640346737367147;0.4414064762194127;0.4836702667754667;0.49669280601486837;0.5525975799874255;0.47527718386692036;0.3621214190110852;0.4917942407561901;0.3770148489300834;0.47644071216829115;0.47315933593589327;0.6358829866913237;0.5555492602126895;0.3535932015410893;0.8445327289231207;0.4772170202505116;0.548906687386334;0.5079315226955523;0.3138141334177025;0.631343448851184;0.5104462406699611;0.66240804340318;0.5757875880713962;0.4230759318532615;0.7981025773660128;0.37108353916647396;0.3654802573009259;0.9339334668832667;0.4568174232962331;0.5200568994445517;0.5025427035397763;0.6659857318556609;0.6234507396894075;0.5083566381846311;0.5343649125089319;0.40461530358499054;0.9470849831421979;0.7273431735800799;0.4453395273641421;0.4760245959104386;0.60294647105582;0.7039110797181354;0.5422901195771559;0.4116560820777948;0.7332185081698434;0.41408967116513984;0.521526436796974;0.4761943295941375;0.40263961197880815;0.5876829335284433;0.487048533414989;0.42854559137328213;0.5630312545954186;0.36328641647705806;0.6214796742116118;0.4419037171850239;0.5035366962835627;0.4722692881311689;0.8544187239230339;0.48454621405057285;0.599407559060781;0.5950287501167953;0.47724598004311264;0.6188458526435964;0.7274855907927168;0.41411031605335286;0.40139920565068093;0.9365883174829253;0.8731321847459086;0.4284045488651925;0.5161534902006809;0.5953761004512349;0.7569271568208933;0.613183755147424;0.7584141049264562;0.3240496701417634;0.7404828766702712;0.3888574320022244;0.8901172722379367;0.5200387556071338;0.6513255023458117;0.8396007611350784;0.8656783557756368;0.4568965000381379;0.9609920800200347;0.816689659164156;0.5434592825527086;0.9020666027378077;0.47983856113600654;0.7602089925645253
2024-12-31T00:00:00Z;0.3230987795031912;0.41803699916751264;0.37089629406610264;0.426347248143999;0.3223672833954615;0.3977758913540354;0.4912377299794129;0.32748575770863514;0.43593761280717835;0.4598966819870753;0.31257241558849513;0.3628952238628071;0.4015698131318564;0.33547772025301037;0.40309447290201206;0.44652362145393726;0.47422399337982507;0.39992572496607137;0.31401851946796844;0.6329769919607829;0.34482223207208773;0.35524462272036583;0.6705307384026783;0.4613381176277434;0.3294380690736568;0.3835147027062494;0.3812072023152559;0.2439602768602476;0.27882413487727026;0.45785618509895115;0.6841689767391701;0.6825065120351161;0.59862418878992;0.6574606061853482;0.5266841815893787;0.4196869522430221;0.6457457740805314;0.4422354832409866;0.7692621905534041;0.437605775896764;0.4669027117828802;0.4168455025281504;0.43064108942966584;0.6732024990605868;0.42891497495709247;0.7012090447942112;0.6607167607388109;0.6905191817436637;0.8162034589132353;0.41660741264868645;0.358220760643318;0.3649823023727786;0.3942987537552461;0.37045353815053245;0.3365426500821866;0.37103466479004954;0.7402927962686052;0.42467605953105975;0.4317311780677037;0.3099263504745416;0.5201710531386462;0.381997507910303;0.3841051916641169;0.3806454775021903;0.46887263170788723;0.3855816012194295;0.379885367372275;0.3843209494722164;0.40246969887902445;0.42478505242890663;0.2865034976570076;0.3887230787665472;0.3087316635011887;0.38926241729627004;0.2936652026089416;0.4722874571863141;0.40003206880450043;0.3053115362734452;0.6001068242750633;0.35773947909797554;0.4748987602461679;0.39561541907937614;0.2568459881296041;0.5129083183468244;0.39454149155096074;0.5126186805106439;0.4144296539994492;0.38272293786639755;0.48116222168882217;0.30561535936382184;0.33050632939150887;0.48580778503375843;0.5034947597060845;0.5404162075184532;0.4081680408591847;0.5066600333412672;0.7243037268585238;0.3906055310486298;0.4060770393026454;0.3776087237747161;0.4846487343668224;0.6511249658641914;0.5101237103695095;0.3565423745499835;0.6162297158550836;0.7481863686243969;0.4232535475880659;0.33244478931194865;0.42630026232421964;0.3326183239882856;0.4246703057394842;0.3881946516297779;0.3145077864272659;0.49647222836031;0.4254847708265577;0.3487955444691565;0.4410881370987948;0.38106584519872705;0.5249080318413242;0.35449880023685;0.4828754268658506;0.35663597225148436;0.5449184871523336;0.4584392068427723;0.5639076002347777;0.4944828518736634;0.35682697282608883;0.5197023646726072;0.6391128781718686;0.332569313477714;0.3290908751222604;0.6114349590968533;0.5745835326047058;0.30982451815624634;0.4042135662163085;0.47387762426190694;0.8847574581534176;0.45341126459739867;0.5270526032897066;0.2635603884189047;0.46553953490872807;0.3516855194239037;0.5196145862133966;0.45884053181264317;0.4489330794248316;0.6833560589150465;0.4777722006114439;0.3529693099601535;0.6127641087646631;0.7368351036336186;0.3810400232627261;0.5793150107117921;0.36787934959216184;0.6399807076766405
2025-01-12T00:00:00Z;0.3146151329348753;0.3590368104566421;0.3679459431192203;0.4048887565732002;0.3267207851693515;0.36321625389247275;0.49002734163687345;0.3141808464836828;0.39060236718174973;0.41303366791649526;0.2873230805363314;0.3386996163304676;0.38863158145716464;0.317668879663466;0.349932886416905;0.3966585850374012;0.42189336964322594;0.36955109620332877;0.2958116657230208;0.5969792810350358;0.30461247723223095;0.3514928029680974;0.663976494047796;0.41386011302561837;0.3430868635823827;0.36981413028340593;0.3541051175421889;0.21024308683846493;0.2581675546090462;0.3761725557033604;0.6977488499666963;0.66619814016913;0.5267216155758012;0.6221349740967209;0.43466203962365035;0.3883125743830826;0.6856312585363138;0.40434323053156573;0.7463160344140085;0.3885531531545322;0.4671625519335148;0.3788748565801354;0.399212496019405;0.6222430403243768;0.41956846735307146;0.7090267821313432;0.6144989077213314;0.6458048623801489;0.7482084878905468;0.460925691194154;0.34621505901474237;0.33701529189431945;0.3790763756935147;0.35478483939483096;0.31036890338308454;0.3339165294322596;0.7222357942944482;0.38200194547573724;0.4274940866993987;0.2989161272981017;0.483447277981446;0.3732385825833609;0.3290401000461977;0.3512992455176185;0.44010943711412465;0.34122990479685866;0.36241093111903305;0.3668072810057415;0.3724415219134248;0.42036539001548745;0.29472426352395087;0.4109100212591988;0.2812555754899322;0.35663724769678845;0.30946459794520503;0.4657951249644969;0.4095031216351882;0.2797530225862079;0.6412435097538907;0.3442641269958811;0.44200186750718523;0.3960161320277232;0.2285246537198327;0.5631828845073711;0.34990477941767395;0.5494546140703004;0.39798285973945047;0.34429045791427293;0.4626455547474095;0.2768733422883289;0.28440892128962014;0.4722476073382598;0.5045445821574281;0.553739070292862;0.36012896759547075;0.5587908646863297;0.6997221950716326;0.38143922950177933;0.37429779295859883;0.3608582192241435;0.530867347035886;0.6651195877931773;0.4754996092295003;0.3163950518007311;0.5823001213005332;0.7411939479028302;0.39550566973036966;0.2978287315131209;0.4054994384238153;0.32951264656105883;0.3928338234857873;0.4245587373673057;0.2976178915690292;0.41697008376208583;0.4201427310610874;0.29324488791081527;0.392859699739383;0.37822087434319296;0.5016728557589769;0.3244767094941905;0.42058030238338545;0.3470048376766197;0.5333650253805963;0.48444018693484925;0.5116737007582427;0.4719381610205027;0.29731205895289103;0.5426095609481518;0.5884534695450171;0.29935100514665935;0.28856702715974697;0.6427803523978745;0.6574629233586691;0.2817082247965565;0.3333237750552842;0.5146640658753945;0.8190622416635355;0.46937760396570843;0.5216292157097502;0.2408847651493098;0.5330346640443133;0.3389955374632628;0.5338538484241263;0.4521531007999991;0.4406725879319241;0.6449735421514838;0.4687125283952895;0.31078392762158596;0.6511378637158624;0.7215914883385037;0.3601126915710422;0.5700870555049015;0.3531332616953506;0.6754658879165228
2025-01-24T00:00:00Z;0.369435821343788;0.5265929654991026;0.4878811172707488;0.47564482078494796;0.35192633288041236;0.435962965228887;0.531903011158385;0.36403312624599826;0.4904870929877717;0.4772556606160003;0.3819070015127627;0.43970751917119005;0.45852945317366794;0.3924140993447735;0.40785609481950186;0.5203324679486052;0.5237988110060083;0.4900787099103224;0.3474948293065066;0.6419867764263767;0.41146540356311956;0.39314791214196604;0.8155790572804074;0.47890307585989916;0.3663461226104486;0.4479087250648338;0.433595454674097;0.258885614348668;0.3333324187022774;0.5469717739441362;0.7123612315070872;0.6563517009896667;0.60943068874691;0.6628837393940694;0.4908588202023952;0.45642321977256267;0.876255077067076;0.47918652063087813;0.8024736600262778;0.5086638820181043;0.7767607793211937;0.6580212569664969;0.4499163994892312;0.6489387091910728;0.45994670314219177;0.6366097550475742;0.6303686964827359;0.7151973692140944;0.8385995404982786;0.6842256988573792;0.423678670510732;0.42149513956373325;0.463121061701728;0.4494716457494601;0.33233037524498427;0.3805307043507405;0.7658108528043659;0.421834478954738;0.45976336704703363;0.3634449219740298;0.7670500775178274;0.4075004469676209;0.4433420564081142;0.43313208306339424;0.6517824109128498;0.3992040843601437;0.38791087215893205;0.4753635626678747;0.4516080616915648;0.48689535567894093;0.34663110712347234;0.3992277346158563;0.32853035507979655;0.4248099901315447;0.37533063674567835;0.5093064930612158;0.45156685642574146;0.29675777484235805;0.715726237288482;0.4508760998989318;0.5101320030590216;0.46734222066130343;0.2650534476975352;0.7148098001070412;0.4552010303268784;0.7124593356854021;0.4823628249152516;0.44314471054179916;0.6606862201626078;0.3447338414859043;0.36172014632106947;0.7987006195109456;0.526791924258965;0.6012729601592971;0.3909625486443552;0.733996677733989;0.6457672396049289;0.4724796941626246;0.486449681210083;0.362281699747694;0.7046974044618071;0.7757966708364656;0.5138861912144324;0.4280251639328143;0.6401988642160282;0.7372594690364268;0.4327820922454558;0.35373233895436085;0.6632328437046611;0.5069678679554279;0.449475227765508;0.591208075749579;0.36816709594833746;0.49977399459616706;0.4579122919272824;0.3532607240123408;0.5179239907932636;0.33939233940708585;0.7404121416648703;0.40501711079446756;0.4952517162272885;0.4806353335568845;0.8329561941768784;0.39363689432767307;0.5516375386850016;0.5693121419960671;0.35346658946240717;0.6910358371141899;0.6915121308864991;0.3613661996584513;0.37024517149254604;0.8534485124581587;0.7973987764750828;0.364767823129568;0.4426980720676108;0.716474936876249;0.6761558768649896;0.6021015434994719;0.710622641264212;0.312568054898537;0.693508251764082;0.41280856918235986;0.6744762331908685;0.5686207298154802;0.4103685735523208;0.7928150516344935;0.642945693898201;0.3744850045323768;0.9219328964991531;0.7816467760739029;0.4458397238200328;0.79376767806016;0.44774874824846883;0.7721788434838821
2025-02-05T00:00:00Z;0.2736509957768572;0.3444309559979027;0.38978393643460996;0.40433181292380244;0.3455254178086997;0.32539554093367123;0.4799814023384089;0.273502334391268;0.37304377554082674;0.3913355292285014;0.32964596325778084;0.3203679952475174;0.35771782511844485;0.3383112198174309;0.30201020545709767;0.34517357360926415;0.42894664551232575;0.37659986105227156;0.2767153330188735;0.5861697667619077;0.32524964936031253;0.32194216200410214;0.6360866673415599;0.4003801634094386;0.37067549504233477;0.39538812306955495;0.37804286868659537;0.18949663964730645;0.23254035097227876;0.3831128401626087;0.6447030091772274;0.6578721805842456;0.5168783931257139;0.6202458934960785;0.45930282880375484;0.4182702352763763;0.6461134179265562;0.3746137059522125;0.7472849782142374;0.32843697808087513;0.40946103886403773;0.35490140341239496;0.38163269225449964;0.5903406790522642;0.37614102228492163;0.7540065210529059;0.6145918644001694;0.6306486865672154;0.7065021235728352;0.44448571728978326;0.29052451785297284;0.30730667808078027;0.38943539106962727;0.3157365667056056;0.3064574791940596;0.29751534650769906;0.6580386516012129;0.3221097304732058;0.3942694315073653;0.32031096043708446;0.46174859477446095;0.4850551618147251;0.33565487310820735;0.3921259843684252;0.41964019014227305;0.39693976128690467;0.3319238038943552;0.36575744326429926;0.31587663326172033;0.4354643636766602;0.26094184310622165;0.407401408598763;0.2845802169137649;0.32895028612086863;0.27689818781304754;0.4149778780401259;0.3703616090829395;0.26631748529731253;0.5317235688368479;0.3534237958274998;0.4463293714861406;0.35779563442189644;0.22643190241245423;0.45165361953413713;0.32287901979458483;0.45117621378644807;0.409204790388355;0.4037482766159476;0.416436385097281;0.25481086373915823;0.2959522232967022;0.3994935377462376;0.44352763307692233;0.5973483518785725;0.3235330203744803;0.5002606734414219;0.5846854344758713;0.4433263498885913;0.35152160051478193;0.3983712427789306;0.3682438720689737;0.6135703587390918;0.534975838777999;0.3535498054176647;0.5535047406061457;0.6991682063581215;0.40305083258050994;0.27236165538028245;0.4088068326679353;0.42574841497375915;0.33828412966277044;0.40785259856779227;0.29194321244590427;0.4275810376144527;0.4813203673805719;0.2639062134532385;0.39350214506566855;0.3750997783040305;0.5343026334031165;0.3226959245945633;0.447435651601307;0.37011004392372304;0.4472086035602641;0.4109393435420558;0.5042472433860742;0.45857653848057345;0.26853856427457695;0.5307035615434471;0.5621676385725615;0.2978549816462444;0.290121174811126;0.5325502075618588;0.4926620385551875;0.25202693356518624;0.317709814461897;0.44526476865005926;0.8004022134386974;0.4929332642229948;0.4545400435317409;0.24962583678172837;0.36424368317304207;0.32594061579681965;0.3548452985831575;0.3707118174814751;0.3520640483835623;0.6228475075674383;0.32307625657916067;0.29166181696725957;0.6564780879507075;0.6690927871296125;0.35691881386517754;0.5559505713750227;0.3717007657144008;0.6257032468872126
2025-02-17T00:00:00Z;0.24958573605851594;0.3057671235076019;0.4240044269979351;0.38757146787536034;0.3752849845871752;0.3244941326581777;0.47493348618395653;0.24827197843540807;0.4094947086390198;0.43086023577689686;0.3060651171865272;0.35463508752556894;0.3926513850772414;0.35566514376213687;0.3015093865331693;0.4642318324568738;0.4139224866716195;0.410859691643553;0.2760250462505946;0.5826457016120464;0.37039971639252994;0.34848550614909296;0.6712737424865108;0.38424374833244074;0.26518191728997326;0.3853753156977506;0.2996902506442825;0.22883817169718682;0.2657930451473983;0.41601751849916924;0.659562209431006;0.6637329845275612;0.44978435244937404;0.6903508879802781;0.491979646222027;0.4518882647915704;0.6564093239279991;0.3800797553560814;0.7609855608334617;0.46695301809354706;0.40413079271688485;0.3474647609685524;0.4163968922714173;0.5557868640287228;0.3609547485837584;0.657412136662187;0.6002237493293459;0.6026888847387404;0.7726800408000024;0.4697393394253732;0.28803224983593073;0.29519169960547575;0.3590094582085183;0.32368210786178686;0.33668047194286943;0.2755825336478906;0.6175472516485531;0.3607756250225522;0.40977282574934554;0.3109849931465255;0.46497996284042376;0.5410292318809864;0.360943994402446;0.3590246460717209;0.40982010263541213;0.39873843457537433;0.3099798278439374;0.41401232026668594;0.32695553545684436;0.42550702111735106;0.3299094054733098;0.39491753387185835;0.296846014155045;0.3181165837497191;0.26577800983149147;0.4140725041971029;0.3456259716289176;0.26759975410883746;0.5739934243176176;0.39976817592335334;0.5552785772039748;0.3410231867930008;0.20262406285819173;0.472977208663026;0.35152212328891624;0.4558098468683995;0.3716885506675558;0.47453846604141414;0.4213570728833827;0.26039808620620913;0.3028223537280063;0.41671831610630145;0.45912993974383953;0.5152397982571949;0.288744499099528;0.5305637520484091;0.6149971355123386;0.46554585661891024;0.39883596662934706;0.2891610579548079;0.3592416477795138;0.6240152446971865;0.47612759706250973;0.40139535871416204;0.51544935229403;0.6372806815886812;0.3893153977268321;0.2631201046531048;0.4545668705851409;0.41965219543697424;0.4453507437168256;0.39045509701156944;0.2943624675377527;0.44225433644618883;0.4578042783703937;0.24795855476483356;0.45800569106459765;0.37259371394960217;0.5076543929423014;0.37022264785072484;0.47418719150366323;0.4133771916614196;0.46736244888957296;0.421047888825769;0.498256975690187;0.5372418913138853;0.2577679674764644;0.5509043874171915;0.512827431321691;0.27617930284961584;0.30483162520426543;0.5647708909802875;0.49740327408460583;0.2393065535473528;0.2914921504135518;0.4921939695211742;0.7174637465395479;0.4979591603222686;0.45185534493444135;0.23775882917890648;0.37912552954996714;0.33621717521146954;0.3779176357134464;0.48786979017248855;0.3329849959087494;0.6794164682837696;0.37311167138516904;0.26813171920587486;0.6405376512953576;0.6783165914412423;0.38051210565673205;0.5224301297611014;0.41637343626722123;0.6258641899147198
2025-03-01T00:00:00Z;0.35461153833022535;0.5179548141338842;0.5647289943785555;0.5363925888999351;0.5548235836956236;0.47352495022096985;0.6031962558308577;0.3610538686325993;0.5206150776084283;0.4754944931451586;0.4678510664199108;0.49137418106066605;0.5866900751113892;0.4667844251148813;0.37685605365884267;0.6076094683165344;0.503185405343435;0.5327533057745585;0.36672329240528684;0.5835652406256661;0.45912940029919314;0.4671798228991994;0.6692289821959585;0.4931133012017928;0.3840039913512526;0.4496633603456934;0.4406298201041992;0.32578681182625485;0.3779374777480209;0.5198543243059496;0.6847146549091048;0.6842880018476165;0.5611802118982973;0.6799132931646904;0.5309716406148127;0.5417999242101946;0.9384045097618635;0.429624092522539;0.6759821715217734;0.5776672653660789;0.7087877892427479;0.6923531720356483;0.42693141681619673;0.659772051829044;0.42979984671882027;0.6814484948996166;0.6317452995516825;0.6754590683957425;0.8133632433640622;0.6351460189031191;0.3962634278310312;0.4215327870158927;0.4656510767227735;0.38314780948380533;0.4382065732510249;0.3669374573820372;0.6591189104814646;0.4690516701793049;0.45132587794561563;0.3825964167262569;0.6669188549072997;0.533695761339609;0.47692851537226033;0.4747075270711174;0.7530258645316955;0.46143682521344026;0.39785717291593714;0.6083359177862074;0.4587826964639288;0.47524704433539333;0.40205105551458364;0.42733566867834716;0.3769505152298151;0.4153157582738403;0.3756874469159429;0.5128660312522727;0.45486223575329676;0.36657149266598005;0.6245929256681053;0.6063510020296334;0.7217067167563567;0.4669315380001949;0.25247156752953837;0.6830386951309457;0.48180102991632545;0.5988138387006529;0.4222765593050706;0.5331852787352623;0.7311528022103438;0.40335248388669476;0.4767652344573187;0.6390535632416994;0.4906043515394216;0.49421585057022926;0.35182147559824956;0.6815734638692752;0.6173012252886035;0.5882770725850717;0.5924966279859539;0.3834012424885735;0.7189696776895398;0.7305641123677362;0.48671969479483407;0.5064004594343228;0.541665118478412;0.6617785341416796;0.4111884819028525;0.3691205639791471;0.7474029403765404;0.46333218483323696;0.5121458126044649;0.5075547262451466;0.3649255099904607;0.5364043590888171;0.5789633270681801;0.3523294067302985;0.608226405159652;0.335530289092177;0.6294578163118916;0.4433837762141219;0.6024404869527574;0.5548611047250475;0.6724172723623677;0.4504637790114983;0.542974157076256;0.6584697973481274;0.345677535678128;0.6725292254117914;0.7850795780381731;0.39663669922477685;0.4596545740496752;0.8507933821692335;0.7612304040143667;0.3510563652556543;0.42864993660236306;0.604429422382025;0.7763537267843882;0.5863485139321389;0.721366425625598;0.3834341735632212;0.5820509530708431;0.46721155209249565;0.6750525308315317;0.585121899218121;0.37567743886847144;0.7234808701731348;0.5784755105300365;0.3704424010485992;0.8893731692675978;0.7089840657792466;0.5120186254227576;0.7903650085851053;0.6581972026152904;0.7525281649099583
2025-03-13T00:00:00Z;0.28707296086920014;0.4319868512290845;0.6438077792930988;0.5342719050519394;0.5539788115672183;0.5098685825083455;0.4841620847351984;0.3398011429621094;0.49018420342472724;0.4272051767562872;0.5207204601034745;0.508690292459321;0.6950986840194755;0.5578796533031612;0.3873768720539316;0.514488796176142;0.4402228087641811;0.5335685124261202;0.3018109102145381;0.5772490170101324;0.3833162739533569;0.6465028283678612;0.6316371317345298;0.435161532873803;0.38153549074055904;0.38033882896202026;0.4620761769372712;0.3424419754062258;0.4434024594035336;0.45728254172196026;0.6996986907980745;0.505534566234381;0.4597871506798575;0.5750380089177002;0.5354024805810275;0.631549538919599;0.8921414349237208;0.4301121330095662;0.7557939584800589;0.5583535565735197;0.600330130134702;0.5686869451717872;0.41277012585801914;0.6951534303880873;0.3767771606582292;0.720021692769868;0.5113391403674808;0.6130484932687699;0.7387393481778807;0.5328305102380595;0.31120267896985265;0.3226385292172992;0.3592640018261573;0.3630103173171296;0.4634063543840807;0.24545500347871455;0.5842612001504762;0.4735630397060839;0.3729919962550638;0.3155479468917119;0.6200851951934118;0.5067256153574194;0.4404767596977841;0.3857348976176112;0.6669742541308415;0.4467800368552186;0.3694166376488166;0.5816503193135522;0.3822655190511736;0.6522192718428478;0.3898541173990654;0.3231579476864116;0.4120562010252592;0.3053248813045243;0.23947857761908448;0.48986102299012885;0.36030173434627066;0.4213458206056244;0.5574635602156436;0.6785415475013814;0.8727652222146476;0.3625154070588141;0.2310809863596073;0.44348097131261627;0.5685516236157253;0.5502612587108485;0.37067679962685507;0.680179125095511;0.6755554051697988;0.5184185940768617;0.5890643538564873;0.6304239560410662;0.3954794404499538;0.451970498888617;0.418690145169959;0.5585448357971886;0.5510715156156699;0.5126769158796699;0.6581744855746758;0.4012348392001018;0.6794388676884635;0.6624670401475156;0.3720538704781919;0.4440255298643107;0.4592947008643459;0.6266042505759981;0.35160794041679994;0.3569926574651669;0.7024942292271247;0.4179658800515303;0.4646420211359915;0.4981672083610073;0.34834901410313046;0.548843743170009;0.630334493557763;0.31984861196154085;0.7296373368750724;0.39384817301719405;0.5449599601251729;0.44383477975486274;0.6830808432663188;0.5733031366915906;0.7104886867250432;0.5088893112763434;0.5553997760116209;0.6836845091111347;0.3484378038880057;0.49005995667129304;0.6439950422329062;0.3696801473295068;0.563217106165223;0.7840761349619126;0.6757892223495506;0.35410781696898536;0.3392705291933358;0.4607905766525557;0.7451333227256934;0.5097538614282555;0.6717844459717157;0.4499675090415761;0.6117189015939234;0.5488681226866156;0.6316173371969828;0.556798222234746;0.3306130614828488;0.6626117576345354;0.5997774414034339;0.30345689822121075;0.8970020711875348;0.6215167055981871;0.437763320158077;0.7572816358286258;0.7756347114413555;0.696205070241094
2025-03-25T00:00:00Z;0.2591147786684113;0.4608562531215804;0.7472778118379366;0.6020702087408141;0.6334731527857138;0.584063844838474;0.5008377947729258;0.330137143103479;0.5408624674224458;0.4312357167336211;0.7535727432853466;0.5426668571569162;0.8732882266909684;0.6490422930107483;0.38284683144754833;0.45127493354999376;0.4089521566187947;0.5857745965089961;0.30873545223856164;0.5525453925198722;0.3934925450069934;0.7769890341411166;0.6023390706233139;0.4829192908275477;0.41049694837343814;0.3150093216515936;0.47371099132960026;0.5106358383187605;0.4946878850222268;0.5501707595500613;0.6570991822296665;0.497289072455342;0.4413728288763282;0.5698267119839597;0.5585778377626079;0.6639971718901679;0.9700973613842113;0.3785423327473894;0.6131554395561257;0.5602078346509329;0.6720464780305503;0.6129415875693919;0.4070073628917019;0.7668317651080194;0.37143921656805334;0.5913743353521341;0.5279647125454622;0.5468988471078717;0.556777659833249;0.5237262924444649;0.29083704304966057;0.29341228858237056;0.3023611036416307;0.40372653208349063;0.584461680599857;0.27788329407352436;0.57054960351825;0.5403247799858218;0.33809992806173333;0.3203987712460058;0.5947155957672619;0.5048560269010776;0.4968401543450339;0.3215699797633685;0.7865496039562487;0.44644583714082525;0.37628491829993765;0.7088883829775136;0.3222645387971493;0.724824035971745;0.527249714759861;0.2402742244200977;0.4614419647074734;0.2863317683773636;0.1787766013673931;0.4755666825876855;0.34439335538310256;0.5540700106834687;0.6068153288378312;0.8778236063687161;0.6870086456007428;0.263654787737148;0.19867760655882175;0.4590883688794242;0.7233095968482958;0.5283630879363554;0.33266136255910983;0.8828425186461416;0.7422715231113597;0.5606704522503747;0.6694117004010477;0.755419647180528;0.3769314012678206;0.48056457419262;0.38276613614732;0.587173487064071;0.5406651715503652;0.4647905058823027;0.8426414834771603;0.4045144263825207;0.7365355891017754;0.676511749978019;0.41143594657588967;0.47025366586650136;0.4354492658099463;0.6072818551049455;0.21673115925232878;0.3655845778313391;0.7606857014083307;0.3615475312885511;0.3740080929260614;0.4986043413811641;0.3712187407059097;0.47586282122541557;0.6943503962285441;0.27174479181094013;0.9358346668672768;0.3942330887287654;0.5636970796963063;0.46473577890962375;0.6761571315484249;0.7188631149310294;0.7453568134235313;0.43392531711019966;0.6077725891484304;0.703339041317273;0.4486534922271826;0.5358039143322262;0.7892910389712563;0.42816319853600504;0.6544787321154416;0.8247799617689832;0.8385125617280967;0.4324264320529113;0.30423071327663603;0.5301620583721897;0.8004050445155937;0.49373253698641695;0.8112440254829668;0.5020112711130283;0.6457187985829516;0.6681456887083637;0.7655857504655056;0.548203453136447;0.26305922785081154;0.6645448728565896;0.6867469326553588;0.25435285185500056;0.9258568356062196;0.6533052351220241;0.37474575301970225;0.8022111956822066;0.8174038651790596;0.6681004589009086
2025-04-06T00:00:00Z;0.31840423267733836;0.5496531098649122;0.9243198904849939;0.8078814003503684;0.7920600628589001;0.6806340731161762;0.4260403472074335;0.39915604085996914;0.5017400271595758;0.41904475706604405;0.6158983850199573;0.6508819790301147;0.9914297354740889;0.713225556321371;0.4237915888547659;0.41764907048107436;0.41170383999385984;0.6087084904331007;0.42743103347213474;0.3982350770951638;0.3982615117729739;0.7966506558286536;0.5301810992972834;0.4458445083294342;0.3287481070464286;0.27818053511041035;0.4409490984234244;0.4238599125867766;0.6717211699555418;0.6580520826964283;0.7348106686954383;0.4808105264275327;0.2539646656586314;0.4920613614525612;0.6299194858237183;0.9704496135574967;1.1096651191339342;0.3402663539367843;0.7255812643861478;0.5762092005229758;0.705801247025039;0.701841431093051;0.6038150594788149;0.845192507538997;0.31072033187089526;0.7595621027191233;0.5012779703017484;0.4403601946359919;0.5342528389519297;0.38467488924092036;0.4713859012083764;0.42953774168501163;0.22998238260180834;0.5844641058571046;0.7300568347673386;0.42684920279164906;0.4370450515053055;0.430408501172721;0.2650726316627493;0.40323774833861253;0.5442417122683657;0.38312471615140203;0.6155898851100118;0.24989258645302626;0.9207161050219674;0.5034524740845855;0.3464061613945711;0.8697599990003289;0.346271960337902;0.8274489319706797;0.4742621399168007;0.2153563918324504;0.5918228566771251;0.3870570472592526;0.20494079647354738;0.3770975497497187;0.2719015857717226;0.5647870428713458;0.5602463123916882;1.0490581314788419;0.8917319049696115;0.24962431370196017;0.27423133175403686;0.4095250342953831;0.9620926556433578;0.4180873661412747;0.3407951013867655;0.8949879828549216;0.8516903322627992;0.7428002319274805;0.7437631354697667;0.8951980196837838;0.3210505432819219;0.34611552824287606;0.33114934371401067;0.412048234385532;0.4953063472797737;0.38466321849045704;1.0192519141731187;0.3863858148482762;0.8240592935088138;0.3571025790143395;0.2582904071213742;0.4061133903137253;0.3182409310759255;0.65833647700549;0.21103576227728696;0.4387532848886675;0.7880051434399206;0.33177861544762;0.32287678108378887;0.37611889460002507;0.47950968971325814;0.6749105662440454;0.8930461475548754;0.2597495686164251;0.9443104102311486;0.4449991510295079;0.40939929101918193;0.5179724521910487;0.8640032131042853;0.8164570419991165;0.8910407181648708;0.5494554733128652;0.6587275058031082;0.897656980659221;0.5951342505520819;0.3510445783753268;0.8942027371695401;0.6354224081666192;0.7326803607077536;0.9801575768023795;0.8475099738126071;0.6655357103646162;0.40015612631696906;0.357295962072183;0.8390469299308185;0.4299088442874987;0.8091475379196348;0.7006516031572083;0.7046734395695354;0.8416356930182181;0.8902403486328495;0.48038441212017935;0.25496466678601726;0.5421490329345681;0.7829156954067583;0.307068140197657;0.9884010019681712;0.5588165220471608;0.33671368447943195;0.9090157969238623;0.9825941878678452;0.599408288693428
2025-04-18T00:00:00Z;0.4079449968421118;0.6303574287419696;0.8779931775323626;0.7966700925166348;0.724520311240227;0.8249232707114023;0.5222521194080143;0.42637241434948564;0.5892567046716757;0.4889370357540315;0.6038752841374243;0.8223824598503171;0.9975017195042127;0.6411920418301407;0.33655816485801066;0.47863531331937237;0.4804938520018413;0.6923494005673136;0.37031973148284314;0.4792194757352575;0.5127985109243627;0.7407976260800271;0.5231436306015873;0.3828488803719954;0.3554930420108964;0.3706329992832491;0.450396667628396;0.47934424794620745;0.8563190651142527;0.6908321378336382;0.7157576687994504;0.518054878836499;0.45027347813025026;0.5282582903593561;0.5976994813369807;0.8558543056094094;1.058849649695263;0.4440244579640757;0.5273366223961587;0.7841979314856686;0.7408581848896664;0.7079254338320564;0.6701198231492723;0.8491412153310864;0.3237304554453918;0.5495304740182886;0.5027073357628766;0.44940813102956423;0.4991449746536946;0.5069317987664925;0.45547954504541044;0.3577489465017398;0.28010197258184827;0.7709106029217118;0.7114644874571654;0.39916445921373495;0.6043196205467662;0.536559429219721;0.32288924701835797;0.3953839181268937;0.462278371656532;0.4438600544454218;0.7049177497525677;0.3184420228635351;1.0516717339851618;0.6016723729398219;0.38102380541496683;1.1147201976279695;0.34529163326152995;0.8387933610116735;0.49763574607740263;0.35427250646153813;0.6660372700604822;0.3445726926368007;0.3667340337517469;0.4605891648292629;0.2687958131838011;0.6316881450680294;0.5634680675749464;0.9031106875207956;0.8176597260671713;0.293112713268825;0.4723517053511509;0.48494150370109473;1.013614129185266;0.42702251242628264;0.3370263503028956;0.9090159908246203;0.9286343029518722;0.7650034782634614;0.6349371174893409;0.8992302301564683;0.4460137298120505;0.5574017393667966;0.39379830807112576;0.48342064230621135;0.5038439052106707;0.41315524138242027;1.1155307425561853;0.3716129128636293;0.8362655183512294;0.44526840779643395;0.5602954428855457;0.4685339212200181;0.41547146147239383;0.5861599455256472;0.22101707789772232;0.4266966750108307;0.9306930901899622;0.3735819881576161;0.4376885022171948;0.3799242765003223;0.5233057403901529;0.48957443519555094;0.917973494010695;0.34837600139423747;0.9104871061195161;0.39873137515666923;0.4451089006103171;0.6222906072970724;0.8990277221257036;0.7636395476533175;0.8701599785094453;0.4407036951497981;0.5545524952270217;1.0569170998949453;0.5806981702476288;0.48413975386854413;0.8475615554974855;0.6405209737050969;0.7843981692495081;0.9307471166521236;0.9137400349183958;0.6590379534386089;0.5000649716634795;0.5108935380006041;0.8021654972904607;0.4983986751109788;0.8293283122113827;0.7530555584508829;0.8048037474785421;0.9212554197350517;0.8558644882441393;0.4913042611591978;0.2952077350081511;0.5229840042871949;0.8066470276277798;0.40248572337695304;0.9817655768803827;0.6007776650464388;0.3847899845231584;0.8860964273410182;1.0043572103352372;0.5832328915767779
2025-04-30T00:00:00Z;0.3785817058462846;0.7443653981600489;0.99092484177966;0.8788581610088291;1.0842316753621544;0.9239324408486418;0.4452887086965542;0.4004381969681656;0.7725348326408468;0.41412319070055287;0.7387471198033886;0.8538524680143809;0.9684105750554072;0.6777006373984857;0.34488599226170324;0.5505516941386058;0.4413513734624774;0.7468347414703451;0.37824610109517587;0.41342704628934895;0.5608845361267973;0.8764710727841296;0.40500377775072216;0.3165883069886035;0.4000863966417744;0.4056894660576175;0.5812056473451643;0.6347755476982043;0.6504471011768619;0.8913606127001801;0.7490772867341778;0.4179386209210159;0.3588980311337018;0.42767798718584593;0.6975864016357258;0.9403772786012831;1.0056779638839175;0.4272561798273198;0.5716339285115162;0.8651623669316667;0.9285107594618317;0.9091938545458995;0.7771129566567025;0.887763370090807;0.367025406165421;0.5824553480735135;0.44759754932968626;0.4561904341769897;0.5130020380748804;0.47572154018754403;0.42449630067023064;0.35289781507446255;0.37186842719497887;0.9668646780686958;0.6851572438569392;0.27275551798483055;0.49811144113126726;0.6620367291080693;0.38174782119662937;0.3651518863591022;0.48892193421847585;0.4251916193330598;0.8478704232682464;0.32951143128617155;0.9633661436484451;0.771904972949958;0.39776539916664905;1.0934070891508176;0.4790685925833179;1.0598402566769545;0.5590817351527468;0.5587056697941175;0.6955322466856251;0.3524600269949034;0.7910636608980389;0.40460661064513737;0.35111936880922356;0.808842719187502;0.5586703783022821;0.8819044676692177;1.0112447966865121;0.5226136804397764;0.7440025809309935;0.4398046766336148;1.0403114996927654;0.4059810398255694;0.4349734197042031;0.8797867630101457;0.930018954560045;0.7520223144338771;0.6889769543779275;0.9543280342839798;0.4334659619369131;0.4783380414673824;0.43534428870300396;0.4216155140428947;0.5493862383078613;0.4426118242628101;0.9256815016433704;0.4997982612779444;0.8607676366751339;0.3961620438866055;0.42921778670819744;0.45506448005350475;0.35850855622545846;0.5033932799543157;0.26009990946277156;0.45088425944241906;0.8843253910275014;0.49965554624606334;0.5238421924015857;0.335665922751035;0.4344146891798724;0.5075947139412165;1.0856746077461923;0.37803993561838334;0.8188182456521392;0.42380837352695866;0.4361979982059929;0.7466172553218194;0.9060423075182041;0.7147847617732702;0.9321990048742317;0.6045396455547194;0.6251857914555241;1.1621211538498128;0.7910142051281802;0.4174742316939001;0.8628957866932507;0.8463745703586953;0.9197390638199702;1.0445477344806953;1.0239195018173808;0.8511139358705415;0.7980724790497044;0.39348801123175686;0.9749541893853979;0.560279873945337;0.9376428918396426;1.0427935396900532;0.8833300483526744;1.0795473818760895;0.8769264058614457;0.5427802902956803;0.39869520061281344;0.5196113034033079;0.9403304935073395;0.3740020801400782;0.9969343683947361;0.47599261037485546;0.3994567296948459;0.9357901696596392;0.806092468031564;0.43499847171650585
2025-05-06T00:00:00Z;0.291215877833904;0.6357586301809592;0.9376381579310814;0.8317064006220211;0.9399977218239538;0.8585573205152698;0.3281492881618795;0.3341253742840163;0.744034628614166;0.35457475209462236;0.7179227501303707;0.9230008266005564;0.9085193089634586;0.63277284543264;0.27964100075513126;0.5679012980484216;0.35672673112656694;0.6545267590732705;0.3238911780797265;0.3556532813457738;0.5166118299456663;0.7703370523389518;0.35861802294864237;0.26924963684669184;0.3933642909860227;0.36841827492416157;0.5182919721260215;0.6210728955311587;1.00474617753168;0.7891602862712949;0.6592193041391498;0.43092663396139197;0.33657413105744377;0.4069888624622532;0.5817606882659104;0.8754672844084791;0.9867907041679033;0.3313358753200028;0.4873013199278803;0.886509867463563;0.8777553072931834;0.8249494506535442;0.7903836167130633;0.9294206362182849;0.267827470569411;0.4865288974613136;0.38332453209793926;0.4074805232444301;0.451875298065564;0.3758981339605307;0.3804907172476925;0.2967731198019537;0.3039125030239423;0.8194099233020097;0.7900769784415659;0.20375667313295684;0.42853492340028;0.6288321884755933;0.23445965386811074;0.3536784025795463;0.3647663652178753;0.4297509303138338;0.8850675033456781;0.3157078603671724;0.9159948313788303;0.7913424621767072;0.3507117464757959;1.2980227573236949;0.4648018783114293;0.825148773957967;0.4022449054027421;0.5954955635248416;0.6510900252699877;0.28975028055611585;0.7628387823015943;0.3630586719016907;0.3198631110279841;0.7104902399367974;0.49618550769604036;1.2834199983770125;1.0119545250923179;0.5398010566513589;0.7649517099539471;0.3604571810385196;0.8260103355193961;0.40559580195304396;0.4427707789242678;1.1668988564782892;0.8826758228915891;0.8098693412551148;0.718682183989517;0.8558734808266868;0.3377187818755184;0.3809806002582492;0.41138316515890144;0.3679059951223452;0.38941577699351576;0.39986018296864;0.7123566911953793;0.5099627452345736;0.903783666718134;0.33016987417434324;0.37713704986861807;0.4024055705579969;0.3288596770757966;0.369624686953589;0.2626256670259635;0.41055355714692876;0.8421025838518037;0.48385087162683343;0.4804525717939298;0.3742903459761442;0.28619999646546734;0.4744211340416743;1.054920647484145;0.31258302612887506;0.787778041730583;0.3691981833974675;0.3663758323965846;0.748563259861797;0.8484771590341221;0.8873503607691016;0.8898344812355764;0.4472498882076015;0.5769573140571268;1.117790343838536;0.7443200624124571;0.3567080486362863;0.8346548934064678;0.741981610371049;0.7757362491227312;0.9788835248167871;0.8889991702396364;0.7549511482865792;0.7866984428723353;0.3637318255607223;0.6647631884144064;0.4649437153908178;0.8398443331652348;1.0722888198418037;0.7720727451298268;0.9048284473537489;0.8924586751838002;0.46245984734026807;0.3398637533946722;0.4625582283730185;0.8528486132050931;0.32855248070197035;0.8519109178567482;0.4501656984652755;0.3859874081680772;0.8376691595992423;0.7919744935158044;0.42809795777619875
2025-05-12T00:00:00Z;0.35620978008701953;0.7284312782543046;1.034743972196074;1.0338935044678774;0.8939925275983349;0.8610419477610027;0.30157658433939777;0.3738807001078439;0.7762043901776533;0.33674619908950354;0.8230909256627096;1.07303598600301;0.908342855557662;0.6681529415596494;0.27261321393598337;0.6864891696693306;0.37895315181894546;0.7013481890848126;0.3538143245230303;0.3717767652103539;0.5951925912979898;0.844593655232861;0.3191340408727999;0.2895965762211523;0.5107732678512972;0.3562169815423023;0.6657846340802229;0.6601961596647443;1.1759681269193938;0.902033535446845;0.7513524354806224;0.4313648200692625;0.3194294326335379;0.4320117032652892;0.642094981412799;1.0321474247887759;0.789765165048383;0.3937691302150488;0.5964720003395917;0.9571073140485866;0.9235680766301196;0.929380890458681;0.7772568674968341;0.8486520632683674;0.2704070122529913;0.5492488953166702;0.43554589505836994;0.4353468815425063;0.455149109146646;0.35296577751004815;0.3360024000352467;0.3134653450540416;0.29754805487366565;0.7741857532678735;0.8053263938298394;0.21770158757033797;0.479182455590272;0.6331461121561869;0.24082231539131332;0.4198984756776214;0.34122683073618104;0.4263530788894701;0.979096675995935;0.3517712293046581;0.8221322414282292;0.804725447841205;0.32821240609614744;1.1424228909642855;0.6414873757277504;1.0292796837932923;0.3837939106860909;0.7490219047040115;0.7226045496967892;0.3007644994326486;0.7972163778999181;0.33788350514123244;0.4044955258757677;0.7459179326011525;0.3888716252709644;0.9455248266207227;1.033107485856594;0.4442376129788853;0.7729751688880752;0.3672977911405469;0.9299203303346436;0.32506298864372757;0.5036847279075842;0.899116187536416;0.9565726026389654;0.8512397643224693;0.7933972454655405;0.9359271898426914;0.4423370195913149;0.3438750790455923;0.36208165573543616;0.33772192896037495;0.47728402538713055;0.32954974937957426;0.7930419714357673;0.5677767182631192;0.948595249667105;0.5203365777389275;0.36579614068496796;0.37212045681201833;0.36836693801984205;0.4245577815617645;0.3291923731153695;0.48409908083429026;0.9168285424263933;0.4904560496864086;0.5361617996973378;0.3827527813489845;0.30622632803697036;0.5213046544520868;1.0742760271913763;0.3017346593775933;0.8909522954959362;0.42043800948846605;0.34693298675422746;0.741894380204434;0.9589686368164843;0.8224364898589828;0.9284800855765923;0.45899793683691364;0.674015087294511;1.2149568212528417;0.7838970192389998;0.31918519712133114;0.9330521676408124;0.7492658080429666;0.8219164518079177;0.9712427429057093;0.9832701011654466;0.8231816773709392;0.7821932512300985;0.3470150367377971;0.9229229274442641;0.40516025766309977;0.9243576792318718;1.00220413975839;0.9002090565352435;0.9746563153725544;0.9442162229576044;0.4283994241537135;0.2582354037249947;0.44642663161760743;0.8932476817131042;0.3674048208802399;1.0277200766551455;0.39101358273147063;0.3451799003213026;0.928115204125018;0.7564356504021899;0.393811686997148
2025-05-18T00:00:00Z;0.3444655887674984;0.8275580133710588;0.9837851664348131;0.9895058776107603;0.9475416925645643;0.839554771570142;0.3100220539552533;0.3919363281688213;0.778727724688616;0.2663699972333799;0.7659774740268971;0.9010191028327413;0.9018456804594804;0.6708504106504442;0.2988900411140731;0.6710633430602126;0.39821736759826587;0.6313662856732837;0.3323652136138141;0.33491993564792805;0.6500067754119655;0.8282690645374473;0.3105211768127565;0.29102778835651394;0.5092467243623252;0.3327240487924904;0.7248770814744672;0.6571618663367405;0.9218855481911847;0.7985884787223372;0.7673860549258408;0.3748736892260339;0.306554369567551;0.40805184383914894;0.5834466592295919;0.9591200220804984;0.7472673380077429;0.36632773238751626;0.520304675734773;0.9550236995051083;0.9592479327055426;0.8797031713526605;0.7318892400473991;0.9952272722418879;0.2469940910312703;0.46352335244094756;0.3738098330485559;0.42407072378791927;0.4680526623992783;0.31811524570573935;0.3803710764770843;0.29413435906565893;0.26232644953096407;0.7449941024672408;0.8192398673718442;0.266133087680927;0.4480910374840183;0.6574225903783654;0.25061768694652553;0.383614296498506;0.3243323529663945;0.4153863206852314;0.8042050321456246;0.32763516195118425;0.7144221404654957;0.7791905246709007;0.36742450504228696;0.8171749208456863;0.643015731132248;0.8983010680359953;0.3578620721065763;0.8391895522955679;0.7257359506919758;0.30248117243492145;0.4559931125758527;0.3429489889935334;0.5074559619763623;0.8614672100583104;0.34496424658416486;0.7039090829428061;0.921740357145733;0.43127768094158037;0.6958122315786539;0.3188949311750874;0.8692123709874543;0.3229778834812229;0.47124195035933575;0.5924816407963761;0.6855811740539725;0.8773407197069204;0.7869751763692021;0.9901068293640155;0.35996339699574087;0.2907062055677754;0.3199473142620547;0.3211625589387149;0.431136934859802;0.3317307681662011;0.754503605849406;0.605062694857127;1.0148401827260247;0.4303937368380483;0.29257294062462663;0.3254531392206748;0.3422168785320056;0.3498501707437552;0.38807522618701246;0.43563961444824006;0.6975780220372267;0.5109613846794164;0.6099943214302022;0.32947624341243986;0.326217475854169;0.4416468137959865;1.038269540241632;0.3327842764237097;0.8431235516425406;0.3907761390782404;0.35631094920577105;0.7856149548007085;0.8132269436487488;0.5580667994019897;0.857302190717869;0.512464092141546;0.5612697452724147;0.9706737739083955;0.7801332893299402;0.3578022023020716;0.948536654321047;0.8183022763028189;0.8450688235437179;1.0150977489899615;0.9732357431456893;0.8368144397946304;0.7888500819119706;0.379531191014159;0.6842359473644677;0.42289953896031673;0.9445584949513997;1.0569062865664256;0.8353342826250989;0.9712295360503564;0.8779370981922905;0.38582519952055844;0.2935336276258527;0.46067480337466293;0.8150452626504295;0.3143341222641758;0.9015172162049323;0.4304741306413304;0.4277662007963701;0.7276583004954477;0.7471755612498546;0.42295353997619073
2025-05-24T00:00:00Z;0.44434687194794176;0.7503355021278063;1.0235390381101004;0.8735945268110795;0.9056108387616965;0.8911285322123607;0.3853397175953502;0.47161899910483296;0.7729954945617878;0.3015788431780186;0.7590292994708023;0.7151137522543451;0.92266628617863;0.6661492202954097;0.3639018189173293;0.7307121878570114;0.3852468487495928;0.6709782636927549;0.3699888142481392;0.38516502890560433;0.6475688076265493;0.8769462788452836;0.3669378488149091;0.37323034742297484;0.5659466514081666;0.36025093830128263;0.7069501206372637;0.683949926840001;0.8276310023769721;0.927762757528858;0.800111152383746;0.40925123669388297;0.3406177061818638;0.4665494412047429;0.6016739243876703;1.0479529092374438;0.6912636263052206;0.3815035743811696;0.6316287840947066;0.9306018422309991;0.867481711771651;0.7750896483659744;0.4553909706824726;1.0266528413739315;0.3213086795395401;0.5734618690319739;0.4008869349634661;0.3644519326606692;0.47034910127785184;0.43032787421723867;0.46973414606796726;0.42217159280128264;0.3120690633192658;0.7732447875901987;0.8404434899366536;0.21121702352274768;0.4954634276077603;0.7679276231902327;0.3205675933118158;0.3976348202018177;0.3722913570971374;0.4864258310968769;0.774354453529081;0.40328349464449353;0.6820947400835865;0.7321123252423684;0.4268437151765691;0.8467456284368532;0.496538121251213;0.9648544947422845;0.48148676855332495;0.884732611173896;0.8099988663187062;0.35948161234768755;0.3220140873724833;0.37629931065566846;0.4504152896645088;0.8597803578711026;0.5963893880086298;0.8036947762201687;1.0139294810735495;0.5654734686101462;0.3179457869996466;0.3463320427832791;0.8628298744507845;0.23374960111277548;0.3820903518365359;0.6027658536597407;0.6752604765416863;0.8584589212398811;0.8257374436101492;0.7344633110017112;0.3808854142924649;0.4011742988752441;0.3695312966324603;0.545773020531438;0.42256389223094215;0.3423149956889996;0.770495513527929;0.6616072586608411;0.809729076619649;0.4258950826370198;0.3496681841206958;0.3246314250961507;0.4445208298731154;0.48827726287649337;0.5174504284774656;0.42203777697875133;0.6874155366286506;0.5199330901664241;0.5796171261402576;0.5408141508620183;0.3509542451401117;0.40545446298559895;1.095827480700221;0.41235414275371435;0.8548383582221827;0.4458050079391075;0.3918527506041901;0.7844993257677259;0.7783906646916782;0.5515629934355678;0.721095808975691;0.6053068486884171;0.5703351489394656;0.9500206260464997;0.8912877751457872;0.3872656795152267;0.929845477960106;0.8660960214562593;0.9077494280730656;0.7160771720991066;0.7703471267405821;0.876608777836362;0.8520515213971308;0.362556195137867;0.9087837027237479;0.44755978208029307;0.840718752300638;1.1286517045276607;0.707575618470815;1.084888229218322;0.6255058927266322;0.4325745509677234;0.36663562234217806;0.47084025262943574;0.6975277643695438;0.34556088083468867;0.8000834949645101;0.5367421766471568;0.45594243429678377;0.6729864741210783;0.7773262846093947;0.5537717040172948
2025-05-30T00:00:00Z;0.5367192212301445;0.7100099211545299;0.9733924844943999;0.7225061198075612;0.7321013148042038;0.8196542647262077;0.16593836819043473;0.5089386504805079;0.5367160306132512;0.32051006619763656;0.6221455951834289;0.6301285869529274;0.650633573699198;0.5589549668542672;0.3812311974430699;0.7886701923403862;0.4845235140234448;0.6539573940671567;0.34091982323117154;0.3605140858305107;0.6666982316917368;0.8825666625290475;0.39807334834917013;0.42651553164047695;0.6091054239977709;0.42388980773025287;0.5982949141816468;0.49411240802647566;0.7071893748042434;0.9061402025170067;0.7217556384066166;0.4076327854518468;0.30915777087867224;0.42001260952143876;0.5650169027112404;0.9654800453964545;0.6611293129939384;0.40023127662402297;0.5940973627829028;0.8698217341781178;0.780729829422739;0.6588546274167582;0.38536076032717115;0.88054588158554;0.35022309416455233;0.5464150208979845;0.4070041927539371;0.3887845219126946;0.40375552739957143;0.383272553048325;0.5469990051672107;0.40293446990314336;0.3642098171054753;0.8227724186369272;0.7660215773490759;0.20190979954060567;0.47349358404905156;0.7983772122792774;0.34546012347731403;0.3439411055690572;0.20435422862036237;0.28460930749953844;0.7187808170243246;0.39005755684991655;0.6697819306405018;0.7228616996393405;0.44571381418721;0.7062280851213145;0.44379564740069927;0.8744991986097488;0.4163589772533595;0.8085644615939288;0.737334004103973;0.39095950901864385;0.2959416869017669;0.4445842509163052;0.4254990671785714;0.7067303684239831;0.5104316388511337;0.7149553658248755;0.8381669543716727;0.3909222626103558;0.3168683362193406;0.3632056343998657;0.7583756379012404;0.2551185879538435;0.3028436366521715;0.5561349873655829;0.6609500224553742;0.7834714592239003;0.7817858278400758;0.7850006752348734;0.3794840943190761;0.3236179619560854;0.42290503646370314;0.2709270497982638;0.44925366882922135;0.3004242326476311;0.7731415724130373;0.5776998286786145;0.8005674182657411;0.39144132058538267;0.33641404432316896;0.3429455014974207;0.43193509107955885;0.41799753267431916;0.5816638368814798;0.4232110726048127;0.6638757784842104;0.5921045322067306;0.5840814065026201;0.20006230468377084;0.3724365408713713;0.4402343137189746;0.9241235387288587;0.4784017733034384;0.789278564624267;0.4110271854694253;0.18148905376955174;0.8503802620507818;0.6932860031431797;0.44348649087972236;0.7277433374049207;0.5111990295563894;0.6594865847002255;0.8761741150095372;0.9107853527882653;0.35712728367299545;0.8258748925737921;0.9349289522843341;0.847916016209422;0.6952630479881148;0.6095126226194302;0.8544655683108409;0.8766752436785363;0.302865869412669;0.7904034266869228;0.4583322159948925;0.6717155202677344;1.0906940769718354;0.669381907162884;1.0533633918816598;0.6853262075893426;0.44332783145853033;0.39028945778237983;0.4569883356022213;0.772430022573471;0.41741867935101457;0.632042983385581;0.465206779567295;0.4687134962421987;0.6155849906094762;0.8334465018232418;0.44390126668058677
2025-06-05T00:00:00Z;0.7243976658326782;0.8520827265321345;0.9462165624866051;0.7070546515060193;0.6611030516233521;0.6353179690926963;0.2758887595663743;0.6620166371991164;0.5517629871548666;0.368047572464015;0.5768764848757331;0.6496595406575914;0.6116644190214902;0.5743210527479;0.5010927089992335;0.8287444228345567;0.49023329869930043;0.6055214500130436;0.4563789697238414;0.5112631282167223;0.7459254318942767;0.6922035832472161;0.392506760335343;0.5729474459031616;0.5597411985397339;0.5123843495361851;0.5819576917159738;0.4908375762831822;0.7130360484186438;1.0634809579217552;0.7418028380129233;0.37783146896529557;0.3917569092381921;0.4357936732812759;0.6221775728817577;0.9088697379698134;0.6148822171213303;0.41773957257921046;0.6876581108828229;0.868966271908812;0.8346893049262064;0.7542680742768194;0.4381261581136055;0.9320116768468101;0.42572382515909507;0.5700197480042284;0.3955301549011007;0.4122266261704033;0.4398966907048781;0.21687082246159287;0.668889523805936;0.5159503229001843;0.36210780605169884;0.8836786366662072;0.594779513426429;0.16073544041977988;0.5225539474217703;0.8672975140745841;0.5079185480471724;0.34900675259575425;0.28721632347972137;0.30101909990679254;0.763888617456559;0.3905340283667419;0.6744208837973633;0.8321114198671832;0.4933992061484949;0.7282694376321129;0.4548181610386829;0.7252400659046565;0.405015431796363;0.7855621432355785;0.7275059684598739;0.5098563009075521;0.32925029784371407;0.5331515324951386;0.41461470199140993;0.6551744305657088;0.42954424064121255;0.7685918025871118;0.6504379247962742;0.4003014956890178;0.38511066144752887;0.24804672344094691;0.6237298751699514;0.1695418207385622;0.48369302680186915;0.6487119155091072;0.6375219233268017;0.7273607054514251;0.7916253503369659;0.7423398785354677;0.3904311258516189;0.39869712913686955;0.4666655508182695;0.4442941134418797;0.43290804639317754;0.29918308542257316;0.5847954659469216;0.5266202510003641;0.7523343674749634;0.41420501797550524;0.3592399974588651;0.31511496938279226;0.47799480164007685;0.5403271958201508;0.4996988560768256;0.4948757383402321;0.5910140463298641;0.732091307217718;0.5281612303969526;0.3268641411900319;0.507567526452688;0.5540393560211638;0.6602287841535927;0.5448586986652004;0.6192617417857198;0.4359596287379668;0.2940689701310617;0.9056301785917331;0.7419739068522082;0.7917511167944785;0.6431580533675602;0.6883570913013933;0.7856012188484159;0.8690810382803806;1.0308716069481303;0.5188004660552024;1.0178309893091397;1.027407903947692;0.9224057140378772;0.6245226637908273;0.5888909095399959;1.0230290784980312;1.0152042299509048;0.31966454702791913;0.8056046371874602;0.45658917271237726;0.6737911309679381;1.1511867335787764;0.5937496471026588;1.049776049395699;0.687027720530387;0.4386059603618161;0.46974547964247704;0.4538775420476927;0.7105955259922223;0.5324946885352592;0.6500286206028766;0.5056634858294484;0.5207879371186025;0.5793876486598071;0.876550696399469;0.3055184064729038
2025-06-11T00:00:00Z;0.7311360316440234;0.846018278173038;0.8030349044755042;0.6259723495023953;0.6971313358552499;0.4979345872703415;0.16168907259865836;0.755144766625568;0.5455854346142687;0.4393107031811258;0.5793352229599205;0.6612429088208733;0.5865953034930844;0.5018936325742946;0.5497228359495561;0.7552387297957733;0.44825022744969406;0.5536747914565815;0.44937413340625343;0.20548954430093938;0.6655599785266395;0.57135586385535;0.21532502396333256;0.5788077211720433;0.6889996172201754;0.5723295868163383;0.650560158191237;0.5283096781304709;0.6026207877959081;1.142608266374489;0.6597389740914833;0.37426746195567534;0.4581679908229749;0.4280060556678057;0.6072573655685365;0.7604005864746253;0.6202013011877627;0.47288219141865906;0.5754431659569506;0.7272081589376604;0.6729873807313516;0.6132045903857494;0.4262709865854159;0.8140514809201022;0.43871893965214204;0.5520908326233503;0.3869269714097829;0.4051911905214748;0.4467376599436703;0.1731129178013681;0.6338916339873611;0.6162135394427659;0.43617770851124077;0.5507919270765744;0.492474849659663;0.19699865519738835;0.4263225096132333;0.7149356229144936;0.6323847746794956;0.3225738974719661;0.2075967225004594;0.2344215094925687;0.5800756012286344;0.40650736889754885;0.6783189228429005;0.6982154006611055;0.47993382178434807;0.7551215307440674;0.37046046551736406;0.7140399229805372;0.2658125223866065;0.5527820264503837;0.6504358290508312;0.5497379102608403;0.32122776979888673;0.5803594888250706;0.3884462024206701;0.547235248258205;0.3770836460657602;0.8012314622940258;0.5765726203316026;0.4114333370175117;0.39825756971734466;0.30889655689539597;0.5880694027874357;0.240867968920206;0.4060990438267206;0.6563862210664994;0.5967852062384875;0.6014664916197459;0.5455014297067359;0.6738525378816532;0.34925811192782963;0.21134381937647034;0.5076084804600574;0.25999586073206676;0.28456905342781563;0.2797850921645706;0.45770693201331825;0.5745893824105948;0.6989401377016499;0.48738221389562775;0.444685223198132;0.32424367717086516;0.43298063831320655;0.2667680840059701;0.4855643132532294;0.38975652488830614;0.560755039859978;0.4629796541311952;0.5057580940089492;0.4668816044581749;0.5741268026829036;0.5040871069929694;0.5366281724817142;0.596457148313267;0.5586645078917406;0.4086736053323089;0.15010376410069182;0.6661424859624325;0.9727333650138557;0.824749219942587;0.6574094493863107;0.5527472151730555;0.7051216111089407;0.8257873291725369;1.0546831872063982;0.29066416809511225;0.8979032865166664;1.0142222677431958;0.8462104921682803;0.6067057215833096;0.5611847178539453;1.02102760170996;0.99785340487957;0.4895580947678395;0.7835138740680986;0.47257954856683493;0.654094711509337;1.000209293572424;0.6522953508338377;0.9451193197139002;0.6791336583942381;0.44540565420883244;0.47773017709174853;0.3080284831094128;0.6581487941056942;0.6090038829190391;0.6168582541131344;0.2591227143569741;0.5805653518700338;0.5672415636660191;0.9063677078490768;0.28028616609046164
2025-06-17T00:00:00Z;0.8159957645748037;0.7602217361330986;0.8151095417553864;0.6196470663721438;0.49934941986876147;0.379387264264549;0.18068062039207436;0.8149181792552519;0.5320815919578463;0.3877208554598899;0.4513055312265339;0.6797258485113162;0.5549663483262062;0.4663406960022302;0.6522655280691291;0.7375892597641823;0.46411444531142254;0.570999573475204;0.7299900115438828;0.21967951427742716;0.5887490624512398;0.4735525375151976;0.329195977964966;0.8091520953875467;0.6668254809087539;0.6940632664451145;0.6109477024033384;0.48624884131948437;0.4884862710884513;0.9157795745421485;0.741908189917312;0.35533897091624556;0.519251576764714;0.4209097308263074;0.5965380049160411;0.6609187934582704;0.6170362105679194;0.46762556414054746;0.5554239900413162;0.6058850912598502;0.8691587596287254;0.8247219899544822;0.3438346138683997;0.9000274036167922;0.5330747248921751;0.5885009728603482;0.3844736343735923;0.26808982749420046;0.36626461172713515;0.21236363208683376;0.7947550282390466;0.7072663454509719;0.5675718614631063;0.45844009863751967;0.3754910692584065;0.5015865773536174;0.3701567643735972;0.5861011697141172;0.7092715130670916;0.4736744022273809;0.37623169297179426;0.27213306522646613;0.49853311692251306;0.4224368072744564;0.8930531457274367;0.6279836077348114;0.5694154566579488;0.631960537512958;0.4808184524779546;0.5461867846721826;0.487972403796648;0.49016732111627703;0.5857654595700632;0.6795529977968969;0.31528926773864296;0.7462487720605175;0.33089494327479124;0.5073038385916069;0.4036892032458924;0.7767776658644686;0.42685962521170373;0.36544058532038065;0.4427359376552368;0.24033326161411173;0.5488883995625723;0.6767664963993736;0.7015712756330303;0.5763593507839031;0.694427592008866;0.4571609579968558;0.45834460064680965;0.9634301903183168;0.2671692872696221;0.3317216216263217;0.5685631017463157;0.729293113291593;0.3449336478123599;0.26519742417835546;0.4552148615342405;0.4847573364231539;0.9938048148793833;0.3436275041889712;0.46524970571637075;0.3355315016159501;0.46450451019144035;0.7845138916208978;0.5355356138227287;0.41539899036353883;0.6892160845056902;0.47957719851546227;0.5689498648176742;0.3239010922255154;0.7109818005078328;0.6274510007714826;0.5146416213235928;0.5744114104303703;0.5188665930655786;0.4190642524286003;0.18186388996055905;0.5887940774452098;0.9013385637861784;0.7197863333666128;0.8225022441245117;0.5221092893701532;0.6284065204479027;0.7108817985068451;0.8217937774730452;0.19958440821012663;0.8978422535264232;0.7448007463372271;0.7958400601368781;0.7121319970988989;0.7265198924945476;0.8742584574590807;0.8806559146575208;0.23549312206297981;0.723649598924177;0.5468927935967618;0.8371934111519056;0.8443851009278954;0.7802287395939481;0.7095043457536083;0.8878831847064781;0.42983749252384934;0.4278691227452628;0.3183620352477245;0.7821211903810501;0.6448725027100773;0.9162611558485696;0.2984050902227561;0.619066570708301;0.7048999386506395;0.7641939877919651;0.31333585624277593
2025-06-23T00:00:00Z;0.8031382325604774;0.7920915801474389;0.7773410624149948;0.5865279597278088;0.516241832610115;0.40967242668633946;0.2238101197863424;0.829648742848392;0.5573545342638023;0.4675870658479601;0.5966487438480059;0.6020980664721642;0.591290205340825;0.4726368760016474;0.7850645204073768;0.7129913888579049;0.4169944699051634;0.585885163961938;0.6754346872664339;0.2358840621033159;0.6029593007200215;0.4168692130907864;0.28662974774531685;0.7328627939628383;0.7770570814017036;0.8216767919039575;0.8278364877503618;0.5691210484003713;0.4200827473424193;0.7289768055870915;0.6772051618127071;0.28357116681345906;0.33609167027787945;0.34642021752655777;0.5675978084857725;0.5366060152162914;0.6293360719969383;0.6230937628045915;0.5275363631875639;0.5314159526195361;0.673520781695691;0.6296824456036232;0.3336127805879595;0.9356095119957676;0.5820685986429452;0.5275550564716321;0.30668581455291966;0.22441981150806556;0.29522098082187626;0.23160039731505666;0.7415035648286835;0.6969800380014651;0.5747657409458427;0.5271704814726521;0.40595873292064133;0.26951014110034566;0.3258959882153719;0.6015505473453897;0.6808781907268422;0.486426814838692;0.318527260968099;0.38441363773768283;0.4630537151011103;0.49702333625101536;0.6666572599577718;0.6887175353468576;0.6950675161725651;0.345573624045113;0.4996974895240761;0.6032176505752475;0.3152780028412471;0.4044591615492885;0.5012411062740959;0.769511694738835;0.4522140863595971;0.7597873988033093;0.45269294233804336;0.5257092025396205;0.4559047456976301;0.45798405760402144;0.6030331438372595;0.45682276224969787;0.43651793941650974;0.2311695410087961;0.4607912195408674;0.23406584649886814;0.37022778925488475;0.3868812278859199;0.6332890484254702;0.48068448871683805;0.37991515710436063;0.78241906060892;0.25371637315398665;0.29944152113203115;0.6494935092134334;0.290645361812711;0.47032719641901943;0.29254770208188696;0.34540734367549614;0.6832429838911285;0.7559930024746649;0.24327338326169046;0.20180234957882034;0.41364267749210243;0.3104177913435289;0.560560716942583;0.4130021717472829;0.40066474375664907;0.6896623138434155;0.4147217910486549;0.40749115910615424;0.40559202014286627;0.6601879511421377;0.6285346437569092;0.5392791720035065;0.6565235318202481;0.5110408004752311;0.43694435387885666;0.28403133021948657;0.6042538221408851;0.7832526226248285;0.6642758957540853;0.7538167172909663;0.5248407442284667;0.5283190246321198;0.5456905309394355;0.7405972294474233;0.36349595152081365;0.8844424871297983;0.6187461137151083;0.7133872706209472;0.6285658974944612;0.5301917362399907;0.8281170705773614;0.8545789792639384;0.2458831270333836;0.8101881416905828;0.618195284069153;0.7346048054572192;0.734397918432326;0.585823968886107;0.65563754449791;0.6384742601140141;0.4790202270436243;0.4479206739911003;0.3639836843415214;0.6162146168509929;0.6636963139968267;0.601910457249107;0.3474825463919104;0.6389290407309087;0.5855443313771832;0.4606307336766123;0.32991942921996115
2025-06-29T00:00:00Z;0.8391105460709539;0.783729190411775;0.6401500858213245;0.6585971886610112;0.6175300044292852;0.43662971540567896;0.7320798101743194;0.84484281890507;0.5917737392611554;0.62560597213625;0.5584862445440356;0.48043586745821815;0.620792876252532;0.49952633912203764;0.8381292417104687;0.8048925006469209;0.48218528279797435;0.6949703264633289;0.7407133240736655;0.3490857389257398;0.5939771125985164;0.40668952470186076;0.4362231703933829;0.7320677251068514;0.7886267240342455;0.8852290220906054;0.9529932782824373;0.6176341201153343;0.39321359295500324;0.7198553563302934;0.7063782472391518;0.3129990326749622;0.425932235477933;0.35372001893497995;0.6604198639631528;0.46264924536192065;0.6564165778793893;0.7233247587103435;0.603141487364318;0.4670491533053044;0.6501940971015352;0.6283151767719751;0.3524527986292696;0.7960543712904287;0.6540046045780182;0.6731057999510129;0.32663154796008675;0.6598160061726238;0.3424610429256926;0.21666644642570212;0.8637836691487599;0.7946231730020844;0.729856364847569;0.7382450111292738;0.42703416085582674;0.3797395686315237;0.35268561479303245;0.7322804559433527;0.7528963035224571;0.5725163529870098;0.6606636978977596;0.5778838206409453;0.48590729621791295;0.6086712824917468;0.6650621598777988;0.6209310453781158;0.816986481685536;0.3237560493576951;0.6132904461861312;0.8260270788872347;0.41153992021983515;0.48286417773760515;0.49671941148648074;0.8132908691623695;0.561053475108656;0.836198305467133;0.5848625969865903;0.6825601363442635;0.628592567646579;0.32705102810858483;0.5742772604683934;0.6010882729511423;0.6242724436185052;0.425192996272492;0.5332801063020979;0.40669905390819705;0.5713315527436106;0.35468550790024;0.6579049143199552;0.52559727907635;0.4455463171885227;0.7354883454722434;0.4867036711231554;0.37714698830237897;0.6765763700651608;0.4468316818088685;0.45172002210840306;0.40187185897204175;0.35478842953597156;0.7417371558544298;0.7255095882939894;0.5837774326272109;0.4738797420869976;0.5257436999835958;0.35642130211559647;0.3195435297833995;0.5292501952920564;0.41228192329673535;0.6942182156009291;0.4633289916533947;0.5006943957466331;0.33359385936955577;0.688161615863693;0.7032719542471211;0.5746243211460809;0.6983647193705111;0.5611294766836122;0.4367179052479286;0.5799723231879736;0.70375293393095;0.6193448563609694;0.6519216956869925;0.7175551609901747;0.5394409473337557;0.6241454299312928;0.49580610374452405;0.8103232494535149;0.3818341423893159;0.8453043150567563;0.6721632962103238;0.5321263933732565;0.7346111952192141;0.6049177581507738;0.8543329272105576;0.903278974174215;0.4507882909725988;0.7517516270148016;0.8264194396452211;0.7961838186878969;0.7592811222647969;0.743327018095931;0.7296546285038903;0.7678944660837993;0.6159112868669593;0.5333675441072007;0.24400301280826941;0.6989467021030111;0.7142518886558893;0.6896497294106664;0.6802143007401883;0.7042303408988734;0.6378596938164087;0.4190700614291922;0.3470834372810784
2025-07-05T00:00:00Z;0.8583998607024887;0.7058303283272888;0.5749072197117012;0.6458404371205414;0.5936320152441021;0.4084942070104308;0.20887268804013728;0.849331164008137;0.6270580507770798;0.5144498277486299;0.6768080996153549;0.4798219623936248;0.6576859403828128;0.5022668122037168;0.7820177728666592;0.7829218754118465;0.5411212115545181;0.7104944294173422;0.7763176605741257;0.285218616949599;0.6156427748000141;0.39374581975590645;0.23346373608103455;0.7304821849534284;0.8492757572320276;0.8751243420361313;0.8428478253664529;0.6883269054640969;0.37512739291943836;0.6714719322251836;0.705802106047197;0.2800694551941994;0.3199499242115305;0.3393744011874815;0.5881060286277162;0.36151230575935506;0.6231891092533262;0.6924344732884377;0.602663146784581;0.4733991873824011;0.6532622937253839;0.6260629504399244;0.770573033006818;0.8682923568806178;0.63039803908179;0.616755763519995;0.3212491474066752;0.541604917878815;0.47261977925313714;0.27664454859759974;0.8125596275263363;0.7362700750634951;0.6126368387981698;0.7346567958363767;0.37315995812140557;0.1651958730309461;0.33851166664744203;0.6484286181491169;0.7465464048695348;0.49593470215705443;0.2772222302736942;0.3486608245602533;0.4804687325852693;0.5831833319747868;0.6414622293657568;0.6000389159281522;0.8340719181938977;0.336575327090182;0.6527595336633367;0.7239140546497177;0.451616995569868;0.4312556123072461;0.4015121219680107;0.833451011973757;0.5046401186440483;0.8518749475867339;0.5356219583190978;0.6196693685559327;0.41218226636233535;0.3056074141352633;0.42721774952470765;0.6189627632029077;0.4626365085615175;0.5125348328389209;0.5238340989835517;0.3561685910892695;0.28983028695079616;0.319507866840938;0.6329199529730659;0.5027803140342707;0.4020439820045604;0.6822357985202004;0.33158267981895695;0.3384233456665436;0.6436514955651653;0.1423347157674062;0.6126631646799761;0.46821305854642087;0.534471957463535;0.749904748857458;0.6517178996987952;0.23842275950357314;0.29309021548440334;0.5451809063849653;0.2800053404491456;0.30807848395792653;0.4976598994268633;0.40072631445182766;0.6161670019592599;0.4564422383368717;0.4530908328838675;0.29092976888936944;0.6416360167198915;0.6810534650857529;0.5966383067853951;0.6408789969253506;0.5342268983823713;0.41862942238830114;0.26038083848856597;0.6152446746315337;0.4634035420955205;0.5945012883438419;0.6659320196525887;0.6142726807407871;0.6855047142471291;0.4937441100744414;0.7490246810286617;0.21759390661458525;0.7369180126991037;0.630963024241633;0.4569328447349416;0.6680958889681717;0.5746502268113516;0.7994909612664877;1.0275651371862489;0.3242254563603988;0.8532213041039763;0.6254869737219858;0.7196194142020608;0.6694332344763848;0.5842123505756703;0.6739511889126116;0.6854916182930736;0.6061548093648492;0.447602381957464;0.38841327462713093;0.7137886139757651;0.6702026077000293;0.5916036669743463;0.640365298944053;0.6125435477680663;0.6009996672740469;0.377874234295457;0.21414425760775038
2025-07-11T00:00:00Z;0.792987880446119;0.7468119186463116;0.5700887126688706;0.721704254189769;0.5377331649062604;0.4373976951955736;0.30658653795499385;0.7228926611598916;0.6804263870556585;0.6546912974651762;0.71052264706835;0.5133724209220669;0.7086879096871571;0.538851263707386;0.8681076590295558;0.7914986606391294;0.6034624829456774;0.7165789459348271;0.8034204837803348;0.2543936547173082;0.6641505262265963;0.42680583612731504;0.23848627028515937;0.8130981943861929;0.8090503317729328;0.8615832532457246;0.8978871011494992;0.7267345037391717;0.39397731962581645;0.6645366254458858;0.671890809979974;0.3130263881751189;0.28880893190078977;0.32989594535458655;0.6085189122032055;0.3083896407965591;0.6369631577589805;0.7756287572418505;0.5287697961424837;0.4991573104660011;0.632552566231516;0.5589563327378497;0.3617751501349227;0.9088755868515879;0.7855626369018585;0.6012107425528329;0.38219556064992255;0.21480506144700062;0.3749758028365393;0.21164652328027994;0.807185300452783;0.7979202240723062;0.6611158181524511;0.7763089356929298;0.46513493249302906;0.2071627378639348;0.42113165781306283;0.7785549055085267;0.7720753713886931;0.6323295891823539;0.3526349733575183;0.6248849612596536;0.5714042687717493;0.6780913510930634;0.6530959718812211;0.6658258988730198;0.822971278791851;0.4014739384959367;0.7344543652604842;0.7041895630066854;0.2584858515773649;0.48483157639551644;0.45742647679572973;0.83928856834635;0.6107559152637787;0.846681241638915;0.6578155534036899;0.7665696040954674;0.5564133584284954;0.3224233167327069;0.456240245731928;0.741195673099088;0.6115773869340125;0.2269328810400555;0.6025710587528931;0.3796988788013282;0.47618187700779435;0.2539620063251863;0.5995775201801901;0.5304102428356366;0.4152853007422509;0.5836204556783415;0.3333815423722059;0.418942129191722;0.6769965273989523;0.17552653145465916;0.6645498771513323;0.5608888164017436;0.6117227189366058;0.6832473098576124;0.5364006088879294;0.2417385994793335;0.23755132417498614;0.666145266443569;0.3124220038757381;0.3268897986809589;0.552787783789195;0.4296619306705062;0.61851048335142;0.5313046898398994;0.49653726828338274;0.44524234032596566;0.6905906153270942;0.8262435873349507;0.5983425449776946;0.6985782109733139;0.6323571603855874;0.43281464315293217;0.34909958958677534;0.5059392796615129;0.5536391344399024;0.6366482113008719;0.8412249137087282;0.5262496856296748;0.6743603858907344;0.5299421872651838;0.7235575743520045;0.2545603885177296;0.8557848728917263;0.6275225973967948;0.5138429996624178;0.6337180147947953;0.5720596239856827;0.7688458850894965;1.0271132312252023;0.24284387738223062;0.9609441377420341;0.7217904685196344;0.8737353044781329;0.7078180437882979;0.6124879797614777;0.6928737429879243;0.6844939924569593;0.7129738345540114;0.45189791529010687;0.3005880768096161;0.6532225989646392;0.7042683077384694;0.5840454395639522;0.2881582204765452;0.7060816046555546;0.6120700659835614;0.3956830407820453;0.45735337241778146
2025-07-17T00:00:00Z;0.8389004278417773;0.780289332287899;0.5452639426971235;0.6244130749651726;0.6436767682282611;0.5377079847682974;0.32590537818700954;0.8301759843743004;0.6181960480982029;0.6585743138318906;0.8047541898969036;0.5271491535092026;0.7186923615994906;0.5567388799666615;0.8122377803388016;0.8222975853298392;0.5972197992974017;0.7271525420662216;0.8474890966183619;0.25590750059176853;0.6890556556573186;0.44063376030052226;0.2481601211758234;0.8150628376583319;0.7865804749871453;0.8806972278432346;0.8107815161629253;0.7614133108115761;0.5101570996757405;0.7024574313696437;0.6497713857767533;0.34567625959202625;0.31227528587760073;0.42444928759396566;0.620811732093333;0.39762063399029657;0.670740624953898;0.7877839778708047;0.49928982370703884;0.5588555291367426;0.6225301651494459;0.5902166287361206;0.4240115380239595;0.855525843311693;0.8320687390180026;0.6429877374985421;0.33229644387813734;0.30688379124654985;0.38740279374406766;0.2770577055905746;0.8105819381488477;0.8343585402106733;0.757133111262777;0.8626320254145645;0.44578627422337175;0.30322446935180064;0.3902095890457719;0.7897589552432317;0.6968730538620712;0.6150259370312972;0.36877605195146007;0.19594914643076664;0.6018497208927684;0.7330622755164675;0.6849349759675868;0.7447892580476724;0.8885731923640224;0.4223345861205527;0.7486490514659255;0.5686764824285842;0.36494986227778503;0.48795875232844127;0.48612235900217377;0.8373887237578284;0.6519443871400878;0.838358802532368;0.681147269147812;0.5007621363082825;0.2040944478236312;0.3146582917947272;0.4692952425901298;0.6640265294411365;0.6596840500230751;0.2761554253261553;0.49224224830827407;0.23381983591935;0.35411362780038924;0.3520804747506296;0.7070805060844426;0.5009032361528546;0.4734975152832178;0.7712654816513916;0.2868043598819858;0.16960429828877036;0.7383795645129815;0.2630276328137132;0.34449764140819694;0.5898579838910141;0.5653765123452384;0.7234820850559922;0.7761700525968663;0.2993852010550251;0.2368721811763146;0.7165703782534263;0.32712297886949776;0.38289303076437303;0.5515036618597794;0.4281493271828888;0.7674961330508476;0.5188798823182971;0.513619741996561;0.1644570339513921;0.6815880486793177;0.7677098670818286;0.6643470407497655;0.6868384858597338;0.5105733677828009;0.41199952092807307;0.16326112984891303;0.5031661099337137;0.5257271659951056;0.6415617792777183;0.8490104015895928;0.5227672926853838;0.6512895157132452;0.5495224541454764;0.5076767928792402;0.22443315317252582;0.7197613518376119;0.5158337280716373;0.5175633948533936;0.7782811009372076;0.5471694267779386;0.5341460184075616;0.5881190112811249;0.2597945820256233;0.7234294609685915;0.722198731293016;0.8933988432744829;0.563791901247944;0.5606862431720163;0.7659615708797783;0.8354097523641388;0.710619448897572;0.42403698684262836;0.31581887062367664;0.7823778336568417;0.7314449774900921;0.5688103408912868;0.23020990677602768;0.6004440071126032;0.8346101725145757;0.4181025604687497;0.5145194084309983
2025-07-23T00:00:00Z;0.7954821299298018;0.8025076562980954;0.5551406835512639;0.6998337513512677;0.557962353352593;0.5063923382134343;0.26950186960911177;0.8104888228959934;0.5606089300931768;0.6967361902183519;0.8324774955453571;0.5276779863382759;0.5791266035431852;0.5674674088975271;0.8479136489368938;0.76846676649361;0.6099604452767777;0.7179804885632091;0.841813560531474;0.27840280676069684;0.7161022593828114;0.5730313827905387;0.27388348236785487;0.81415770638951;0.7741273053382572;0.8579839480399126;0.912365742793358;0.7849016340839683;0.5618013217966057;0.7033114340237091;0.7096370949482411;0.40133382559206626;0.3427436584688564;0.40866019089163114;0.6326304342677836;0.4434897950694551;0.6668777214427806;0.8445290874282853;0.5825927721129524;0.5235966013242334;0.7141249232199632;0.596464218286907;0.3792636468712063;0.7857381025026011;0.8589458840099845;0.5851123997763545;0.37253091296213464;0.32285604539966994;0.4088407174664171;0.39876947347799263;0.8057173400691109;0.8082119337544262;0.8014765006665605;0.9649736931320226;0.4922578379523269;0.4961390884837719;0.43340791237480664;0.7335363485131945;0.828935801215026;0.7419050803565117;0.22109057110122787;0.33347072165105596;0.6266025473966905;0.7189793003289722;0.6622788732272559;0.7911212688827791;0.8866990520336827;0.4957476917874938;0.7534378792921346;0.5875332813052571;0.26287012171508434;0.5412276267923384;0.5535447555521723;0.8410727878626635;0.702916827002643;0.8715934213626647;0.6785621658071048;0.5894858264308075;0.2028499831934627;0.4189784566226278;0.5037765043988806;0.8050847614186687;0.764592454769093;0.39459189178560067;0.5423899490600345;0.2670976035166776;0.42401264996007326;0.32908754021828546;0.6659273924060769;0.5212169538528564;0.4911775050527403;0.6762567145664363;0.3253531049939889;0.1998704830998356;0.7269751596316862;0.4052361825903674;0.4430837177711984;0.594700052943773;0.6164520056764241;0.7170373402051934;0.66904369429004;0.28416340679270197;0.2631834954545214;0.7177354118075365;0.37148465566275984;0.3720551002293722;0.6164227495471932;0.4632294547189795;0.7222591498183121;0.5979435279178634;0.5186487075555188;0.5988621491861577;0.7359732797482786;0.7313190702762868;0.643732414297553;0.7492646033770688;0.5349284984590688;0.40840018305777065;0.1881703705342643;0.5546192746284625;0.7016890750155094;0.7288433443910132;0.7859677008538407;0.5848549264096797;0.7260973138661034;0.567594336475641;0.5385422459241898;0.26349710810475857;0.8421389484115647;0.5213353755098661;0.5785095404467678;0.7055098801337439;0.6065918877898288;0.588959451451564;0.6019933223724365;0.31065660363051006;0.9917404837906361;0.8181931030835525;0.8791524606297483;0.6314182016664353;0.6328558677926046;0.7850709759734926;0.6733668157727354;0.7290383520650598;0.4504246895076815;0.4375969593900819;0.7116474464690561;0.7801734936933241;0.6349629447453227;0.25955678722428904;0.6874594614182303;0.6428425031680068;0.449641678503161;0.2226943946007687
2025-07-29T00:00:00Z;0.8189030467354093;0.7582878619432449;0.4253319505633961;0.590032474380551;0.4104746859746906;0.4696765567555863;0.24958741885605054;0.7800017090163369;0.47043996909054303;0.6123252493601018;0.6711312483752793;0.5052816504294553;0.4546169678286678;0.5252849595342631;0.7950362775621097;0.8204086655209566;0.6049088911599573;0.6130739756294126;0.788318379901511;0.23534012123884523;0.5993805176853516;0.4605601258544279;0.19663216870599415;0.7810614355990002;0.8699351180397714;0.9132673122492478;0.9215573653841499;0.7816232022709507;0.4120590127470388;0.764926206803203;0.6017129537402367;0.3268993176594483;0.3637759076607953;0.3611618783256728;0.583285757843827;0.3607633553962908;0.5505040632974645;0.7944779759058163;0.5238308180714883;0.46690611854429054;0.5346458565812652;0.5260158446730214;0.3318552429416984;0.8738755170151452;0.7893412958387394;0.5886253859681834;0.32027019765622544;0.5530530753386457;0.3873112308909684;0.4482532583565608;0.8159555009638831;0.7526560313395433;0.7739217739315251;0.7971481902151123;0.42447622013533215;0.5486428552653538;0.36632777801418825;0.7362098922100812;0.7429226682237957;0.7592018208282436;0.22973611326539098;0.38809745136966933;0.6273274835624151;0.6809018762814169;0.5380782648274284;0.6940844708896545;0.8491714816560508;0.42153432164034144;0.72654601601893;0.526029758024634;0.2065484003403481;0.5014483966786965;0.45843582287636186;0.8653834531345004;0.6298498105542321;0.8495987504549786;0.5843798599863219;0.4604741183951432;0.2606236241436262;0.378465339749982;0.4069152144803433;0.6948591019257461;0.6642363322035715;0.40264735795367207;0.45269776897908354;0.24505065884571164;0.4143106886414579;0.4438288401387915;0.5161108091908342;0.41128639574128306;0.3976612975400137;0.5678154386174876;0.2612902447639003;0.20447288833018853;0.7516538667410947;0.46001465410745446;0.4750947434471664;0.5997389002491001;0.44859523544374647;0.8259999797075659;0.5358537300228361;0.3276732811610919;0.25026178723873976;0.6552002915577568;0.37232218867586564;0.38661452395746987;0.5906009503670044;0.45890601432566347;0.559863349055678;0.5245438138018279;0.51748266649311;0.26852115234885243;0.6424486139174701;0.7745384845935123;0.60254928233851;0.8040289372525045;0.5025662889790609;0.42741214687221957;0.19673688263508685;0.4095084027271636;0.4865928552211664;0.41097078615178667;0.8545937230098083;0.41565282182467034;0.8489491906245994;0.5863173369220837;0.45598681939447455;0.2402465660292823;0.8173899696778881;0.4576486080642919;0.44688881087149646;0.6003228937143078;0.504198046156976;0.43910676435754603;0.4849014791641612;0.2655698059278116;0.8406913933055155;0.7258975097764467;0.8688539755792015;0.4323187664052864;0.564997339732389;0.6563312285374957;0.6068712560277967;0.6968976262915414;0.39529156708297236;0.5151488683673698;0.5817970185039135;0.7244904885382664;0.5519326089014267;0.258485562234874;0.6248982465394386;0.5230848712792323;0.364472238918409;0.21537929333155723
2025-08-04T00:00:00Z;0.766372309964056;0.6505816139334397;0.46707165744476004;0.6808608210557863;0.4235402113090643;0.4561340561247412;0.22538571391304382;0.7538928814580914;0.4760199554581591;0.6348553354946656;0.8164748674760911;0.5874085775643196;0.43280973857502825;0.5542437626490743;0.7318693663579516;0.8383741389443728;0.6069382962307905;0.664646310324435;0.8332263797861192;0.239704466943659;0.5294865658349118;0.4678920829432225;0.22787572296996433;0.7628242627359919;0.8793006637686455;0.8662562497767455;0.9543339580072263;0.7594325513608994;0.4001395992199137;0.7287521013785835;0.6786388052844202;0.35017032411453464;0.3484705763181026;0.39522237820236106;0.5800969559383188;0.39964279234505906;0.6146856592795807;0.8556853688782927;0.5599427977595667;0.46906814869515384;0.6562629806319463;0.6564062934857766;0.22716353113521698;0.8285936076785917;0.9276168769160018;0.6568504107510386;0.4461672153158978;0.2748714945847384;0.36168989417252734;0.23474789143629501;0.7963421378053015;0.7655972871214893;0.7324239558591618;0.939733868329683;0.4447557828521949;0.6431070980556254;0.441875193384234;0.8012421924134959;0.699489433201229;0.6813351993043697;0.23547928209615415;0.4991790414852684;0.5711509539315136;0.6499474999694689;0.6611808150617428;0.5112788754906977;0.8038778394530778;0.4800306722108587;0.6899231600427337;0.5994359450063844;0.2616713484331053;0.5305889126749741;0.4601152644224471;0.8259351495613219;0.656994034545068;0.8311744697135606;0.6705245273691613;0.48227117647890183;0.285882045339415;0.40841824865223336;0.3966635240368564;0.7132162155423846;0.6398264132665501;0.34108097764786627;0.4717305924216129;0.2706239885517064;0.4821777513858483;0.535018968606682;0.6405968895388058;0.4625981137698613;0.41140182244893925;0.6285926172393511;0.2712831784242776;0.2302338737204717;0.713620869634932;0.45054279327455055;0.5467420175319928;0.6292101928804212;0.5019706508486101;0.8033759791560078;0.5917359533628587;0.2084028116667086;0.24010765412451532;0.6501322235268449;0.3344851687883494;0.46946285643304386;0.6140266541802586;0.4805242262210575;0.6415922614759293;0.49326625865197044;0.44007163577339936;0.1471463091673609;0.6184997754842043;0.7318913830356013;0.6644654558326126;0.7630390876181988;0.48169131798456327;0.3970005508347281;0.18113648623530124;0.44601825598260664;0.44141337770592504;0.3928014538395479;0.9826003720321761;0.5068930064206538;0.7626809281868171;0.5725970472938721;0.38718966175528136;0.24703817339673861;0.8406958018554334;0.43339849190825375;0.457739696474279;0.6421224059719757;0.5716583612010421;0.4895863168528586;0.4715075636664238;0.2687169124290889;0.7215164873216834;0.6993273980945136;0.9205952848945979;0.46031220727962646;0.5650254648112851;0.5275584908499233;0.6770048823029484;0.7235314187105044;0.3806258461459993;0.23838143835349865;0.666127359876648;0.733573988661326;0.5568864406348483;0.21392512800737803;0.7013563014198237;0.6217456268871173;0.40324366449634025;0.25442759747915855
2025-08-10T00:00:00Z;0.7661117717782798;0.7680478548481516;0.5108744222310045;0.7023205478986104;0.45307631486594074;0.502209618805759;0.26086927500509083;0.7950206412321325;0.5356823901394145;0.7113767681793653;0.5319975220677841;0.49188628380583643;0.5443853274714365;0.5164683874759557;0.7270436511866412;0.5751627286868309;0.6247594294742809;0.68719186940526;0.8361037060404422;0.26580360425576355;0.524558084384765;0.5030508633477817;0.24122203176185522;0.7753627624502076;0.602075391564982;0.8557423470804355;0.5526278900227162;0.5990838509237518;0.4139546129094847;0.7007930749080505;0.7020402786217199;0.46681932911927476;0.38232707779798375;0.44119744434024827;0.606992274198146;0.4706907400980249;0.6706603571496896;0.7797738149310603;0.5663095276228524;0.534357822510724;0.6397039120204644;0.5927640654593019;0.3152238689702437;0.811836728791021;0.8852799979193007;0.6159471867600205;0.5565656171399567;0.36508013901066005;0.39118617486705687;0.1659395783588155;0.8059032158503957;0.8376676282116695;0.8142565697242942;0.5553532997860409;0.49744110875404796;0.5775890771989469;0.48319554811617693;0.6095320752875548;0.7432810293498987;0.6706301154286239;0.32500806061300236;0.618567279773265;0.5380395275982857;0.7364513662563362;0.643235310571893;0.4971624366351678;0.8224401135882315;0.5734363462258726;0.6982820476007932;0.6674820332408301;0.3661786079458689;0.6157724212432082;0.5085671330530812;0.8338631062366881;0.7883439504143472;0.858686876436176;0.7097902503614877;0.5438440462627349;0.36266348799040843;0.5021648294451244;0.45876328298588176;0.7631374648348852;0.7332182369468578;0.39326556225812703;0.5341245645895103;0.36244196452232946;0.5245283952032458;0.4879294783495274;0.6339553231679477;0.49684804393152887;0.4517206526407077;0.5711417582159065;0.3104129017240346;0.3338628176305596;0.759106125466415;0.5310768105656046;0.6526676175161161;0.6131763854829752;0.5540711138198582;0.6327620533888407;0.5757809761871764;0.19338847477151;0.4835541534355967;0.6400943355811926;0.40476970487225034;0.5928637784702876;0.6214504565885836;0.47741643302416137;0.6098618019923232;0.508392294249527;0.44534073040358535;0.1646674399017945;0.6379183637488731;0.5508399017175925;0.6899215557837978;0.7511224013854865;0.5067665731027418;0.37834111219577543;0.2325855234830266;0.48436248841252616;0.6238272632816597;0.46532764722934516;0.6537504258908724;0.46391750768022244;0.7727359815604157;0.5392928499100416;0.4325218793907852;0.27464663210472834;0.8553415249800309;0.4784051142178921;0.5091125513125518;0.6118615058802512;0.5980054390758996;0.5105986846272651;0.5260824674317345;0.34503054440382935;0.8426403889530584;0.8243250782822784;0.9684259538239584;0.4852728441885008;0.6228876328312785;0.4798886220020647;0.6472529160901955;0.7267402574889376;0.40269167620468094;0.1828157368288961;0.62327011336629;0.7627660268908801;0.6016651409358277;0.2420190560568108;0.6299937055960452;0.6164955398857185;0.4577755753504429;0.34735388533996986
2025-08-16T00:00:00Z;0.7792395648469741;0.7442295749982198;0.559472753998485;0.711102404016437;0.4574787474340863;0.483261513412168;0.268879025361078;0.8151229262222132;0.496633941975571;0.390263278439828;0.4317188386036002;0.5547593484822116;0.5444883298473198;0.5166159704202608;0.7555948335898727;0.4993182569742203;0.631047343984965;0.6987188564537862;0.8703820238535266;0.30627278229857047;0.5009092174663445;0.5104644847959675;0.2531784724934138;0.8083114489354382;0.5048351400957899;0.8699602041017366;0.5377235705359437;0.5081741425602537;0.4062973777753659;0.6346095140367449;0.708794535605275;0.5791069402854045;0.39978279479254886;0.5985382366891301;0.5935844368388737;0.47568671300828497;0.5959543706368593;0.773386659441053;0.6116237296598164;0.49062050131928797;0.5893458631099798;0.5225188266421626;0.4388019113991081;0.84445057684016;0.8525000118903134;0.6339228479524793;0.6756634295596087;0.43394440546205115;0.4226815242181143;0.17185754748412477;0.792886021816385;0.7539768172965524;0.6025154945647219;0.5745577853626173;0.5238673835533609;0.5771032459531833;0.5324328755110891;0.579431738011801;0.7993035601532977;0.6968667538960774;0.33296976483846025;0.6117925576276557;0.5331185695592904;0.6606082848760066;0.575376855534484;0.522376774764249;0.821803859021813;0.590562863179855;0.7726823017900784;0.6277567343405116;0.4324606753161926;0.6640565644869395;0.4867062178403582;0.8590356226142608;0.5233205418191527;0.8310472258021462;0.6723423726092714;0.5432655688192024;0.3912747504699075;0.52700045149593;0.47706546709896663;0.7372201631677912;0.5740259762502168;0.42669065066332673;0.5234029845895097;0.360483806967475;0.5412214773444542;0.5455103404199083;0.5571217599983757;0.4893253266195681;0.4608900582025614;0.5130008695818854;0.34523254285352145;0.4104540560621397;0.7553604369351034;0.5220309514982617;0.6737918834610563;0.6237861551140083;0.5614241229784271;0.5386196484949297;0.4597869210646746;0.248991832459975;0.5472490034474368;0.6494642873043667;0.4125632824564697;0.6007301698522428;0.6411436725030853;0.542886297189146;0.5393328638460803;0.4801533133208733;0.48159309902939296;0.1539144814143115;0.6807122960235628;0.501652226601233;0.534552348948945;0.7662013743267134;0.5293052919877941;0.43065488167324134;0.32109621030030927;0.4769806189148247;0.6313342958306655;0.5851633699143715;0.6246698347309758;0.5632044970341351;0.7836620175176197;0.5363212104895024;0.48722461173011583;0.3093334597856522;0.8256267667559448;0.48126615342022716;0.5520503407799822;0.5142758161203241;0.5167317387652365;0.5244898133867809;0.49332407909699144;0.36508082068687386;0.7730575872504193;0.6305634819021478;0.9902756270514275;0.49389150767286355;0.4934790235019707;0.4774921586225165;0.5383368087958266;0.7307880011421662;0.39200160802495115;0.2066093985549547;0.5304639179613337;0.7762072073727733;0.5485648355941698;0.27930070793285816;0.6332758852348822;0.5552092654258155;0.4793780885184591;0.3981483603938151
2025-08-22T00:00:00Z;0.8021016887410194;0.6708815252142293;0.497342133124082;0.4975276223148208;0.3285165566664476;0.32511387649809653;0.18866272178699187;0.8597100125207915;0.37578373794097764;0.31274538375425875;0.4122064685871621;0.3797501988895124;0.44293469891512843;0.47188178101460926;0.7917570741682484;0.4380384081316565;0.6816239659095434;0.5945216187200448;0.779365452432779;0.3264787325155702;0.39111476148857255;0.4204363746411112;0.25559232600307175;0.8706362868578006;0.43264562252796057;0.9555045592229024;0.44270032597353837;0.4053893896851608;0.3458942553378824;0.505096979984114;0.6548299117660036;0.5063376655429601;0.3846543349704976;0.5707147610318409;0.5905407679504191;0.38321952105508844;0.6203339510586294;0.8962191647243878;0.6379489951308758;0.43993195558361936;0.9124318230677604;0.8384803760701708;0.4242144935696106;0.7133592601134399;0.8713056330197777;0.6261399147426424;0.5710085802986293;0.45692719251510816;0.48288232871401865;0.2421905884395791;0.8688128165469682;0.5877571355626074;0.6070520218239077;0.5175096606074264;0.40407446813124875;0.6753567205842144;0.5240994089098309;0.44699458322303626;0.7664672757678401;0.715985731457785;0.33759408181363887;0.5277028628975846;0.46560015579932;0.7002254195616279;0.5909926100650349;0.40044112917071417;0.8549490691794855;0.4206178048501586;0.7434799007491338;0.587480785142774;0.4077326769462718;0.6956711115912525;0.42476421889679766;0.8803165453341452;0.3600089132604707;0.8812198844319636;0.6399650933538995;0.43069152947206163;0.37420668807818736;0.3871215985198716;0.40109439095052024;0.7365561611631997;0.4798280438839597;0.36217522156593485;0.4386452520373224;0.4206826503756061;0.5777692763681465;0.3687169375861513;0.5487911263342019;0.3845550261750633;0.3862187891330251;0.5762670332869739;0.4027715830390625;0.35645379203702704;0.7651555760220873;0.5021636764848377;0.6766588640938825;0.6635052483313714;0.44114091563218205;0.40386758380375065;0.5025627497347737;0.3343798327517609;0.4271633730251888;0.6266327784301475;0.3749670832533843;0.5135417780389726;0.5176787396618562;0.5079208847518606;0.5303047736953146;0.478443156811631;0.42422393972621014;0.1373457161728957;0.6694546488581063;0.5170781940052455;0.3709265085261153;0.8282807666382619;0.42993590164708323;0.39766937418069276;0.2377768042828328;0.3801993001204879;0.5129997620757777;0.3845086465973302;0.6207908296277163;0.5568642757509066;0.8087729033590718;0.42424854837677745;0.38451857285210034;0.3192963680173955;0.8583263816094837;0.40779027412766994;0.4330833432329173;0.5017615026265438;0.4745697680382571;0.4067037216620379;0.38698706484666584;0.40870506351687996;0.8759883254766464;0.5085941662770372;0.9081376423930178;0.39052486244264667;0.5159824871710528;0.4017282704125383;0.5938741154168433;0.7565977818641131;0.40576851270415565;0.19179122594457307;0.5278730856153531;0.7200410281070738;0.5221369069262116;0.24235690501619925;0.5121362965833566;0.5570022666115795;0.46377094225970095;0.357268159740117
2025-08-28T00:00:00Z;0.6078431559491244;0.62344531416893;0.5453578831567286;0.6209741131512952;0.39710407031159245;0.43546023873856704;0.21584164626896382;0.6286759652481564;0.3667331947834712;0.3510794181310701;0.42152048760101574;0.38542464087555156;0.4112930581188546;0.4968282429893351;0.8498934493276286;0.4423845620795168;0.6406080617715807;0.5036301707961632;0.8706915731623346;0.416825686400944;0.39570480423129123;0.48841406895871115;0.4548982112557738;0.8287931870818138;0.4484502616482721;0.853503699847133;0.4257129003834844;0.3746798258686339;0.361385069823151;0.514678190193105;0.6571665332720426;0.4812537732093521;0.4074030924195321;0.5201118797744246;0.587211021589999;0.40104719340453693;0.6803375972458904;0.8609167526849368;0.6111322357946513;0.4099099909158556;0.6059117750171044;0.5905934721144217;0.4414085171646849;0.7449871398649126;0.8565799866158229;0.5855906881993602;0.6291853741578403;0.4382250407594871;0.4468634653711173;0.17083313327651536;0.7586393619555208;0.4452432668209947;0.49910652234150726;0.49112369365388564;0.3985000422908231;0.58474786655717;0.548235516504342;0.4647602878084675;0.724347782271509;0.8735990220494846;0.3831002242089326;0.484634198047394;0.3913187379290727;0.741900691600761;0.6449648539071072;0.377081189496106;0.8437938127069011;0.4247785010794847;0.7708968831289458;0.5739416693560562;0.42281408752892413;0.6404469398875214;0.4517482787817498;0.7637725343660317;0.31215911879327446;0.8008367948202231;0.6613268078150957;0.4178035767159352;0.37230606567190616;0.3956153522707018;0.41645180878960314;0.6931421809764299;0.41754143314976844;0.3558029439474893;0.38927885466464235;0.44159998583324106;0.5835337005470148;0.4436154912124161;0.6492848222515605;0.42559770248064643;0.47177246985622967;0.5764436447676623;0.3522489994061334;0.3654194909790153;0.8000607100847755;0.5310868410793627;0.7300090201006604;0.698222358133236;0.3909837585137138;0.38294450201141866;0.5144052986135631;0.5357524999332935;0.3985972255694916;0.6634997766431739;0.4081928617555803;0.5556030290057627;0.47615254518092837;0.531045058931193;0.5974498345387002;0.4769182546598137;0.40280762399691833;0.23517539578693353;0.7661531474326645;0.47845292162928876;0.3335626355218132;0.8199164405241449;0.48759854036403516;0.42592994665344586;0.23837658530025627;0.3700037002400206;0.5196124957233179;0.3758357864938161;0.6816690256780449;0.5515090931935803;0.7841458278877729;0.396794987355728;0.3617644744485532;0.3799484873566249;0.8188320361480831;0.3864285113896445;0.429923769847865;0.5803456156745884;0.5651012754228231;0.3824660551057609;0.35954733300469427;0.4832666511119043;0.7789852876784438;0.5379178559197341;0.5837766122898237;0.40200368752142035;0.6753125849830026;0.4442208957111201;0.8343911510288756;0.795707791693504;0.42684990893606506;0.15804217708149182;0.8295199905661605;0.7473835599490477;0.6172421799544627;0.2633491171227691;0.528166647604752;0.6840339782337821;0.5630926593834579;0.3433556885671616
2025-09-03T00:00:00Z;0.4823055844686248;0.6881773039805803;0.5444865566118365;0.6267727406639041;0.35489482073648737;0.3668012212930252;0.2056249449295657;0.4506150577107773;0.3802458190541259;0.35082752319768606;0.37172879713277024;0.36274257958607087;0.4601232816696167;0.43777032138232425;0.7561550447533253;0.43271663195189686;0.6909666374631079;0.4903702898418668;0.8230411932839976;0.391823912135263;0.4134892600727427;0.4475448927264325;0.41258327644170584;0.8544544169994955;0.4157588224709034;0.840391535894092;0.432225327526954;0.36240731919958535;0.32409114396543637;0.4178545058293398;0.6397810432006164;0.5257094104657464;0.43151225430256007;0.5144632206115548;0.6553183334856056;0.33064917065871674;0.6662051201033558;0.6582321459619106;0.5768575945238429;0.42361144967043096;0.5722946457549657;0.5756608450074967;0.4132953487827477;0.8226726354561119;0.6567669779389769;0.6068617906906338;0.6779975286622655;0.42681237397522764;0.4701209632537416;0.1604430987076326;0.7694683602273497;0.4621504166125905;0.48895121776327793;0.3963198639710995;0.38782309391482045;0.6333074516009706;0.538451066798292;0.4333810425466961;0.5634636483192443;0.7592925827576084;0.409357488155365;0.5352358537704446;0.39046671525472293;0.7164006042661089;0.5429079401762861;0.37777208827414355;0.8480900742504145;0.40751578741200445;0.7601709266728025;0.7282388327937377;0.4403126670830237;0.6573197506095245;0.4498274765226843;0.5688133096393491;0.30274030687481474;0.6923412167273861;0.7192498281209365;0.49666819922585304;0.3837574738203964;0.3753056099871721;0.3905036235407615;0.6937901022276659;0.39433585636717783;0.321347075643476;0.43536605363205283;0.4575036760821945;0.6457122943450072;0.340410855424598;0.6150297068498739;0.38756689368447117;0.39465083709826654;0.5940556161816466;0.3490398634495746;0.4145401749524925;0.8014689014499935;0.5009431326269203;0.7116773184993274;0.655793464143853;0.3840967253466283;0.36278153119189366;0.5598859296587413;0.7051786495682336;0.37556541671789123;0.6449776050686774;0.40283268046433524;0.47550319178620615;0.40497953122792546;0.5700309291543312;0.636547112936415;0.5076811091486203;0.3961994244490934;0.22130158072674028;0.721248039146865;0.4499467170864179;0.3278757381248051;0.8505004300021;0.4799358125875486;0.41324799832487286;0.24126285607505968;0.36565171915222977;0.5411718051941669;0.3674496056373454;0.6702040315445602;0.5968821356520382;0.7862296380688635;0.3930888285828973;0.36622786009684205;0.36144494979065644;0.7838206572205196;0.4057958120010733;0.44178711928236497;0.6421521240807357;0.5598575711818354;0.3843975723980414;0.3762693943334682;0.5517644090836792;0.8670637670871431;0.5467532634510139;0.5741819834333325;0.3795533960629366;0.6023643834226506;0.40647634206049343;0.6013995848792982;0.7431327144280397;0.3701859459399309;0.17215254841338737;0.5768276810788879;0.7482044129245802;0.6066531631963205;0.2394578949804755;0.517934982493174;0.5984370068712463;0.6307178038229075;0.34851197244493265
2025-09-09T00:00:00Z;0.6236771170519824;0.7423785192625864;0.6453333729108077;0.8005218584616263;0.47211535653520015;0.4901124455995554;0.4049217707409278;0.6270515753616517;0.3658564763576216;0.45677300918197017;0.4850775197297833;0.46703541318769143;0.5345661528140092;0.58927102913075;0.6776511686916029;0.5032017021118341;0.7374041472162519;0.5902918062785336;0.8075321322307564;0.4431502426024547;0.47124047355689713;0.5763266970835274;0.4855914088156858;0.7234630817528395;0.5760102169871572;0.7426821475856362;0.5497148872619897;0.4895744238718808;0.4570218089742311;0.5525742415227409;0.6747452526068201;0.5530410683530522;0.442316882742859;0.5844669891231893;0.6239696820651678;0.47082829381305474;0.6919586088121742;0.7607378393035977;0.5567523579275797;0.5286118954758203;0.6647976315539816;0.7639751453732335;0.4487433171770117;0.9394404044218152;0.8023355461302257;0.6449539892296087;0.7252995904945218;0.4725070544495815;0.5518281623675554;0.22366432918637408;0.7773935643508453;0.5631690529862279;0.5047749271093815;0.5899911223436302;0.48900248664355994;0.8249896657675044;0.5651186971341149;0.5417291289715446;0.6268001276811451;0.8163129916311773;0.5710162938474016;0.793105165182158;0.48411137509234076;0.714243887688022;0.6735521373045188;0.46340426758699044;0.7545804061730355;0.5395227581970927;0.7843088597324455;0.82582558186005;0.6631025988511191;0.48531994231120507;0.5154546702030036;0.7194925135300749;0.4149763479097052;0.7311211794779532;0.7376469624342864;0.47471575680000533;0.5849128334686674;0.5164206471929582;0.43587842938984445;0.6991872844099999;0.4443120728912634;0.4958703412250369;0.49059405751611995;0.7285140305692424;0.8158697703004103;0.4694822088722543;0.6941471706174096;0.4423689209879973;0.43422265640612073;0.691709987170556;0.46637704808138103;0.7806412489447958;0.9310240377169504;0.7286275585784632;0.9096152086760053;0.6741533624393516;0.5241171170718375;0.45869566925348493;0.6390778915020838;1.142679056369469;0.5131550887358606;0.6754867653719151;0.4589789828307648;0.7480243747632811;0.3594039088113892;0.635808635682017;0.7149456985509235;0.5193352630720229;0.439275956084185;0.4856425714995219;0.8348049488860172;0.5605062357976403;0.4353307006820904;0.8248921004268621;0.6418389500751172;0.3714670767591379;0.5002893454088838;0.48969639740974;0.6727966512897774;0.535207190272828;0.7294746609876782;0.6197053007297701;0.8991906355050477;0.44995816565598223;0.4401612211609611;0.4166343064394595;0.7789357790678013;0.457013272868985;0.5811469478056238;0.7109861706903843;0.6783635900539606;0.4539275033153963;0.4415311798017131;0.5721435691986962;0.9059279307723045;0.5438719132074542;0.7270513716417389;0.48262569748237055;0.7102259901639457;0.5093429941728068;0.7174190306349805;0.7885040476429809;0.4076415440960192;0.26681543166566757;0.6841800810339359;0.8208505993238889;0.7155573476472041;0.3042702317965005;0.5750079427064557;0.704881399165211;0.7140992621956074;0.5655751602292977
2025-09-15T00:00:00Z;0.39669911422439524;0.5808365388192992;0.5460002833510762;0.6470308508836862;0.33134891243294035;0.3803994250317786;0.21968028029971015;0.3667670843751323;0.34857727171140185;0.3711639018831672;0.3342185760470661;0.38193665282053696;0.44927973594124143;0.4152805911895497;0.45003082024709173;0.4626704511939147;0.6764983537329408;0.43980456540316354;0.6293350252291714;0.40928085224200955;0.3990249575202861;0.4585100628954499;0.3902899632495006;0.4139194881541599;0.34153468270854254;0.6132178360776999;0.41308512340238945;0.35008206846939943;0.34227076759220626;0.5080881062008086;0.6400987734904094;0.46669036594250063;0.4442492140811768;0.5283446062779252;0.6238733048597801;0.3301382123430248;0.5848725463086317;0.5169292136671997;0.5421991121201288;0.42990187361820287;0.623634917183456;0.6378393573105748;0.3782890804714682;0.8060227019764553;0.5839774171803512;0.6216568786506504;0.6659618784532403;0.3647944721567437;0.44972439405387654;0.15953867506306127;0.44516853053498334;0.4753195702924324;0.3775967600472591;0.45488425048310865;0.3846574849692675;0.6550277266513603;0.5372100345544762;0.4136189025054151;0.4654501411950949;0.7939050356066839;0.4186346145772444;0.5444554805714069;0.4063925416620289;0.6144115517536799;0.5397288777125695;0.37208047545703743;0.4891910318835291;0.4263526861276412;0.5857950593841879;0.7267559711777029;0.42976193505359345;0.40526102680543996;0.509615563981529;0.409562673660012;0.28677263861749863;0.47734462315173454;0.6944851273006493;0.41904181113474753;0.29295229924742977;0.3947790617515547;0.3619029304071976;0.6698970330335601;0.37319278144658646;0.3521806492594075;0.4415174468202887;0.517000355403585;0.5701159142875386;0.39532927277251184;0.5860129212870003;0.39220004373571127;0.4231793242703441;0.5280629416142614;0.35829496006094047;0.44277011640287656;0.6799446522277912;0.4640769912829227;0.698331747622885;0.6725171878706893;0.4167584754440315;0.36657663195017703;0.5190120703565192;0.7188446649461051;0.4121650829656172;0.58925476812628;0.4266006066300237;0.465746140691288;0.30251561507380514;0.6067175012841779;0.5634674283037998;0.49023871094377436;0.2838541937302221;0.17550951761456832;0.6570965472459249;0.5469538670489591;0.33198562835113726;0.689722476622888;0.48399594733946544;0.42630242441494953;0.2766579409117298;0.3902140354770937;0.5488508567932717;0.4016460637230883;0.5875878278544782;0.5480232959208281;0.694412848755215;0.34732816930304355;0.35639608522746324;0.39137160721029174;0.6605089259847792;0.37017759635828545;0.46256504385583286;0.5894612326298115;0.5494316533922784;0.39290881869977556;0.3630420657304617;0.5278876156290472;0.9642853874805545;0.42290756390067274;0.5187124987576949;0.37396445871294975;0.5585061467683582;0.4201401701370875;0.6600592376250359;0.7256595387686918;0.326677989808046;0.23961281058138717;0.5806743004161706;0.5441379905512261;0.5232511259583348;0.2226794354811818;0.48167925978579174;0.5783383528656683;0.6995686554222023;0.3429772666158577
2025-09-21T00:00:00Z;0.41166146326150366;0.6528989271308384;0.5593731714383872;0.6335158786032258;0.35168090583098055;0.4175392105981023;0.43172766950898145;0.37444463892038476;0.3304695511358024;0.33533545438734375;0.34230521813835074;0.40239480381786097;0.4455840157786227;0.3989752003993387;0.36250413949760635;0.4296936894671217;0.5355469847732832;0.4549809437484914;0.45196657754312336;0.3774310989757896;0.4253232362728409;0.44041943637020137;0.4105477982328766;0.4252508898223112;0.36409549622405923;0.3832612344183123;0.4315328220138033;0.34067884145327293;0.35344293636494667;0.5045516718166612;0.6651592505221464;0.4323072151105859;0.4490381224549797;0.5000703666977222;0.6117820100023829;0.3433035853664531;0.5423673643919749;0.49442611390449964;0.6018062876135695;0.4137160032584206;0.5596030445435108;0.5091400461483605;0.3977456890646264;0.7727724678294603;0.682737783699557;0.6637677108387338;0.6358327385897169;0.3720739230156622;0.469896562192167;0.18414025448914476;0.4279646280274511;0.5037159432544931;0.392835061543454;0.4345616341718364;0.3727473829834849;0.7162084565793293;0.47896531026728534;0.4050123592342329;0.460846493240469;0.7735285578218437;0.5825107240608492;0.4683615190483803;0.4202514079451321;0.6019499251837672;0.500458063834685;0.3783488904368387;0.3934060905611579;0.4553739205578321;0.5710735325533224;0.7811890460594356;0.4168846147004948;0.41525388070464514;0.5928394294373791;0.39772917257011214;0.29282785504150144;0.4796779144478448;0.5431101017229187;0.38135835297120724;0.3263502304594527;0.3707617260279361;0.35067995423623866;0.6220918669450012;0.36281926160567907;0.36482028194982513;0.43265819741833594;0.8218926888063446;0.6284492662491497;0.4521741956101414;0.5319393001611417;0.3907116350433361;0.42690679001126036;0.48714737631072685;0.3847750333373342;0.41920013691577607;0.39264566240015997;0.7312492568645093;0.6361864313065038;0.47100661103313063;0.39835054342682263;0.39689476955426883;0.41146217620042425;0.750408871308617;0.42191881940638687;0.47160663288291554;0.42201961919923425;0.4846868600978898;0.30911267475978815;0.6013826463392278;0.5054261458592141;0.5252336456489594;0.3243739867420024;0.47492706948755253;0.6202121673983462;0.5259982374807198;0.3458294197997881;0.5283337865445832;0.5010078923020622;0.3848961396763722;0.30884232067084016;0.40218190238615276;0.5544310670190302;0.4368843059055507;0.5140906333551842;0.51332110710766;0.8325522434380319;0.3392849197473719;0.3510190593607893;0.3741745987452592;0.6407447036122903;0.3628428333177083;0.44810574721537616;0.4889482942988933;0.4712771725166679;0.3857899801117001;0.3776389260196461;0.4193662465808968;0.8474248611090476;0.39981762133612725;0.47300847450300276;0.37502708767248943;0.4913577380828386;0.42888869920101413;0.5405188422551929;0.670390318266914;0.34542207241679435;0.239610107704895;0.5293243485907984;0.5630260450742451;0.473837754647597;0.215343365331088;0.5222908451608042;0.5062083647561023;0.6977866615085082;0.32437638870932917
2025-09-27T00:00:00Z;0.3936056933313046;0.6368318163922855;0.5119182498313418;0.4665713714248866;0.35361747407697336;0.3639096564630656;0.3687315278500318;0.40022393045200794;0.33327733633888496;0.2879739809198135;0.34423448024773073;0.3523909403657797;0.44225577297547747;0.3334954276550277;0.40191998467868334;0.4328476051816683;0.45423882288599055;0.413583752546862;0.3347752009967409;0.4006733884782374;0.3932726437591528;0.4180895295568151;0.394579747220667;0.41931607645792235;0.3594283818897575;0.43274512537047627;0.4084435560053182;0.31292932307403776;0.34465301133482334;0.489312525939982;0.6632411655275121;0.36950232696558805;0.44054137411803457;0.43323643211363877;0.549590126497814;0.33071123572337346;0.7875732553646378;0.5338365817590366;0.5666235484663518;0.4047887655903858;0.5947328643198185;0.5745108043721253;0.39550774459869653;0.7536410562029467;0.5969505246403148;0.6296011027517349;0.6109464581634982;0.31727433529723015;0.43584475577023324;0.18371130656057075;0.3843696414037054;0.47419279382820867;0.36737853928275827;0.4090480412015263;0.34431644551438795;0.7692874815635463;0.46367888420820236;0.3917200041003525;0.40454600202409846;0.8715427889748737;0.596677382607103;0.45409189665960115;0.402929579959281;0.5086039439129998;0.5231265579487707;0.3681854276427095;0.3795885158908023;0.38762697188044115;0.5437035262010934;0.7332663819237538;0.4262622680675139;0.35532980435762185;0.512464292560395;0.3744002342370341;0.27737224189579124;0.4235126782557933;0.38190206562587786;0.3534575066237794;0.3869063013661517;0.387441764929056;0.3238018126827357;0.5165279849983815;0.3624639676756938;0.3753515073455311;0.39643906456417266;0.7493537521271006;0.7781847715514704;0.3581666207133696;0.5360626380407734;0.3458316404584013;0.36104910184254796;0.5265782440327248;0.3533576697986991;0.4391019258889505;0.3916347229107711;0.6886820585385665;0.8213127943338153;0.43538513693427633;0.4084321413810396;0.33985414671995956;0.4744505557922873;0.7461551404321235;0.368807963596978;0.4280086900462003;0.36902229550408816;0.7481053253691423;0.32778882470962883;0.528349595688267;0.5119422739568139;0.37792067211245856;0.30509093095432605;0.3757253763463526;0.5682605911116657;0.4927630138295906;0.30971853811074074;0.39368568748906496;0.4581754818586339;0.3679188739878196;0.5323509716571088;0.36946439155367594;0.5303806360653247;0.36594124930510247;0.5396753397954773;0.5301845437732705;0.8117237794265318;0.35060899331216877;0.3724354151125324;0.36282679294757403;0.5632082614242847;0.3394021267018701;0.41146661099138526;0.512573037994368;0.5309663703030721;0.3574953784437087;0.35543779974892026;0.3804623523029742;0.8029607674654793;0.42543927554079614;0.48447468862391574;0.3514871154374515;0.5030504335117251;0.36427948589090425;0.5073536700626614;0.43428406673081127;0.36056162438116784;0.24855657302047293;0.4989448072332324;0.38466504628776255;0.4883890191485049;0.22117266591608567;0.5293382275383066;0.5411464244638657;0.6807553537671424;0.31159078528396345
2025-10-03T00:00:00Z;0.37388823277591493;0.6686012302219433;0.5230555139999625;0.3837263394937371;0.34669806895709715;0.3863473775788677;0.3271902126960811;0.3650429912292174;0.31540047702897295;0.3614272759963671;0.3947425092285003;0.41698807499303325;0.44561937695839443;0.3455880336200376;0.34702226227845057;0.41984771289932193;0.450557759256907;0.43093190498581296;0.29898653342711445;0.3872040152971007;0.4247372002181345;0.4137570883324202;0.3980954721886395;0.3789901273353451;0.3490098301892079;0.3783171685439711;0.3894572795434582;0.3223415417148754;0.3589617614604675;0.4558673434677314;0.6659625363919888;0.3799177568528444;0.4222815643508109;0.48179149329662324;0.6110047640694866;0.32663051094129747;0.5087512521904792;0.44374503370593577;0.6043447792646703;0.4441520648833672;0.5805062117192467;0.5865251951442626;0.40292914574941074;0.7531352871767828;0.45134892067519555;0.6381640135772585;0.6144240874794286;0.32432175273462743;0.4376729276471538;0.21174169300323517;0.37741593544016516;0.4510196282407817;0.39911071200387926;0.5221562351873569;0.3946942374672313;0.797107550895439;0.4481464115069123;0.410205197487794;0.42940860054230096;0.7615233831748764;0.6050164817469543;0.6133274001021718;0.4048274788880508;0.37719123317343506;0.5207422064857324;0.36913537372316546;0.37316631640109765;0.4364984168231571;0.3995996591192121;0.4370553736623965;0.6181784403022814;0.3712975362000636;0.443594106166021;0.3760389404810433;0.28502834062817894;0.43777387620234437;0.3276791984697322;0.3676901048447888;0.8063411638572596;0.3944488415277367;0.30918935479070897;0.49055769430830126;0.3800398534734643;0.48332205515574006;0.38047287348224873;0.7941053419419906;0.7734487998967219;0.4044365016122659;0.6049104742031831;0.3650725119863522;0.4112859870354973;0.5808983619512886;0.3620296980357032;0.6025894335826765;0.41019252158855385;0.6075862723578939;0.9627831463139378;0.37663038108527336;0.44443095775020103;0.35518341815357446;0.5576050523136343;0.7363718276792877;0.3935646544838205;0.38801430534789627;0.405730935625715;0.8122886626337433;0.3436546473948703;0.4714516207278562;0.6223260365889486;0.3699228580402443;0.34382027068886256;0.3660230979134873;0.3930935842776637;0.46134846836495;0.2693888844258447;0.36439814066025045;0.48114796394191073;0.39392327535181093;0.4854342578292603;0.35768617422662136;0.5351677601375887;0.38989643851915995;0.6458238261336;0.5055284802537557;0.887026742597421;0.3615223620108067;0.36400288873499254;0.38555222162112746;0.5076211476814934;0.36787521576103954;0.3663110054287528;0.6321064689868376;0.6337855081061251;0.363104628842394;0.3949888305522227;0.39118901367264486;0.768079700177176;0.40592152051950287;0.474911907378751;0.4133199409232125;0.6302551973559135;0.36773354762427896;0.6700996453676964;0.3843388155534781;0.36676972024611176;0.24466529137722842;0.5673994964803941;0.38337456024669003;0.6152992718875484;0.4074989257842324;0.5065431872985481;0.6697031204718411;0.7238831565254243;0.5837533834532752
2025-10-09T00:00:00Z;0.3821224526925521;0.6353318238858696;0.4957509071191484;0.39587261239150623;0.3390784010140583;0.32697846791561874;0.33854986882280735;0.41323818794343237;0.29133200253519786;0.31830612132998326;0.3416120642094157;0.36042835954338365;0.432028777518717;0.3383516511955129;0.36494137757914547;0.3824901690901215;0.4027015547217498;0.3881274129300558;0.27564441523501443;0.35903033052061056;0.383473355090326;0.3960776730920329;0.3604295735856175;0.36484666341923394;0.37324488659699756;0.36263880793208925;0.3870698463495863;0.3156601862085484;0.3124557718895752;0.3531224297068151;0.6601744816011312;0.34689274064141284;0.3841233251045397;0.39805605103690367;0.5917846923929475;0.299679382079615;0.4064354322765482;0.33659728729173916;0.5503222612693669;0.39336815800110153;0.5482097435513603;0.5146582990815715;0.3890232804081315;0.672356517247434;0.36233482011171897;0.6656515420837836;0.6079902816246948;0.33114570207227534;0.39774551092666954;0.245809345383497;0.3584613061902406;0.3699489429246139;0.3277513863731973;0.37136535323004616;0.3436310025255343;0.8740998012913741;0.43874132539886773;0.3594167032858577;0.37409676084151633;0.7308074235006143;0.6094340543597213;0.5783581815354762;0.33170224816207117;0.35048670736624515;0.4215460169003921;0.3510729060667015;0.33546144745921974;0.4047218056933892;0.42709343195521987;0.4131823363549569;0.6097836778780749;0.31894644166624875;0.29319607678139614;0.3538728226046796;0.2742890771155039;0.3986183235238114;0.3044700649191009;0.3669794292723546;0.6496096558922486;0.32635855055610896;0.30438611249382885;0.3636075623779215;0.36226767605101623;0.46656180923347457;0.33965310917350583;0.6179735576510169;0.7174512043773198;0.3356536516176273;0.46257151393582085;0.33798390543592977;0.3387433384180907;0.442003145074168;0.345046776841188;0.624388367497089;0.37004059131415384;0.6272729510853692;0.7454779608883101;0.33634769829520345;0.3966776364590083;0.2684340405286452;0.44328149046699916;0.7774781853396414;0.365853720771799;0.33034011519230283;0.37537261783859155;0.6597157940630446;0.2988984908566438;0.45249158867473654;0.5077375410347937;0.32293580204599265;0.3363974798146797;0.3532061763815518;0.3287941227124046;0.4427060148665603;0.25210990824801804;0.346054369952797;0.39550421442778855;0.3848689509275458;0.4837858235612996;0.35881647675827183;0.5116381157094088;0.3514820200546334;0.6015224419809135;0.5761865095529721;0.5441654698109962;0.3353892406531269;0.337932778324819;0.3510082214878864;0.5173482408381405;0.3329533913527828;0.34486998605836433;0.5545703474816317;0.5311664892211734;0.37635276271345247;0.3733370063071886;0.34805170283523945;0.7347744369910936;0.3716317822780924;0.503355498643506;0.35940470500868194;0.5378525925218891;0.33834566771243885;0.5228804885329097;0.36965607167356623;0.35657087993184544;0.2649934521491286;0.5107210667709781;0.3438705808057481;0.5416423688704738;0.36372220656241144;0.5487067484688366;0.5178101616213897;0.7009550374226873;0.6831201266543895
2025-10-15T00:00:00Z;0.4670179695747057;0.5870928161864658;0.5042536719473998;0.41246391249048275;0.3548645553454547;0.3724882185965692;0.3292491192583527;0.4372784465462148;0.3221242409639818;0.3306683351094934;0.3625312691158186;0.3811835611321544;0.4193365638937746;0.36333659792117345;0.40150400153583005;0.4315553954663034;0.4420289930749131;0.4207436064534671;0.3178923923733338;0.36322066511115647;0.3868206441865204;0.3993084835278893;0.40061060239524;0.3639262822172729;0.3870883570258397;0.3697327213697398;0.3692841177279094;0.32879932447681276;0.3514547654834361;0.4214353284170461;0.6870910594956233;0.3147347113137604;0.4040147022564856;0.4196927802135411;0.5869522801851483;0.3265168267544474;0.4178624113305292;0.4035461653362621;0.5996955821454275;0.40682829530240394;0.570429706269475;0.5802290616481285;0.7727233472372523;0.6799468254705645;0.3932159353907292;0.6948009411000317;0.5675631238374631;0.3525331588064641;0.40369974376777396;0.44367724059999347;0.3744861482179749;0.38644188388059936;0.36977757981512693;0.4326830218251077;0.358827839241578;0.7583917282511697;0.4551182939757285;0.3987167900333072;0.3749275359780618;0.8143787197933281;0.623466660764562;0.6500522342668343;0.3690415600074395;0.3534887067777148;0.42063619144199743;0.36169831860643714;0.356443956790903;0.4255080331950427;0.4301409380989297;0.4396857829296101;0.6291564070273444;0.34786053675056106;0.30191879911546843;0.3668085924800365;0.26296988387993125;0.41926452688660426;0.32865258734332237;0.3462358948405775;0.7286110960654099;0.3529765226319557;0.3336788181791358;0.3686405633024369;0.3509005860931408;0.4575575528709312;0.3913846998309376;0.5435223327273354;0.7726707620569302;0.3704914113249236;0.43868063518422207;0.3417104770975;0.3730566032818671;0.48255048175605963;0.3685876650727099;0.5873532445749804;0.38604581920111397;0.548324608288574;0.771538295881535;0.3483257324862263;0.43191265289422376;0.31343731638299277;0.5057157600593795;0.8920745105952679;0.3802908201942475;0.34896083619817897;0.41857226836425876;0.6597842199313971;0.303138623999348;0.41748044672238693;0.4510149887488715;0.3284679552615543;0.3320497720424076;0.36195634068841903;0.34914943124198056;0.4899555232501432;0.24804406251716196;0.37776629635290293;0.4047355860250421;0.4089012917053136;0.3969195274048847;0.3818566804932712;0.45141542707782945;0.38060232913728337;0.6436813708029812;0.5311583288534499;0.5816098971085416;0.37740425050087856;0.3562371851165378;0.35112297107182605;0.5289327551112618;0.37263419309311774;0.3516145518977697;0.6040322369687458;0.558252395126253;0.41216787701747754;0.3916141362269343;0.38682067823981997;0.7466816145640153;0.39392884439734366;0.5789063279380686;0.401462822373455;0.6343678253350755;0.3742484007307461;0.6038570185757445;0.38835148393813657;0.3849178351060551;0.6678528185825201;0.5779706091762448;0.37979722105873176;0.5692663630022201;0.4406019898860351;0.4610942454237641;0.46906417266486145;0.769037980533574;0.6097222859721125
2025-10-21T00:00:00Z;0.5013164688956566;0.64921111411282;0.5625948525364567;0.47241808478565733;0.43728185825844407;0.43188989733163763;0.5042537704805202;0.5267083532750299;0.3585509095367388;0.38820717674015637;0.44235114847306795;0.40072979545305965;0.5355259831763897;0.4274693082671048;0.4773107773035913;0.43694336450189575;0.5141783318799521;0.5202078072084931;0.43416940180807106;0.4710044236843382;0.4309576711635734;0.4854339747039962;0.4529662970531581;0.4434596748890901;0.45993676232192704;0.5303201416325253;0.4450465227930011;0.41420750260953854;0.36798960246509554;0.42528047677488423;0.5965437031090259;0.4198258873608956;0.4462066101163027;0.4477877453119792;0.5823829420119653;0.4123714557735133;0.4575562493084469;0.44503756550203755;0.6349421006441116;0.43353776927259374;0.6546459465228078;0.6104977382002054;0.723154840027074;0.8228139173416864;0.4363799154388238;0.5827938502611116;0.4554911031530051;0.5988933187008388;0.5127498682957676;0.4207857784536927;0.4573562066310661;0.44225372155746573;0.4366650648918183;0.4679189719744142;0.4352149526109673;0.8380786918935994;0.4809146596661868;0.5039301470214986;0.4373467705508535;0.7237417488521437;0.6884085415212036;0.7213292627833611;0.37740776664342873;0.4031292545278707;0.45816030778347494;0.3769464178365427;0.47037285522768096;0.40916825023507486;0.48263595251992186;0.4982198383114491;0.7093345241125729;0.3990818177175216;0.4575333893678509;0.41937782527588435;0.3424866968232862;0.5270954925520911;0.3782765766677125;0.37941285067888003;0.8032706833404043;0.40562809855143495;0.36360982284330956;0.44160978323400274;0.3939974310719938;0.5832081190146068;0.3987723144137818;0.8053482103686145;0.9204883417059052;0.4379391899379362;0.45354869131206116;0.3712749214741984;0.40413021051031534;0.6012211166462809;0.4891217218537012;0.6379946035154622;0.37715860550828156;0.8474133163940797;0.8357187428597594;0.4366830287461585;0.4124442139493372;0.33061683957120436;0.5947256289902622;0.8356457807308043;0.5064755508881558;0.44751535663862185;0.36726770164941636;0.7368615231839695;0.35933452857627557;0.46623686506262163;0.46236571412837596;0.36077417127743;0.41404640756252337;0.5915266872996493;0.4056847885870568;0.6025016616676107;0.37560214362944094;0.4715920009614316;0.4817177074438577;0.3453307223028025;0.5315285085406138;0.4321210996143743;0.571377241766298;0.46389327037110223;0.7112663529290925;0.43849852132169825;0.5530892621432797;0.44073683852786144;0.3876942052031463;0.38615142756224496;0.7497762939568834;0.3749436452468007;0.4775821487181019;0.6840726780091958;0.6167965207721717;0.3894680323551369;0.396277501982338;0.41929271834131926;0.8895262010016683;0.4833699205183471;0.6760371782294803;0.4166024048675646;0.6770978756457068;0.437730745108144;0.6340354429461108;0.5246752966299145;0.4225219943648683;0.5589512930584444;0.5990274185761095;0.4228117790129815;0.6076808267745638;0.526237386080108;0.5323769308635748;0.5105075857310789;0.7168254434306585;0.7589532736492157
2025-10-27T00:00:00Z;0.3998838253186217;0.5265789430426515;0.5162152183833679;0.3699887584556233;0.3287835131328269;0.3717834520832176;0.37429652158863436;0.41161756708641495;0.31526810461032173;0.3435999820704095;0.34200505671881826;0.36295529791131254;0.4928029244978236;0.3635835426290366;0.4143932921995789;0.36176746326318565;0.4272543345356985;0.414911352269987;0.3108476233998765;0.3755854341296938;0.34661586029718033;0.3989230077248314;0.39892506655001697;0.3829426123698552;0.3780975150124681;0.3722296316818901;0.35959258769175517;0.3136171368302243;0.3116446871695847;0.3762691057723424;0.5857306569075537;0.34499778231355044;0.40590371722548657;0.35729323722224443;0.5645575430835365;0.31152272084079247;0.41362427910398725;0.39758451794466326;0.5833767944562411;0.40807247289129206;0.5334917794324044;0.5735155573284475;0.669360059295104;0.5636084151100105;0.3972123392202236;0.6771945693361477;0.3617841520657142;0.5642193470721373;0.44496408013813654;0.39543438634271894;0.3779684425815615;0.36471376333592603;0.38982239008988895;0.3971621974006943;0.34894874062191256;0.7082172746379529;0.4715741841798788;0.3928220636543617;0.3819923652024617;0.723524271183244;0.45112274188112433;0.5394737582121577;0.33707203426935084;0.35938703648068687;0.3813585912270513;0.33498366929250634;0.3514925996437481;0.3448700253214801;0.43034311803236397;0.47836951037481035;0.5578647495164135;0.3201650844967884;0.32484776673356996;0.3710716274521336;0.2364504615761278;0.41703219057855034;0.30122508695414224;0.32827945369045114;0.6964851445592994;0.3630449209430909;0.3123958460046342;0.3632668431805955;0.3014389703651109;0.3973478447534455;0.3465776705837908;0.5030080655107757;0.6112636784840243;0.3666409114833738;0.39490895016159744;0.3346641944322269;0.32200208709066475;0.5077042020725387;0.3977279682051052;0.38114242114570757;0.33067814506838494;0.5880393943835457;0.6923815722615076;0.3853998521202382;0.39466177270796954;0.29733321306345784;0.5317340648954823;0.7902355481849085;0.41823543649517836;0.3769208283324516;0.3412469441417849;0.6653966422144826;0.31696944568887947;0.3803351350255525;0.41903444848989096;0.3141950903951115;0.3217486083086875;0.41359860879392135;0.3752388880768414;0.4989956629141576;0.26540266011334673;0.39352641335995864;0.43461024127323933;0.39078820545924564;0.4378714924189098;0.3620258498529013;0.5090620570151736;0.34912323500358217;0.6164906708859715;0.5573888632266418;0.4960696607408389;0.40973084931529463;0.3610962080780695;0.3397307077324283;0.48905160701674094;0.33725354304680455;0.3431847914807798;0.6186896588875208;0.5915278248524406;0.3597416322725769;0.3548087875989941;0.3713574091829115;0.7915628309051196;0.4432445798313641;0.5618143509330131;0.34693467677965695;0.5605193556215288;0.37973507058384487;0.5535229748727214;0.42366156531007665;0.4105412469746691;0.5365639374413446;0.5545524687027569;0.39356374967665897;0.5531120848531839;0.44402390926081486;0.4636004586614241;0.4367763560796675;0.6917649518846588;0.6378920160024367
2025-11-02T00:00:00Z;0.5254508834855727;0.5932583574125235;0.5190738598213693;0.44205058451854823;0.4228746881369154;0.44324633238504696;0.3941423048634879;0.4746874405616735;0.36047934697500406;0.3921342072772244;0.4102656879975864;0.4327349630349358;0.5804258695721626;0.45661238613854915;0.46534493419673895;0.4378927703946829;0.48356803571022705;0.5222221989224918;0.44483269773849615;0.4267760784703853;0.39776635005900396;0.5018513610446751;0.49203307996720796;0.43286575851183523;0.43363650880617427;0.5119590218019358;0.4724642506774787;0.3670893082424592;0.35425082485345344;0.46540101087924574;0.5860758825528378;0.41482627619915935;0.45021031896210856;0.42538197947679646;0.5329700751138188;0.41489277245845285;0.3978539733283054;0.5002772867554376;0.5596457698558839;0.44770879080451587;0.6890061741483581;0.6903897011749714;0.6328526340416513;0.6828170640167789;0.45832334556861926;0.6684327309262262;0.4023669283979547;0.6342250433848883;0.5079702187447939;0.4484424847157027;0.46891171340914917;0.42287778270861864;0.4493200211138442;0.4894597552056554;0.42192702753663525;0.7668065451998088;0.4917688761832635;0.5026094148859298;0.443943310051097;0.6205190585277699;0.5741878737322086;0.5065384412869867;0.3860279929533761;0.40766664653926094;0.38454092130903444;0.3834263708687086;0.4236690461705677;0.43232879173659206;0.4659288749715888;0.4937241551630637;0.5530041043561673;0.3795661534585761;0.3856600968970802;0.43406827472138226;0.3020706016631718;0.5074763888815852;0.3462501952543192;0.3889004783602982;0.6975083805080773;0.40397727344326995;0.3562290348639392;0.4386575638699903;0.35836223154623437;0.4547364112039358;0.3961470575853326;0.6287574313216276;0.762242587735219;0.430799476864959;0.4209558638256111;0.3731349405756703;0.41120507589617233;0.5887974839543056;0.4977075890207733;0.4108357311865377;0.37262584341376015;0.5634306771930733;0.6496517473512148;0.43215971926339586;0.4111411216543069;0.33899538513184463;0.6059726838351434;0.8448236707940407;0.5217382063619271;0.43168454138016776;0.3761159614095279;0.620765836040179;0.38040822830662224;0.3964772432071852;0.4470996882837621;0.3570661016809265;0.39100800044611783;0.5314892841418309;0.46294806361721275;0.4947083645452887;0.3030661927094444;0.39673229498127005;0.5252110075655367;0.36489290404693137;0.4384209051905739;0.375834701197743;0.5181295246753878;0.4129608606463646;0.6669799042693804;0.4257248062085598;0.4752448088592953;0.48071562107926075;0.40610225572192465;0.3494031092335145;0.6492336765848673;0.38142426440755894;0.44137233931322484;0.6938987257041488;0.6720891116221881;0.4058001815660112;0.41525934910864715;0.4054248354103563;0.7360155807889026;0.4922345550727124;0.673479186125321;0.40350250505322877;0.6229625738948306;0.4545146621579216;0.6056614891778902;0.4579079847215209;0.451217980677932;0.5248074389578447;0.6029159163447212;0.4273157248716979;0.6873380066534427;0.44533285236038794;0.5472719218575088;0.490811699581678;0.7475182731012785;0.6667759583039079
2025-11-08T00:00:00Z;0.43239168333821;0.5202830605369677;0.4050475062769949;0.4070333197084536;0.37661063550941404;0.3497339793963743;0.35223923445989685;0.42756918822154183;0.3382053070179612;0.362151447215205;0.3163641392191251;0.35645616449177536;0.48895398690729197;0.37254725136148875;0.41942258718482045;0.392627147589615;0.4417816833920882;0.43220996743442675;0.33989005385401005;0.3709341486872629;0.33592326817931145;0.4326311949399022;0.4316116274445207;0.37606124395913465;0.35532421779104884;0.39452212516090396;0.3827407570413245;0.2874829054103586;0.30412473540458346;0.38017285640627696;0.6331584354042409;0.36393300769683706;0.4014525857086984;0.4104564353850804;0.5337624155630909;0.32131209413029577;0.3971400505286921;0.44593084277976464;0.6776081829790085;0.4210486917528573;0.5362393837032299;0.5583429189293452;0.5960621016563937;0.6964113634028193;0.37859120340574354;0.6855917251471317;0.41103420653806344;0.6075821311893672;0.4547912867279828;0.34669378346267926;0.4099812009612588;0.35751249656037504;0.4210141794204712;0.3951025295153826;0.3551644792006566;0.6408260954478681;0.5036177105948298;0.4113529830984187;0.408385003742016;0.6303970608777958;0.45149790583234845;0.4573417223269833;0.3470156751148907;0.35648640278246135;0.3676891085623796;0.33526493474160984;0.37895785522811554;0.36616272101450414;0.4486704013035651;0.4965158913691135;0.5043907343640047;0.3199882184625;0.3193086191093782;0.38905860989672836;0.24237160392102342;0.4136849731986669;0.34253970707434733;0.38503883232292185;0.6801850899797062;0.3733443875554343;0.3448395508873263;0.41097977253662876;0.3221542304614747;0.3543590263813896;0.3915869338294305;0.4709517891624964;0.5394427034087564;0.36299246604122765;0.4079837344302756;0.3558468100546029;0.34200877996338197;0.5357353368879489;0.40272626336656764;0.3651415546908219;0.35327666200637176;0.5365933955216609;0.6700111479006038;0.41416778951774413;0.4085167844364213;0.3303483116141395;0.5150373405625983;0.7766646883473164;0.45080004116663563;0.4090564291875605;0.38622510120204595;0.639392489560936;0.3287820544290296;0.37255735233437043;0.41044958888453226;0.33856344941293515;0.3237391464655166;0.362894173788702;0.4140152735254395;0.4785619024815184;0.27949495733362273;0.3883755805875574;0.5535394035307448;0.39859750917274717;0.43379113074076925;0.3644707492505112;0.5458174830713829;0.36280480573419965;0.5963250096351238;0.45963054561744565;0.4778136486387522;0.46887125994001844;0.36242030349706206;0.32602931583984956;0.5087707355027882;0.36978503414310876;0.3619733644641995;0.6235078781180496;0.5815612738244907;0.385390736374506;0.3867252898931053;0.3656112752472166;0.8840345735043551;0.4510853408416807;0.5472869921604872;0.3507188043582884;0.5918193081829035;0.37707127826405334;0.5833199419976938;0.44424047165822456;0.39964066911673435;0.4995679432763062;0.5642562332294351;0.37510672565593856;0.5849209533704269;0.43079966068936326;0.44085477392606537;0.45610713960727434;0.5791031600081555;0.6236180280604323
2025-11-14T00:00:00Z;0.39571606953614863;0.5110161352030774;0.4219885311391976;0.3940088098576988;0.31604379484194794;0.33228850016176564;0.3286009741261097;0.39458328406484205;0.3039661063053084;0.33293570708010534;0.2853361255680488;0.33345474345914405;0.46908282451570416;0.3497243549158547;0.3855144272562072;0.37882772329264797;0.44312801880975605;0.4112935147738148;0.3309718917504681;0.3380582129571386;0.31118037848687397;0.41426982647579186;0.4012359143629712;0.37284174959164973;0.368670862108469;0.35381305867264706;0.3704457897716231;0.28166729766980103;0.26531653476766415;0.36325794930926103;0.6360133224129086;0.33541486710737867;0.37090800242058597;0.4067816541595922;0.5505132076495071;0.31187831811873845;0.3899376108533723;0.369809613903127;0.701744028310544;0.38743701516103074;0.584771095458285;0.5741176872993433;0.6430999570007838;0.5889367194402786;0.34924247504576394;0.6737913089509336;0.3592392372442779;0.6262384324314488;0.41555797816636075;0.36790807063451997;0.3744731578232505;0.336160262893588;0.39875256021817523;0.3857664178491746;0.3336754214869421;0.5660848252144347;0.4865904745009596;0.4209093198180199;0.41860501167403164;0.6665427776553282;0.39429942806213014;0.5025739589957304;0.31276439284922053;0.32578211201037216;0.3563882284908133;0.30756381031170554;0.34962667208653453;0.34475683668728563;0.41742984818254086;0.4544041692511427;0.5213257511665216;0.29091094977952336;0.2972407560900993;0.34431902847271;0.23138014967361398;0.4098657675600509;0.34125211700499836;0.37988401310784475;0.6040288747305808;0.34810227532302734;0.3214032871441709;0.3743517511929125;0.29001021132174165;0.3734844682285802;0.39775965202458297;0.43827388916663296;0.5424093940304254;0.33865455815852696;0.38116119705985974;0.35861093625389606;0.32221350893495543;0.5363425280066098;0.3604567498429297;0.4126213305340475;0.35660112238598535;0.5657390504075377;0.7944016742246116;0.37835311838046604;0.39801640120962645;0.3534270395462598;0.5450464653000324;0.7249642861776545;0.37438069026439325;0.4227522363757913;0.38542937089569956;0.6678152471553436;0.31795835961499774;0.3784747864378753;0.3973736771120767;0.35197682769727906;0.31463853983340934;0.4425638339103814;0.39180238967665076;0.472916882931356;0.2870826915022496;0.40299347057965235;0.5550049930404701;0.37188918953950667;0.4232931735309705;0.3736223880881376;0.6295552664115781;0.34088201766636167;0.6752659315630339;0.4558056678557605;0.44214190492185496;0.5099554676064154;0.36766746425325303;0.3299392714642988;0.5205038609673027;0.3179633973373307;0.3268030354582407;0.6639640237072019;0.6402091520734888;0.3445805369036497;0.31263104415583337;0.34106738496787603;0.9030987047037836;0.4261761295259189;0.6077375641924591;0.33949605277376976;0.636831521987915;0.34306673251718056;0.6158731564910397;0.39225957202822964;0.36539663300780223;0.5381658923641282;0.6045754101631449;0.36077832285128975;0.6586226580728745;0.4317762032422547;0.3886932030311065;0.4290924601958446;0.5777983488196899;0.5820636808385538
2025-11-20T00:00:00Z;0.4574636141332367;0.46653238925144824;0.4462281832798903;0.45968911060808637;0.35261942319797746;0.3835789815790934;0.4180244229301924;0.47196548474140654;0.3611166063722567;0.38214226154907494;0.327285325559585;0.3864032564585998;0.5724280868113041;0.4392070092594879;0.4805741555253387;0.46368201983527396;0.5575815778393358;0.49221254450355645;0.37954503631654424;0.41103172053893405;0.3528259770419881;0.5101882250968661;0.512956983670766;0.49280387739222903;0.3882685979809424;0.45321771197374605;0.4271245084111056;0.2993398398054116;0.3062543616750754;0.5067441922139092;0.5993649487203289;0.4074493729833206;0.40843214510898507;0.45201015808232076;0.5444138093574411;0.37069614182559946;0.4449597491869254;0.5097440595470243;0.6235294482039828;0.44738034131529525;0.556153138030307;0.5817717815415642;0.48321168747165233;0.4837512543223833;0.5231461518372028;0.6951782735704466;0.43998149997908587;0.5313838032389752;0.48796873709867866;0.44814571704966477;0.4156088540735452;0.40718095169402113;0.5100030341137077;0.5773476067971656;0.38253945179960946;0.645977795083862;0.5283584302808676;0.49369026523994586;0.5275292097107519;0.6965692864167828;0.5898162869256814;0.4319686193937479;0.3748727334069023;0.36102165512296136;0.42583227935159457;0.3696365442549158;0.40543237258554987;0.45028300539612226;0.5000331263801905;0.5653583368947429;0.5062713298224257;0.3311070007381507;0.3719032804056652;0.45663319540187075;0.2952925518852984;0.4966433664807339;0.37096127575136606;0.4676633718886662;0.6786295419095913;0.43327771881770033;0.37866947534462025;0.4415341202362344;0.34410511540068733;0.47468576229800136;0.4641522452029215;0.555292803885324;0.6316647521806125;0.4278865239170731;0.414893452771096;0.37968442736153285;0.44014323803257505;0.48256036804586544;0.4988142014068607;0.4198569959415213;0.40085569240878827;0.5773143561256256;0.7045654889402354;0.4835063805400708;0.476574671071423;0.40116764094303603;0.5403824780078487;0.752273182046538;0.4711105878314664;0.5080074638471195;0.4528018278414256;0.5921626386129194;0.37170842156912964;0.44335222100527577;0.425610698314051;0.4198207196548719;0.37949695559021446;0.5299311295624082;0.45727071070866865;0.4945697719672264;0.34161248044110837;0.45960712407821835;0.6536203351199553;0.35377923985613996;0.4003598627045348;0.41383933057347744;0.6247549672531926;0.41352156209072216;0.6093211251992827;0.5167033975911245;0.5337278727855947;0.5606497446488344;0.3663342937953989;0.3847787337406422;0.5180566346107708;0.3454727141513394;0.3264228565065168;0.6551254810155017;0.576325238512047;0.37956693953524784;0.3972528280936322;0.3949573361587645;0.7066460215208823;0.4728174213031177;0.557246648707785;0.36640875201203865;0.5343557271609009;0.37934895506755223;0.5369664117051431;0.42350057780853295;0.3754518180272796;0.5519483257883818;0.605918474334607;0.40171548345619784;0.6560839398883292;0.41596190147641776;0.44930133430039343;0.4760404547939393;0.5220252022125232;0.6371992259034732
2025-11-26T00:00:00Z;0.46075179882232126;0.47740611546545575;0.452778155215807;0.46874677003866216;0.3410559457232836;0.3767222416188036;0.4318610250790204;0.48909308442361404;0.36525880910205333;0.39118625967100734;0.3473901470188683;0.38535387259277215;0.5597967533372324;0.42833023021618527;0.49141839479716193;0.4579799045492579;0.5668109728597857;0.498905516136315;0.3748156486670029;0.4275049974135745;0.3734771052056419;0.5100780265321783;0.49531466393342943;0.479605445558762;0.4435085261653283;0.4682404648702362;0.4541536260874806;0.3318788480848588;0.31610066816606636;0.47422185022116714;0.5632157119604441;0.40949954990420484;0.433131278299702;0.4615996391342504;0.4924390508582996;0.37706856942687494;0.45880928562488293;0.5047386673742852;0.631749448985508;0.4659459216571511;0.5700847413030118;0.5735954785339964;0.6703818412880375;0.5931831818680431;0.5030510315720809;0.6925238185884026;0.4402335881792679;0.5894532766593639;0.49264963162040304;0.4551716386911187;0.41779869392998087;0.39968499753068076;0.47128716148670363;0.5665214292905154;0.3854532773284567;0.61961419464848;0.5416094504473432;0.4947657072089044;0.497287860431149;0.6385042680836834;0.5538827969938445;0.553763844218365;0.3943550857494634;0.36997995097490566;0.4216099078371814;0.3859919741088999;0.40759012100326375;0.44079764790120335;0.47950834673774223;0.5473080972830454;0.49845458999022113;0.3458353914132754;0.3693512862487239;0.44041691879393857;0.31735939381370637;0.5034340319065714;0.37074707674198887;0.45457712627735386;0.7076107244670219;0.4258944403427755;0.36174410648606997;0.4566678826865289;0.3824948656257957;0.4806467259514796;0.44311694120098727;0.5749938154423778;0.6548303969146245;0.42428257832160365;0.41650492876929485;0.40898230962583415;0.42971655186762026;0.5451723568852294;0.48842129190459593;0.44641982018290005;0.40042048873526326;0.5871709215473508;0.6855189943673774;0.5028509706758508;0.4905825865573951;0.39927422179279;0.5872930036031371;0.7802748869001243;0.44895741007967915;0.5094816857090564;0.4625828236409518;0.613491983316214;0.37035972044295973;0.42474126092654535;0.43804088553976406;0.42936898098510046;0.3872002969050537;0.5182148866102348;0.4560004955906228;0.49723496420515906;0.32284076844181153;0.47143108300228054;0.6792867139499478;0.3608854263103466;0.381908646728279;0.4303080784010495;0.6553622941955243;0.41733987001060696;0.6261831953275793;0.5193765739118475;0.5048600523404672;0.5536701999251787;0.37316428519679473;0.405213675875675;0.5429555711053736;0.3685098547732768;0.33568911491721676;0.6755963374395362;0.6054209697585007;0.4046495571416436;0.38697431471750043;0.41112985955147163;0.7329027940397678;0.4726780066792701;0.5830853151065084;0.3688316610005262;0.5867826914998577;0.3700034951002007;0.5771892703681294;0.4330173131580406;0.38109235772025335;0.5286320042271914;0.6064515413756573;0.4129216463561866;0.6685634346518117;0.43891262235444817;0.4526153627510478;0.4979748424972255;0.5025857384768323;0.6364429280935076
2025-12-08T00:00:00Z;0.4074199240726544;0.49344450106723703;0.38582977246617794;0.3852269634020975;0.3292006302264429;0.3225263169377434;0.40453242675101175;0.4183701814036304;0.3381980135772668;0.3552270421299051;0.276090282295984;0.31925475758738975;0.46467372863292694;0.3715300185401625;0.41385800795257094;0.3815401250990792;0.4788810722065164;0.43319399996617003;0.39341800537792043;0.36120392366442095;0.3034918134539856;0.44957917850434936;0.44791105029385314;0.41524474474484335;0.3395625165170827;0.3730251927180611;0.38306741571830744;0.2696370124741961;0.2556673894288943;0.4101057552385808;0.6223975527651456;0.3582626448713547;0.3704805246634944;0.40541671313965744;0.5177128647655761;0.32291950060128394;0.4409686106772729;0.47552340581919805;0.7055104441704259;0.3553404498106721;0.5250163209865161;0.5772585375353193;0.7032949383954472;0.554439867442509;0.4502847739588901;0.6638817960903888;0.3811680687463874;0.5573932452296669;0.4106093838116994;0.43675856567570887;0.3610046956760401;0.3381117119818302;0.41668411668494026;0.452843312156482;0.30999802311231023;0.5909918378725417;0.48129662299172365;0.4237759631682956;0.4457843247916758;0.40774577000710177;0.5131716429826423;0.5279892002071083;0.3244935397767829;0.3428759773072582;0.39575793350008476;0.31606632210778;0.33575718755042194;0.3791073664637565;0.4398555680695047;0.47023783589315693;0.46881446926277553;0.3024962408445068;0.30561612423971873;0.39147895144754347;0.24957533550329772;0.43482918037564305;0.3466140213073028;0.4288785125112586;0.5952321335137319;0.35024785917862883;0.3180584363356421;0.3794775371374655;0.2948665036333756;0.4458535770854419;0.404169116512559;0.5177409707042964;0.5432612645604155;0.4018739869786521;0.36210211718214874;0.41503658425749373;0.34051948321123565;0.4388192539992967;0.3901630893591849;0.5173570886221387;0.3281623340248257;0.5683212014507877;0.7508365342941354;0.44637373189554663;0.4767902067001029;0.4801828173133455;0.4754468287791362;0.7348175593896916;0.3801343463324449;0.5152086606054376;0.4969394851516742;0.6026754499516553;0.3083462336427143;0.3662007971819002;0.36941215477446254;0.4232945519264873;0.3029502223956319;0.4391348669702894;0.3828530734709916;0.4367578775516177;0.31247889077605157;0.47992222613838903;0.7187580309251417;0.37219424153150615;0.4941084482967046;0.4585977109157939;0.6817879947923845;0.3396442191060925;0.5953903058999573;0.519171924252342;0.5083410804906581;0.5613389143455375;0.3364424609309784;0.4370849687706693;0.45405108463220656;0.3254848134740668;0.2748417183091378;0.6165746265080799;0.5913023867192176;0.3547515313553088;0.3257954454965896;0.3689557589387557;0.7315288277571661;0.41053723706160516;0.5161686737133101;0.33031413934919157;0.5370594221297825;0.34840912037990096;0.5499021196563626;0.3863941714829052;0.327900601981631;0.5443137927043101;0.5322611340747093;0.3492786007440005;0.615669707430784;0.5568497022330847;0.3663607361765623;0.43423120700186346;0.4223978054349504;0.597577101776374
2025-12-14T00:00:00Z;0.4170913507226366;0.45120511831981797;0.40015325205499963;0.3987906119640333;0.35164178898858445;0.30381885613750126;0.4047330074859017;0.41513165595944607;0.32161909817100204;0.3535698487401118;0.2960572129557184;0.3135964872222507;0.4528828183297726;0.3734334014185976;0.44753572656147517;0.3868279106780348;0.48522509926404095;0.4228324201727666;0.3930730271437099;0.3544180535156485;0.316528411062424;0.4339445434660826;0.4345451496697806;0.42037294893142935;0.3700902858274972;0.3673036971894079;0.3910005526381125;0.2719099866775729;0.27158543920245176;0.40791836698933126;0.5740192846680174;0.38095260699703903;0.36853896770848465;0.4047826627298411;0.5376201381623007;0.3253586964371304;0.44988853788961963;0.4138917070481539;0.7176347477562041;0.39862123048476084;0.49372243063107696;0.5300725129737655;0.709748715451565;0.5326862155826171;0.3910401105556799;0.6911985024257943;0.37421057266204333;0.5454928555559493;0.4177681841937151;0.41742155291506133;0.3810406125158863;0.34269328465371246;0.36428327633843816;0.3410663073401496;0.3104531267207282;0.5309902275254396;0.5050504440574323;0.4423382925005832;0.3815373789681041;0.40347196260489615;0.44770775199080437;0.5216437053613946;0.321544332233633;0.3333510877385991;0.40893776336584664;0.3191360236728453;0.3326978696387855;0.3857319218603642;0.4608175869771697;0.5196696810055057;0.4671051664162987;0.29868313647259814;0.3140643093647576;0.3781509273843835;0.23883676730157807;0.4341182390932654;0.35067530191837704;0.4238112214073522;0.5906270525672219;0.35458177400635327;0.32504719079445044;0.3714381808894021;0.2858235744565509;0.4544667974518343;0.4090033348093088;0.48254239423767664;0.5029938740806434;0.38601756481043364;0.3645606432293493;0.45476935836140653;0.3488688592461657;0.43514556301707236;0.3983952451308676;0.5196023733279415;0.3262287353308309;0.49709293164387847;0.6898402065762358;0.4215137618834487;0.4884399206136645;0.5206825503663266;0.46256329929244705;0.6661255726673205;0.3778678744341174;0.5080066612272551;0.5214944602213036;0.5900176356857022;0.32185787294315416;0.36513807390128855;0.3707090516800155;0.4319964895108457;0.3165192680473885;0.4286044366666327;0.3704119081657182;0.4286356028014603;0.33190871931926585;0.492495758447659;0.7122527340445484;0.3802979639831774;0.44772730726536697;0.4738790808115556;0.7358679072476365;0.325643787279491;0.5819568055177758;0.5915844757848374;0.557549311655439;0.5693245387794034;0.372292109878;0.4816134429787854;0.4991387497898964;0.3226030952470861;0.27766689783264337;0.6269856981341653;0.5963248171844221;0.3422529683797902;0.33098209824177816;0.335078785481352;0.7818464021961968;0.39451764437375936;0.521291083567773;0.3291762280571568;0.556923966350453;0.3416556992177062;0.5434764957266996;0.404381484326757;0.31672261254732686;0.5393423536220505;0.5503691881298541;0.33776858505721546;0.6582701867920817;0.5358035875412759;0.3448314787285523;0.42962153717977775;0.42057143486159687;0.5475891098675444
2025-12-20T00:00:00Z;0.504287859342501;0.5597219420330865;0.46466857374862675;0.44101185439930135;0.38235764172475345;0.37142521044039456;0.4675384171598292;0.5080201558342844;0.36309263208148324;0.37889128609659617;0.3323584959036162;0.3733641738003892;0.5277008723524349;0.43728192851681413;0.4769155656493555;0.46050700076861295;0.5532665464189764;0.5099645523133365;0.42975505121199076;0.4202286688381298;0.3726445463283303;0.4975859261851255;0.49138170368292744;0.463474895324077;0.4246069363528682;0.47504468231703445;0.4158744735446707;0.33793210409784763;0.30219653160061244;0.4647154909412877;0.6244266815555348;0.424456668036911;0.41886383383098746;0.46194660728924897;0.5030539689503538;0.37528925650195855;0.5647327015548219;0.4650219429740793;0.7467129948075677;0.433928661056467;0.6138808962489329;0.5813692140815695;0.7389481937835463;0.7048943571324618;0.4409876922670386;0.6429841994591381;0.4403097296711262;0.6517117059131504;0.48134380147525574;0.5223931214587592;0.43613448266675986;0.40866362895441416;0.407481921906583;0.4119836164765662;0.3971014352969888;0.6501480906961425;0.5550407762552215;0.5009391286596424;0.3927606784258828;0.4569946297170157;0.6289232746126571;0.5947152252252712;0.3847042561598843;0.3751750800709633;0.5101667762880264;0.37892057542159385;0.4155171873076122;0.44419298061664625;0.5011754346294091;0.52392396705541;0.566240233415223;0.35312866388225905;0.36900674516752;0.39639966853926095;0.3115476421879211;0.5403854705980834;0.4162214731587016;0.5444546944144522;0.7508275163503847;0.41401148591224407;0.36672550610508686;0.42965278006025726;0.37895024857220394;0.5517766865320725;0.5646429147970005;0.6574975164451607;0.7577659005555538;0.46632681311445034;0.44913907582284546;0.5517317717016479;0.4252515602352271;0.5847326105080078;0.4820844831215344;0.5518594133639725;0.422485630388853;0.6534980692717269;0.7077075581269071;0.5032666808541015;0.6244562709311852;0.5988955794673263;0.590757553770178;0.8951866475079948;0.43265997234000464;0.6106902996771869;0.6060531828416525;0.6302502846552266;0.3502047701653233;0.4236790895882342;0.4692639755573704;0.5432055588176535;0.3636327403456976;0.606947386826915;0.45101095614914277;0.4896585203029893;0.3953529448612642;0.6015991468372495;0.8432442542202402;0.3479529631893838;0.5432957728843658;0.5920104954799597;0.7572229593895158;0.42016565019911434;0.6624740799854603;0.49180530619464424;0.5428978840009171;0.6507316386395479;0.4102893579345179;0.5855937543320727;0.6196745041602362;0.37889872779811007;0.35294200542819026;0.7398809463439691;0.703615251554135;0.39873641248584946;0.38762043801091967;0.4238209605096749;0.8587683873661494;0.49856328983193127;0.6522471059687203;0.391409893821619;0.6406536997475584;0.40372482853840497;0.6407172519411171;0.4662909444995183;0.36695881121929164;0.6049825267502694;0.6354820986810964;0.3961983602085604;0.7459724962439305;0.5817546478815058;0.44203724377608256;0.49935046063038036;0.4604954928370828;0.645516897041067
2025-12-26T00:00:00Z;0.47970674965413695;0.4867077894348035;0.45997580299371577;0.4635388181288797;0.30917922458461217;0.33721066980189424;0.4644210094168051;0.5117733934089694;0.3359976827162006;0.35542085827515896;0.3166422875720574;0.35891519040368736;0.5203043003777463;0.44852235276438657;0.46958818512387795;0.43889988575726524;0.5553422996747321;0.5034386804426547;0.44883230311543115;0.40497879321142577;0.3676094559553616;0.47680371067824195;0.5142502038006784;0.5019777063088319;0.38840008717075536;0.4377943963252532;0.4318191707883049;0.3106902214944705;0.28738639338060895;0.4981843350189073;0.6209557571733485;0.441315319825496;0.38216738497558217;0.45342910167634926;0.5216343677575125;0.36863694606203457;0.540380057293059;0.4744853101789005;0.7026981581298132;0.4126179823243921;0.5446708337535242;0.6438663279361747;0.6894212882567573;0.6182401709467451;0.4045818081716212;0.675843245416973;0.46025439173355276;0.5881453320323452;0.4610761558976722;0.43776564087988024;0.417409731173952;0.3969064978008099;0.3991545214183001;0.381705005146133;0.3448506395403276;0.6314249175290266;0.5586972769400845;0.5338902838345521;0.4244619485499083;0.4765969844947334;0.49312213239819713;0.5227706561776478;0.3719386567725539;0.409715691951642;0.4787371735176949;0.38425985441552446;0.3924380502149315;0.418504934298988;0.4654007262900946;0.5337164360566957;0.5171111418100877;0.34542979727329814;0.3500457263526962;0.431755290576922;0.2776450356597909;0.5161562651496769;0.358064345859284;0.5224210283306778;0.6839780718951985;0.4156569540100744;0.3530549771192359;0.4087093023543662;0.3463803241081914;0.514543462129124;0.5149661320420454;0.6421241503706124;0.6820401367320514;0.47309993387296284;0.4508228610789576;0.5058242697995387;0.40945416512273847;0.4837214024671426;0.4750764354867522;0.33966435702655845;0.3735013337263154;0.5976339750805822;0.6675134754823617;0.5116549990708665;0.5476224344538116;0.49172536471698575;0.5816891083405131;0.7964125321876534;0.4288683481182876;0.5684157741925752;0.5638093107318791;0.6491559290219049;0.34166318440572124;0.43166052047360004;0.44890781183338646;0.4906443109146582;0.3358106405563883;0.5824932608114699;0.44786565358109304;0.5003042196305229;0.36456274209765716;0.558465683515563;0.7553070628156768;0.36779842982696515;0.5018745488727215;0.5568510323686812;0.8227350273891277;0.46973299635932797;0.6572254190833147;0.5312156127806802;0.5337160379116663;0.608617643943631;0.37346480043150754;0.5197059317636306;0.5282735917544217;0.34905360312080824;0.3274308463803696;0.6750392318799578;0.63779575191565;0.372240528590522;0.3761743374872026;0.40892754081097504;0.7472284934600862;0.4329312525023049;0.569909614741637;0.3492738233314262;0.5507561693004533;0.38609618030369147;0.5258124497437906;0.46160420189288925;0.3356164207857502;0.5538671470617187;0.5580846317685567;0.3916289035857377;0.6974670061201853;0.5584548430502458;0.43007252697649345;0.4682338115735405;0.4671615321987913;0.6411798431449263
2026-01-01T00:00:00Z;0.42644623650626823;0.505321555368021;0.4230263497837367;0.39927187777427303;0.28909263743361235;0.3126947315567631;0.4768287007267392;0.42569112187042996;0.30189478409728165;0.3181906656519567;0.30413920539477995;0.3396156266377103;0.46652793411452037;0.3957365439744499;0.41788419352831613;0.34520269788767954;0.4971321588483396;0.4682940663116412;0.4171799120200071;0.35123870687260356;0.3090527145903289;0.41156004873361995;0.4678646848229765;0.46250370955709275;0.33319040775419245;0.42715182930665907;0.36081876918673517;0.28231931466528837;0.24200160785558375;0.41954468793139377;0.5601403749079874;0.38398125870179994;0.3349321321224282;0.4158246585359312;0.4989189469807885;0.3374537289871866;0.5764292557872279;0.3871471198896567;0.6923142657984817;0.3450185409376852;0.566468852594023;0.623483086485818;0.7470551297068596;0.645630148122477;0.375937080832441;0.6300923133667886;0.3832718266099579;0.6692145935637057;0.3881129157105717;0.5324913974303119;0.38847465435499656;0.3405003181565745;0.3453503990811961;0.3247633966878173;0.3175363203279783;0.6549762511261373;0.5000938566396553;0.4117591182611887;0.3510613109211664;0.41793746913071744;0.6583305533803981;0.5898123941310617;0.3105412335285256;0.3787245110800518;0.517407336173407;0.303090238860294;0.39416378411457187;0.36041393675763345;0.38020633032724627;0.46313423610785426;0.5556168836838866;0.29174853961674163;0.32687822027242036;0.37299886524870796;0.2306696546920897;0.5497541148069938;0.38969948396280213;0.5550278470034656;0.6990180366990194;0.33634782170706623;0.3223254574363508;0.3383589267346992;0.2928732127972668;0.5773459480054551;0.5553112657248289;0.6771767708755645;0.7001215189298177;0.43407475530055534;0.44821273187104704;0.5856485009487764;0.33702956250269117;0.5754921290274932;0.4019920254084415;0.4390967235588374;0.34590436320448587;0.7067017777408686;0.7351140449693171;0.43730835914067645;0.5952318880429938;0.5910277703759867;0.6274260537456299;0.8689833777531919;0.3628242783506908;0.6451183724066526;0.6145292756554209;0.6631643039665532;0.30336628038705704;0.36702756313039586;0.4432477777132994;0.5445313613404141;0.30392318282993885;0.6395744350411949;0.3651811622949344;0.439743922248985;0.42862881293315397;0.617998064096105;0.7127682681507796;0.35904979984891616;0.5858142177965381;0.6313003707827985;0.7443738331557087;0.38462486944188634;0.6629292134845686;0.5051352146320638;0.5061757786129668;0.6150070102734424;0.37310266822746174;0.6194727712573409;0.5352544619884665;0.32524983089613513;0.34117045663690865;0.7145409160794491;0.6743323474119245;0.331074078775663;0.35363676850004805;0.38267647015670464;0.7211547428820314;0.43241891715801495;0.5945466029798223;0.3398951751430734;0.6293798910054902;0.3983079745446283;0.5759322770974702;0.46417005692692487;0.32121873384172267;0.6271128749724516;0.5798633078081881;0.3540184745193945;0.7210177918959787;0.5643834889844093;0.39785458671522667;0.42597069956285555;0.43372335015216246;0.6627352673765486
