date;P001;P002;P003;P004;P005;P006;P007;P008;P009;P010;P011;P012;P013;P014;P015;P016;P017;P018;P019;P020;P021;P022;P023;P024;P025;P026;P027;P028;P029;P030;P031;P032;P033;P034;P035;P036;P037;P038;P039;P040;P041;P042;P043;P044;P045;P046;P047;P048;P049;P050;P051;P052;P053;P054;P055;P056;P057;P058;P059;P060;P061;P062;P063;P064;P065;P066;P067;P068;P069;P070;P071;P072;P073;P074;P075;P076;P077;P078;P079;P080;P081;P082;P083;P084;P085;P086;P087;P088;P089;P090;P091;P092;P093;P094;P095;P096;P097;P098;P099;P100;P101;P102;P103;P104;P105;P106;P107;P108;P109;P110;P111;P112;P113;P114;P115;P116;P117;P118;P119;P120;P121;P122;P123;P124;P125;P126;P127;P128;P129;P130;P131;P132;P133;P134;P135;P136;P137;P138;P139;P140;P141;P142;P143;P144;P145;P146;P147;P148;P149;P150;P151;P152;P153;P154
2023-02-04T00:00:00Z;0.28180320648725626;0.38486394488385745;0.45191150329917223;0.4255986240980503;0.3806324916320943;0.32699006283603144;0.274136827634204;0.2962006324780426;0.664429982443004;0.40956455928136387;0.35873108793777697;0.41168775839816873;0.48452464736095885;0.46744213669213813;0.24251694126724033;0.5598601042145518;0.4331421159684922;0.4067137475380903;0.4668652503742579;0.2521300729934101;0.35983109369360167;0.39950388912378887;0.35703124225709;0.2631503872483248;0.5469659352860603;0.32537585668887015;0.5941840497062618;0.2472464456243052;0.3246128459427825;0.8082292274265857;0.5651294561130245;0.46154753072854443;0.610164325836314;0.4677078754226439;0.45277342797648273;0.48148058155115614;0.3928019469565365;0.9791301663314539;0.5732144221426949;0.3687193508442998;0.26538491230856753;0.3191213943725507;0.393798541531097;0.46409241085828734;0.9141703805886209;0.5881763919262413;0.42839754320120116;0.37452345639830387;0.3829293465532294;0.27416062249247763;0.31747407747876466;0.5088611880157925;0.8864547019326909;0.4628352768962528;0.26334154203442145;0.2661057494405143;0.5564936820265326;0.38074200297954924;0.8940656369618643;0.34904417027510815;0.3254670734453086;0.4188697910286639;0.35725308323666555;0.284959629013145;0.3884325574811557;0.3584259232656556;0.2937221307560596;0.4089221666647448;0.37664302831605967;0.39906442016800125;0.39936428054336925;0.2828021495527973;0.4890991941632166;0.5314124632606779;0.23330196614606188;0.44717141044035463;0.24925052447650217;0.2501093138658073;0.4531400174766347;0.5211784470069255;0.5933321064303381;0.30654942574596816;0.3161809323464416;0.300370953750271;0.3793826704737784;0.276735326041278;0.3877939263888455;0.2796126592497365;0.3832464542143018;0.25298217689736263;0.407082465026978;0.3702995373045697;0.503534643793825;0.32602045538872676;0.328436013364749;0.3932379589974254;0.6925522635050755;0.4033895459580929;0.458513044607718;0.4836708211707413;0.39606312712390934;0.5221570670433249;0.314682494328928;0.38255121450688273;0.48685989593298895;0.6040536052756362;0.7214820161678627;0.43397418781950464;0.39401721607510914;0.3540135459007539;0.38043336042243503;0.34504028072730564;0.2723803846063791;0.39730773677288644;0.3608035106923246;0.38026966924113886;0.5277599299588024;0.4087821934055769;0.2945839896135141;0.32012280609042953;0.582853681162784;0.34506290834609843;0.44551870960233614;0.43972787554765586;0.40761371289932286;0.5156852607295247;0.36696692647072315;0.3626958764578323;0.440934589064103;0.32069525519261183;0.35332200358929244;0.3578012325650836;0.34871524218596567;0.3847187340214397;0.3772404405590592;0.3895825725442693;0.8870553433895111;0.3724662103810557;0.28802692250365053;0.32010087051561903;0.35953186423893074;0.2910359653626558;0.37331829294199403;0.46875926762892967;0.34402264331704047;0.4050072750728497;0.35706602425575257;0.34197379970624125;0.4281570074737102;0.3611174744047284;0.5324246286345808;0.416818559819298;0.2747179590349851;0.3707260170780311
2023-02-16T00:00:00Z;0.24108726487484883;0.5098205260034149;0.46551769162708173;0.3737748367516128;0.3312316490524265;0.2952181455537618;0.24111633340501115;0.3088879463286772;0.5660772060708713;0.33105752427552454;0.3358007754580694;0.43084364279922915;0.5567168232011728;0.4263180098419616;0.21118958875324673;0.5013625589832439;0.3804345401839711;0.38423068887584605;0.5156785356296697;0.2051899047280211;0.29139209126048676;0.36604771046912615;0.2846450215667083;0.2428810258875629;0.5321252962042179;0.3134942858814843;0.5161582730158958;0.27552029592715366;0.3147683849166723;0.7990781312153608;0.5304379101435188;0.36696604368847446;0.4731247759840671;0.3508156210906;0.4976462329625441;0.5536701326022448;0.46434019784830566;0.8767611753964235;0.6549555335329612;0.3421502833057143;0.2999754698565429;0.3711582400265382;0.4099983898009184;0.47556988780720616;0.9853041772245433;0.5873204788991383;0.36267440971085635;0.3337462380952467;0.34336549193259047;0.22657859835066943;0.3328146417604735;0.5464050849538663;1.0660618799073356;0.4981745885354336;0.2551199422493853;0.2643455685439335;0.4575768865526177;0.3596762083001641;1.01031391786046;0.30042608096580237;0.3221969430435093;0.3781495233893838;0.29029137181347053;0.2855193256579264;0.4794922954334497;0.27856908613613746;0.28407032934891535;0.3148625790346213;0.4490880200728564;0.39161022883235364;0.366974837634483;0.3211184109749455;0.5511193729501754;0.5670202373549542;0.22421694046947765;0.46431780042483817;0.20583733396159942;0.22935770120226093;0.40930027172896694;0.3807429506335498;0.38356399331693325;0.3102437686201986;0.29353044195006595;0.3293096921990193;0.37710231713864995;0.2941584688747868;0.3878275000817793;0.295978135406971;0.4775197007559681;0.29123610635366204;0.37545537435271176;0.36666885572973773;0.34288451631253825;0.2957944582803714;0.37406423751950213;0.4220952837486828;0.5931534534134931;0.37283492310520217;0.3178093466493819;0.39348376001089075;0.3995328256637571;0.4243374024263011;0.2763739611749371;0.3423564651544727;0.3830139460462552;0.4513483415832143;0.8976636525017015;0.4258852061306196;0.47505623708446165;0.3952085418685986;0.36617833938360733;0.27334791938161085;0.23682419259746434;0.3680447965113233;0.35433048687357344;0.349424691572359;0.5728366819785783;0.4522831401029547;0.2663199220546138;0.3414666369345206;0.680772114447073;0.3949109438120332;0.4042707657748073;0.43537949188307384;0.3800460321580722;0.49986226356273006;0.35458727450611227;0.46596108217164717;0.43939429448426137;0.33769230204178685;0.4019677676174352;0.3907964355052452;0.3577857291778591;0.3553615699909731;0.3749490917293946;0.4135605748536067;0.7683804772667966;0.36030439365382594;0.2680920590294601;0.314406680929836;0.3742950007888833;0.2663094932447855;0.3542457082481872;0.5256636409977803;0.2902471665077323;0.34904693421680494;0.39371443234682085;0.3371755929537121;0.5052507858887669;0.3188163107072098;0.5178954263582671;0.4590466826757051;0.2642441601277502;0.3196452706742386
2023-03-12T00:00:00Z;0.3915390310621043;0.42458410358854703;0.6198759046781556;0.5175350857031596;0.4292334049037009;0.31493148662204723;0.30797502706567625;0.37755492295556503;0.5117085528957075;0.4312725061263825;0.40506040379405023;0.721762839492559;0.8505302458512196;0.7452384590352917;0.2708785991266507;0.4317853290609971;0.6038812096749753;0.5703975910291565;0.7390609103529705;0.20067234917343743;0.31998991653256303;0.4038711102322695;0.4242992616138405;0.33118041877440996;0.4491197837121559;0.3229374062773749;0.5185404889901778;0.46532863933435026;0.30967878614691025;0.7893274117957666;0.5114377492869103;0.38477647916889496;0.37011334278526653;0.3917134735221425;0.5556754295141966;0.7867884387814665;0.6303169046906789;1.0049621254957022;0.6628349676491723;0.3139286930662767;0.2642550780837025;0.3339003045661672;0.4203266883396531;0.48153534159064293;1.0450877714902163;0.6480136591376681;0.3967999021493839;0.3877750694098074;0.32946041335458787;0.24102532985540653;0.33890139147713;0.7983179077044756;0.9691154728046595;0.7875565797373464;0.31316376558003517;0.5176591492361493;0.5463313027977195;0.33672124054341074;0.9211727910041809;0.3883545753878478;0.32371323187678047;0.41622593285702864;0.3966755497567306;0.2942866959517271;0.6369300922544026;0.29514728378224847;0.2763829634628971;0.30484180257113086;0.4448623019278487;0.3888146158965195;0.3675859380995526;0.48567821551882595;0.8184710576272136;0.8605245471614043;0.2403485920802697;0.5574837901560574;0.22757759421164062;0.47713526229107145;0.38782165493253323;0.2809236626708347;0.37772900844137;0.5109909747364517;0.30588059203669926;0.580984009669085;0.3570401238509312;0.255678061137228;0.3744656973901917;0.2968159204226781;0.6625588504822639;0.590598542630643;0.6835722647208449;0.33313863168089913;0.3212918432420796;0.29752769104853627;0.337734119545921;0.6901765400872512;0.4941935237593317;0.3683771105348266;0.4669198942223878;0.3955069381123923;0.3899460615051322;0.40880197187957035;0.26640613649474226;0.34283104062735037;0.2777320184647465;0.4358181784798185;0.5136689115171098;0.7589705190405048;0.6160656262411723;0.7266563087133232;0.3393006890364315;0.33685657590353313;0.2741203321983198;0.4271123342509015;0.28559794223633006;0.38108251352966493;0.9350290569727635;0.4546700573541173;0.22573608292849687;0.3420490567681562;0.845496756773369;0.6482772214562319;0.38927561025077145;0.42629785498692874;0.4179638545960188;0.7323770442190108;0.3196463904210499;0.41092865053612276;0.48029957133341056;0.34965543946780836;0.7052893918359243;0.8198567131657306;0.33321627305504337;0.41191674192788524;0.3324805104135904;0.37938328021236006;0.7691121109222111;0.7299732496877622;0.310811853391971;0.30061272844321907;0.6868498668619262;0.3489241472559406;0.3739598713898112;0.9944314080462026;0.3146614080186051;0.3454525374272947;0.39129720638998994;0.3367790064954338;0.7478795257244727;0.3309845167738588;0.9875818333237163;0.6413153050830815;0.29999245004673586;0.35242040551100406
2023-04-17T00:00:00Z;0.43667638772124545;0.46062177462543513;0.7943631612294922;0.45808351679150794;0.40931584547844624;0.2563508793969307;0.2745083195787101;0.36785809661130653;0.3626678543167525;0.3955479356172617;0.41205765900512537;0.6189633211377332;0.5872578425351552;0.7512420955601468;0.35005767244709024;0.41401809035568266;0.8706968602258899;0.8077578428606468;0.7922935468146443;0.27872774751832413;0.38272371488222806;0.37602496002393154;0.40147133052765904;0.47895226334147745;0.4669641326665878;0.25129608255913316;0.4693009818687379;0.6440621164638078;0.2521223868970837;0.6409543039136351;0.6090528495564967;0.41658006059045943;0.39040162167362796;0.40968907132540666;0.591634151653113;0.7923939544482389;0.9637735026637089;0.8076033916270163;0.5192660198058232;0.32226615969689393;0.26984972894480347;0.3387081983422532;0.3981306443184467;0.6058899963067638;0.8162534263204125;0.5243057149757699;0.4064349739876374;0.3539988708544454;0.33453229913549665;0.27390030509850033;0.28526632260322177;0.8554428873858491;0.8738398799587388;0.4176091142646133;0.2691698765890816;0.5456369237046734;0.3975853383095213;0.2934576152599194;0.8248456216952651;0.3148021728472765;0.188388383494571;0.44200077589227366;0.3706613416825958;0.2344849510372106;0.898767622148507;0.35739830605821626;0.24943527905800597;0.3545481084362812;0.4390906525614095;0.4320331706591715;0.3526824661777081;0.632366106030158;0.918169577582964;0.9450278894473642;0.27608690522212814;0.5434311475246486;0.25097205746977935;0.5457476563221262;0.47144640900677054;0.4432246788058962;0.39421817924379565;0.26637481027236143;0.23239759089991968;0.7650111681052448;0.32928978757097804;0.34654472550971016;0.30606026825176635;0.43674273345513864;0.9172173401177179;0.6766713446971825;0.826185038722891;0.3170139527837422;0.37289122980812317;0.3250594221282379;0.3333995697622219;0.37041068131535154;0.37566229200499124;0.28440533211943125;0.4218375926914294;0.4391646297010657;0.35019244522019544;0.3502619385880365;0.3400340908194629;0.27489013669952567;0.4014311213643652;0.4062183415523674;0.31049575729423323;0.7235779775282755;0.9473290195087728;0.7844475574369343;0.28025695032923503;0.35183155897713264;0.38435604606417406;0.39640609961416984;0.3004892280755459;0.381185892675233;1.0541648050991468;0.48103386404960324;0.32151292715189356;0.31692089375006094;0.9868745555643176;0.861696620172318;0.3675437409183192;0.4781448368294911;0.5112549554598466;0.7765871433451874;0.2860386702077578;0.37766354498475396;0.45746489288715214;0.31426542377163175;0.7815158958431364;0.9688139116736041;0.3335905758279576;0.3900661689496127;0.3525498038215754;0.410625181200828;0.8992856118990027;0.8831973127550107;0.37147200463063057;0.4222632759548478;0.7336377587450629;0.4388272531835229;0.3255602374460608;1.0327485708670532;0.3643575815830366;0.3981285260804638;0.3608808518651873;0.3035790975253315;0.9551626071163823;0.40158347043926684;0.9648667049571509;0.9481644132856007;0.2786550590674721;0.40626376987457274
2023-04-29T00:00:00Z;0.2768009576560651;0.5919359530721392;0.8636606372317487;0.5060418818940271;0.34581429452607126;0.2596961978384181;0.24488312917213695;0.2650221341909567;0.5017084630812414;0.3067507186716576;0.3144383709971017;0.892334768407421;0.9029829247969062;0.735029442080531;0.23110245989832148;0.3731775288045495;0.941764450142773;0.5723244557792285;0.9326107787934806;0.2986030658401061;0.37313759062459784;0.30752736484440385;0.3338682247258077;0.29630603920572746;0.37197155670756815;0.2722743671627685;0.317377130044075;0.6379498623053863;0.2731734237692255;0.7303409274581754;0.6951181650465849;0.3645268037531509;0.35035663115402027;0.4010855700391629;0.6201466953242774;0.9252679006665377;0.8386146331756121;0.7170751667072793;0.6800555800279927;0.2978667019343639;0.27003316531154287;0.32348703764704606;0.3872405595152853;0.6100976787648111;0.8122534896686392;0.5659185127893601;0.35191695221647645;0.3155383461770707;0.3736910955311442;0.29634424844179824;0.26234414692200975;0.991356720395261;0.6335787906354626;0.32121017264140833;0.3347201267981218;0.49155143385512695;0.39115307898401647;0.29135256519184805;0.6861017599054005;0.2477630407324395;0.19420564594818393;0.33381811490289354;0.2751295597969127;0.24763655500094456;0.8040508244916846;0.3056103380944617;0.2760251289081021;0.3234952641553275;0.3349804177827483;0.5662035165556715;0.2825781073919814;0.6597946288116266;1.0508206789381802;1.0959563909197954;0.2578208241978015;0.5225632197387816;0.21724624816330723;0.5076765958831138;0.3733754492867952;0.37603996536622164;0.2982179125276032;0.3092040292886797;0.21350045356547112;0.8465913040788376;0.3076345527437569;0.2667149250225118;0.28990679000986447;0.348601945126668;0.8089736217320538;0.6416904505004916;0.8770830262180599;0.2682401471045837;0.29113209186485706;0.22444188543704433;0.3292280798610434;0.36418816365366513;0.3738390982963024;0.31207827722368797;0.34089268317714855;0.3672901817232944;0.30953989500521334;0.3269451594155425;0.2709056141584733;0.28679864529995674;0.3153557904265104;0.35082878320744454;0.20912428346341805;0.8560529646963991;0.8340993012623681;0.76207481820115;0.218923485490911;0.21852272356085667;0.2856239761161062;0.46049128295410247;0.30534049899918647;0.28946738903391456;0.9541615853903468;0.47915672172084534;0.2552452605655816;0.27965932911083874;1.0130508643637899;0.8526299221121616;0.38380190911140066;0.4165855971124509;0.5923487459872402;0.6498449505821592;0.3074624638891481;0.30116136582381103;0.5256656898806492;0.2917326725846314;0.849676044021959;0.8562302501455346;0.32713111245554877;0.31156414571096713;0.30579509852238135;0.2999286630189971;0.9323702231697414;0.876823036037178;0.48891343135394905;0.35662041251131227;0.6670663805906744;0.5548515349390241;0.38718644746674685;0.8065112809832251;0.32624340025328036;0.4895021507705653;0.4101708253751473;0.3242445821544231;1.056717524112917;0.45460318907088965;0.8256341148536284;1.0418952281210108;0.28989101971808595;0.43807872017983285
2023-06-16T00:00:00Z;0.7599360578766106;0.7101304839918579;0.7205985070077413;0.5561731003450625;0.7870413815734363;0.6996714603272068;0.7299228804310163;0.8207321245893616;0.6455803520312188;0.2984550529432417;0.6592726409932806;0.4126066331583114;0.5126748567402363;0.732010192261628;0.7186100954462388;0.4101860179694113;0.7460109651124607;0.8144598859772428;0.7795990052308723;0.42204992189962115;0.3240759905282336;0.857370253375508;0.2431357704919257;0.6811126235364168;0.4196537956070732;0.8087138741758446;0.47430317024941104;0.6561254660573547;0.551422448025458;0.8508221863759713;0.7830919997929806;0.30273554116786167;0.2608174482712432;0.3325553492292625;0.6035451245827412;0.788091450176619;0.7902543282938224;0.6377396894746037;0.5693021610615745;0.46526578727062806;0.6413218873690386;0.6343390621940982;0.6811965953372137;0.8454054967618324;0.6687616711173464;0.6288398902404948;0.3244761774623343;0.2979536856869637;0.5671488506547235;0.7205952728862863;0.6202978498556397;0.7257506589106472;0.642964498369417;0.39944898635846404;0.5985198971285269;0.6510739267976196;0.3847051465450084;0.6396556252391083;0.7359903335848951;0.8278619699357521;0.7408384049428258;0.44505490903591;0.4249643161742577;0.6726566764869188;0.8039785900385277;0.484290476981164;0.7695085698867962;0.3924626274007566;0.5738996226099268;0.8046888492324136;0.6810730464851676;0.5118323180781895;0.7534587695687375;0.77793761932901;0.706685981513724;0.48745227275633435;0.4563320284987998;0.673532791818426;0.5853206153380508;0.36603680129697863;0.22326502294265896;0.6957498275336217;0.6394424840597616;0.5907018050390873;0.5104791734384776;0.6727813697335395;0.7349426592911751;0.7306330256164074;0.7554644567967341;0.8520901745296335;0.682332648833398;0.8201730417232986;0.1997121998991447;0.20738912213178406;0.5770098358043994;0.725534558258685;0.270773725688803;0.8302418572562081;0.5542531268919645;0.2483488703571063;0.8525103031880223;0.19736711189975484;0.37734016255619135;0.7203604770124239;0.5131760583914697;0.5087644558506205;0.32804521961160527;0.8207938322477818;0.7015446797297942;1.0447649026182806;0.7519852708025676;0.6695177950162197;0.6014678438924492;0.5578477058902093;0.5565894024754688;0.21740391011282265;1.0921537295214532;0.43919949963470456;0.5834132300939782;0.7196457069598471;0.8616709843851053;0.8827538799816923;0.7313495926569267;0.5182849114234357;0.6066564498676195;0.9728235606917344;0.7921501099218268;0.31269589818669424;0.582487927049445;0.7983086308475175;0.9645913892178073;1.105380106616917;0.7957837220698666;0.44263390077786013;0.4841015893599075;0.5303815096700385;0.81005068263437;0.9225784796623243;0.5783410997668197;0.5663712765356179;0.825793864398167;0.6128050503558192;0.4645977761655819;1.1321892922929155;0.5426913063433969;0.3888501999779832;0.5022747464053805;0.8135979814655561;0.7788816756152044;0.3576804630905821;1.1419177603372288;0.7520841885480922;0.5701735221884073;0.3984566325026438
2023-07-10T00:00:00Z;0.8919486109436997;0.564699432058056;0.7375933004256274;0.5374262840910391;0.8324153099948095;0.7741765878020567;0.701372861337344;0.7948070850185455;0.474891956963964;0.3432665226701932;0.8428958345914764;0.39457608934991606;0.3591943455667126;0.5065179992854952;0.8033612701162022;0.3612219613657069;0.5282808068237933;0.47854996724585175;0.7264755954080486;0.37889128383507026;0.47497638156428446;0.8981700761999041;0.49149267363963356;0.8039001997477142;0.35703931651228377;0.8440463636579819;0.3680633294668227;0.5092999052216289;0.7102085726724766;0.836015556638819;0.7448396693687049;0.3951720349466626;0.30991781096311855;0.5673053401599236;0.5917073394982526;0.7042601475044264;0.7426111800719659;0.681980166150017;0.579767275148747;0.4405500031665185;0.8276587499183465;0.7863322991517282;0.8369305127372778;0.6837733045359639;0.7348932086750626;0.6528233239040732;0.47017285414604526;0.484098600575317;1.0642189351204197;0.7486411724983523;0.6177126321152513;0.7100258266176587;0.7238595397667555;0.3728143826537714;0.6071213671509952;0.42954247563434306;0.6419679891568479;0.8268177023217185;0.7440822780224847;0.8501539165693796;0.8645641108954544;0.45670835133018767;0.6146696300575444;0.8212887599265732;0.7899289106076198;0.4653298262956727;0.8515468843889429;0.3561511411641817;0.6197464289767289;0.8271197252280531;0.8158708386989527;0.30707815766976176;0.6322322669298508;0.6337820233072254;0.8202351877310624;0.6304016964956676;0.5457325176500606;0.4551911437975579;0.3822634169088967;0.3153949272475483;0.28657819718982164;0.8932496362121393;0.6870913274018623;0.4415112253903641;0.6496370057002036;0.6272722134011028;0.8655547394882888;0.6220955941205223;0.7411608697304684;0.39362006225314583;0.4186026262216524;0.8099969885143788;0.27429450210228895;0.10126342188405062;0.5208642444315921;0.8744131734845819;0.7974786163696064;0.8374591016558869;0.4429683858834203;0.5899788484181443;0.7562128200647515;0.4526841067576168;0.10967261544585928;0.7356721186644113;0.17656378126565309;0.8531216652175994;0.526950471288673;0.41802377761323206;0.7115384651915929;0.3695306174286395;0.8144306107457082;0.7557509952022237;0.6215585521137228;0.7335967865255144;0.7917421573770331;0.0915424796084451;0.49946458698610774;0.41980929305667386;0.7946856573716201;0.7786500443713613;0.5385226492112437;0.5092960084255346;0.8197737021219582;0.565075627811577;0.7201545245966208;0.6003081839988316;0.7736937953159213;0.24836799372547175;0.602055131900887;0.8145535497561746;0.5035059239589421;0.4870877001280318;0.8544519382370572;0.5279585257813397;0.5440922274143348;0.21581967258106965;0.8708143887312516;0.39918618089932334;0.6202840382398316;0.7451803846646556;0.3724118165352713;0.5887460613512856;0.8261631443869224;0.3819113917451152;0.6321918250470565;0.6375224209876142;0.7739685731274741;0.835735503403376;0.704541812198179;0.6518781913147457;0.35933600947424604;0.7500388665556362;0.4277943077535886;0.5597534641685447
2023-07-22T00:00:00Z;0.8224221547765981;0.7578464107547732;0.6954617949386273;0.7204357533743887;0.7550014457317313;0.7641851859119728;0.846527677555983;0.8415342860294432;0.42913331574482905;0.3659492535801602;0.7766103380421797;0.5547064306161038;0.4277788449515577;0.4193692992782143;0.7501611441639128;0.40003668753684374;0.5568364737035281;0.5859740977821145;0.6810745563802707;0.42689643413504647;0.5252557340585173;0.9573573689478481;0.4170898719567643;0.7964238364919058;0.36958437967300417;0.8643583775496567;0.41920932197488225;0.62833994688998;0.8532195353818206;0.8871188474404456;0.7549574342560885;0.24261612859898904;0.383981782672277;0.26997489598515917;0.6150880615877848;0.6518674793720167;0.6186302411683896;0.7416643314972157;0.5817181036023811;0.3052650842709086;0.7944154790920013;0.7350175751298313;0.9041327817118876;0.7177354551430019;0.704782874191221;0.682468350537075;0.2192878474998258;0.2315210299864986;0.991593503747751;0.7535769784432482;0.6969233252813769;0.6649431108433553;0.7049247112188888;0.5094418815104291;0.6439299204424769;0.6319716069094254;0.13920460660049463;0.8471976241618672;0.8043764256368018;0.8901533579600448;0.7183263494487269;0.4525815529755722;0.6088679856617606;0.7984003435191298;0.6515768227198616;0.4451354487452659;0.8635130546469986;0.45047099415164826;0.6632862257592054;0.8615656624063414;0.8496458968262613;0.38527172391025105;0.667124263052994;0.6820491212593564;0.8594583147368908;0.6898320855387133;0.6495588616274628;0.48379657529090925;0.3418888500022302;0.3923224196163546;0.13563949141321596;0.8099701260283633;0.7869363274601231;0.6208844666833774;0.6898402069428436;0.7423183501457407;0.8488586034249822;0.6926831578721806;0.6608302040707584;0.44482092818823354;0.42381843752064063;0.7829748657444175;0.2329206674224573;0.2541119802006687;0.7615479237039349;0.7681236548986811;0.1711975125551971;0.7890547346278409;0.3964915636533026;0.1098680687811881;0.8110669834963329;0.1442898654358168;0.5527590465538865;0.7553641930346947;0.3350798400711491;0.2346590219479468;0.6562119476776691;0.3872907963336889;0.6242440740846859;0.4173683908484862;0.8493634177431488;0.7722851045344068;0.768310378859795;0.73806777315787;0.8351971769961098;0.1541332395384105;0.5407147680118467;0.4144099613244312;0.8009373723332947;0.7572554251647483;0.5718290120559303;0.6443512145094689;0.8452906404576731;0.4694761864002391;0.6859191824632767;0.656100444195766;0.748151393207995;0.33491416599425633;0.7734509005103001;0.7852386613077142;0.5715612930810144;0.43694051409691154;0.8155931113972976;0.8221069263877614;0.7560807401841542;0.16417081564604694;0.8478420272208097;0.4192448132684366;0.6861417134944202;0.8474531673270164;0.5174716432185675;0.7303973877427691;0.8777610676971928;0.47205586979786557;0.7377017672692449;0.7587390197152944;0.8702025659914101;0.7998260135085511;0.6799559744025824;0.7733520207233554;0.44916251360406373;0.7016170858484546;0.5386469530095073;0.5196073075288088
2023-08-03T00:00:00Z;0.8489366520945288;0.7985982675637517;0.727655482198379;0.8345918728084099;0.7809251760502895;0.8128567551441149;0.8471079543339507;0.9133006675286336;0.45519832730398957;0.3906819165222037;0.8274126909611023;0.7013357348023175;0.41391460466771746;0.4405279436476113;0.855877708537238;0.45341611861398345;0.5561693178652327;0.5326262146282696;0.6197937858523082;0.5960645514766243;0.5639542593611401;0.9342757552672344;0.2857539428437939;0.9519352366278817;0.5080157402455807;0.8603288493837915;0.5122410790367642;0.6969370665282567;0.912561520443727;0.8140230178337953;0.7826921015949175;0.29171136713683093;0.25357654452997835;0.3635285202899409;0.6437667197417668;0.606557725921162;0.7419794682889593;0.7790466183496099;0.6030196498851387;0.30710831304246317;0.654838395522398;0.8091830938738563;0.9681375206026741;0.8054629786396926;0.7658535202344259;0.6285186721393781;0.3221373847156289;0.38290540932131606;0.7911194776592453;0.6870013376527543;0.6950642568184981;0.6953471919726245;0.7776126135950503;0.5809028894171951;0.7670324396665604;0.7280536267528136;0.27585862626114654;0.884938456797112;0.8026655043901035;0.919698767981233;0.7601661970816462;0.5272843000863343;0.5777909933520643;0.7207270448972912;0.8249233401501597;0.5551783120380113;0.9060190226384863;0.5994826404157841;0.6554243424693409;0.8993360131804706;0.9048478444580172;0.44061509397057935;0.6213555148545431;0.6759243290246378;0.8956367497955567;0.6820298445554839;0.767923592225365;0.5334945810506329;0.6585628042474042;0.34313099010324816;0.19819381745134432;0.8022472181533494;0.8270528479941532;0.783392115256407;0.7556118466157222;0.8071031295672013;0.9687029502434488;0.8236571632085308;0.7268721078209921;0.45503902543681496;0.38643415924722047;0.903664598030583;0.3821696314152876;0.23725229320551616;0.7218367757154315;0.8832993054789817;0.4419084728336828;0.8467595446696403;0.41330476989534415;0.3135483707118122;0.7860760314387844;0.25810584943024556;0.28640484024007856;0.8280634473458174;0.3846060909283259;0.410980538396622;0.6593255217900287;0.39273584467928196;0.6875884088259846;0.42440592551229483;0.9104185800969116;0.755668759174632;0.7554454745529869;0.6906752539352632;0.8984678080475708;0.6180267765813944;0.572541584734208;0.4045332738713157;0.8865567029874947;0.8365362468167089;0.6551058235715648;0.6489347872045851;0.9539992993530695;0.5690143944938546;0.7246972196409348;0.6307721959811183;0.8156911591595074;0.43659589417876987;0.8620732535687528;0.8652661854476598;0.6046207993878674;0.4430397923237095;0.8629680966567603;0.7437241237716629;0.8489708226573887;0.28089472841125945;0.907881782721665;0.47390509783288476;0.8107101490904312;0.8264357534204783;0.5600108433747447;0.7526579819608316;0.9300418609753252;0.43847054867885993;0.9323621485314542;0.2902796803264913;0.9129122917751392;0.7635635651655134;0.7183660700856793;0.36470653393670266;0.44466520112658303;0.767028725163154;0.5715357338330221;0.5435491704763525
2023-08-15T00:00:00Z;0.8483426872681195;0.7590332527955373;0.6307835084925718;0.8772312975361988;0.80750842464547;0.7328925696341612;0.6693585725141411;0.7787179679780701;0.5080151551301587;0.6872703106704104;0.8350517503353728;0.7772355849453402;0.43918375988856995;0.5086108011353095;0.7566129760742187;0.5968256743986216;0.5877613775228149;0.4753697641319374;0.4603600134372638;0.5738774304610662;0.670541293746655;0.4570728831179242;0.2178678005247296;0.44721578260339695;0.5979765306321942;0.8339454565910795;0.6426140815583333;0.7646298730527643;0.5775118502156966;0.7740965914994884;0.85757980593005;0.3375982503592968;0.28399903455692993;0.29090089800154956;0.5970371388015274;0.4793240955065204;0.6727724718379062;0.7392638807787615;0.6146635757907043;0.33405612375738253;0.3664792280355411;0.4101476817120043;0.9225116279895503;0.8445534269477046;0.721475723983818;0.6119644784927368;0.2692729689344105;0.3688217556911867;0.4980130900939306;0.42769829206241533;0.6102758399921374;0.5320077424470508;0.7481286658181084;0.6137726367179063;0.7114478044332128;0.7138418648254173;0.3410483334603085;0.4702110299289976;0.7517965027511941;0.9168445761449782;0.39324380357849986;0.5622886216136381;0.5921975868528597;0.3845577647481414;0.6581587990576271;0.6147528869577575;0.4132585481077227;0.609766142266018;0.6203578849070401;0.6756390101281848;0.6291787002770309;0.5486474244168904;0.4613426837588225;0.4979103632927506;0.7315676109089205;0.6282846800614794;0.6583199807382587;0.5364900923573255;0.5885209726325373;0.6850296972560914;0.21590739953845872;0.7488055201670663;0.8097547375826983;0.7375616524955184;0.7228930814337621;0.7404966711217139;0.8535620090992107;0.791773765771947;0.6687166647337183;0.5591235692356242;0.39730846857954116;0.7993885171610695;0.47391280012565357;0.43968467839141057;0.8139183711250516;0.8547513859047797;0.47002350863625064;0.7178900624481016;0.5348430799760303;0.329712915335851;0.7516289017294357;0.42114017293598854;0.395486851704922;0.8047292285620291;0.3975434136471012;0.5910362362406636;0.6583893721173837;0.40489389107511675;0.6637032547277358;0.45920400144229984;0.926959155661182;0.6925013969015924;0.7570954369319665;0.689332145774229;0.8858932954460388;0.24496301505894202;0.6294790460683212;0.4196297952815;0.7328160269973204;0.8048681811916102;0.7480349893006273;0.6873012805382825;0.7203370851473595;0.7278868464099897;0.7086430876777413;0.6204399714296394;0.7996061667870705;0.3658528921589057;0.8194959566523585;0.8198414886163821;0.6185157904859248;0.43253316198359865;0.8129829757364583;0.8516369581547061;0.7657811777747195;0.26818366491070555;0.8594625371844828;0.5247849163287389;0.7754152988182674;0.85598379983184;0.5840513517677617;0.7740192679772417;0.8849506532964284;0.5063382774794057;0.8201695187426795;0.2578113051298958;0.8714116017182414;0.8171161993635887;0.7024289769174299;0.3893625681706961;0.49023119231938445;0.688719670489013;0.6222587366142138;0.547277440160265
2023-08-27T00:00:00Z;0.667797095828004;0.7437685032685598;0.7216873889161988;0.6170416421380388;0.6167721008390967;0.7526588234460462;0.40311250434035345;0.6347634873096494;0.7211528107947648;0.6522030938266249;0.5909234439848259;0.7913944741211286;0.41963085970387626;0.49693841490222784;0.5588523328945201;0.6238965178852544;0.6068501103574885;0.35608468991490055;0.5860260820630235;0.6247446449991074;0.6624139333622503;0.428722211120135;0.1737174214912243;0.35627633809399156;0.7051736464203003;0.3993392389258928;0.7727945181062645;0.7318808171150926;0.5625662694939518;0.5410103839311855;0.7543663649389587;0.36227715724151194;0.3121831896691466;0.31845407275271503;0.5909010682898981;0.6009926683775364;0.5213266768378199;0.689676206677206;0.6045864210242317;0.466346672099948;0.41479300089549387;0.4260299810046601;0.9238113897433522;0.6248670346515123;0.7134849528627336;0.579489534706384;0.30244590488973544;0.40208286973613727;0.602332433895151;0.4145782009650618;0.5085893230168944;0.6587319837218002;0.7495375041450772;0.6673161688256375;0.6436636518908172;0.7292886913343463;0.41740035442597506;0.4524359101519633;0.7647321725676873;0.6151426780131436;0.322161665310312;0.5729702198289363;0.6172430304131146;0.37815016432397325;0.48304325055452385;0.609375341827819;0.3823085986403686;0.7704390683793056;0.5790096030231288;0.6315398556468761;0.4197166103215087;0.6511949900498479;0.561883868919221;0.6247884012830269;0.4037316184938569;0.6308706457396192;0.5303715882906658;0.5419923245301623;0.5558981746435165;0.6854275596521845;0.42117934654860606;0.41940260981242883;0.6857118722802449;0.7604163473820899;0.4535888900188194;0.6284059308876877;0.923444435281057;0.4532067810517576;0.5229742863032271;0.621984042076417;0.3873125900900484;0.5584380169499648;0.4818614698885902;0.5252277934569685;0.6883490899800718;0.4081939088100152;0.6766715926256728;0.42334032785623865;0.639352339177749;0.3439573849372969;0.5198002177619648;0.7224461610577338;0.5869182985898286;0.34838435799469175;0.4133844417458401;0.7000068270605856;0.5280505428864035;0.37930942126539147;0.4861426383816306;0.40640273999815113;0.5455575696759177;0.6877165367640341;0.6288440744064071;0.779079272800467;0.562713786970448;0.3451266079030389;0.5354789445060377;0.3981139108698403;0.46128766919839137;0.4107686096691668;0.5389283047568414;0.4849957962176892;0.6369775504217963;0.6252371389170488;0.8279935222881328;0.5224942200315967;0.5137337558324251;0.4464617951240523;0.7894350178994056;0.5784719836912178;0.5912310020850203;0.42655604867838426;0.7264948085137914;0.7168987140041453;0.7752598821265357;0.35945546188863503;0.7884258495436774;0.5213180828188764;0.6677488465037955;0.8438123696180712;0.5351181120028563;0.7788693705438252;0.8886735485691921;0.471564471208213;0.5650013738624321;0.34535236471998754;0.8872975303888321;0.4307961159722753;0.5161750709384582;0.46792359528846517;0.5115919087323223;0.5214520566565956;0.5707189404671079;0.5759857747126633
2023-09-08T00:00:00Z;0.5125839203354039;0.8243636424592931;0.6396021164365938;0.628025193408897;0.44063716470593156;0.7558488433851915;0.4280246060068148;0.5278235096402126;0.7381419069716121;0.6022154223503831;0.52211426738868;0.8042949692550593;0.44666853852761096;0.4229710533426873;0.46599509224222213;0.5435443647116064;0.7212457369741878;0.37681802935888065;0.5025669152726896;0.5970313727888741;0.7170095365801611;0.47651086226145256;0.1382928238696032;0.4353140445006489;0.6014304984667019;0.38303350699817246;0.6782256070922755;0.9040853536163254;0.6378381469709586;0.39467011708371724;0.7546100238899863;0.41270329405044553;0.33712570465651887;0.3775704026112963;0.6154911565993514;0.444807256985568;0.5983057627636923;0.7344880149891925;0.6203835327473898;0.5243642434856581;0.4589186563516212;0.49391519073202217;0.8301976025895935;0.7677759238492663;0.774074901191753;0.5437846259208199;0.3209690764591515;0.4011022653256621;0.6345249999827202;0.3160145643977988;0.5758020392745485;0.535445139921213;0.7286288865222041;0.6850586602179307;0.6799735631851049;0.8023473565173357;0.47080164472302694;0.34261126481303705;0.7665433752554673;0.4974132079337443;0.34724033198573373;0.5980172884847555;0.7680762239206375;0.535335326488589;0.5874358980684488;0.7110019228888745;0.38727284470128864;0.710438697006689;0.5720468787770522;0.6441776807693874;0.4054050742887994;0.7791917773966606;0.4968970686231986;0.5530329984836646;0.38394298581665176;0.5545590892398461;0.5832523084095931;0.6370481103821887;0.6088464064442594;0.610340067384675;0.3533241162760951;0.45481850556464326;0.7322072227699821;0.6161631577561054;0.532068455883305;0.755712507029331;0.576222695923377;0.45375988668544703;0.6032057980640633;0.6512275405905463;0.48330931307862773;0.4655086097638469;0.4657433064182676;0.5473240247005338;0.6890594030585405;0.34611021934644376;0.7083894160512978;0.40190224305167566;0.6295348427207577;0.3163960847949043;0.42735110412669636;0.5433359923326168;0.6651534710187165;0.3220270626363954;0.43072834421534745;0.7273925030810966;0.6211568600105022;0.44970992064242543;0.5939910946117408;0.3702438103069476;0.41513866870461597;0.7855307645837947;0.6765615288884075;0.8029136486456427;0.5362882480448498;0.2747936207147614;0.5228269731574015;0.4417740067697308;0.5625347542135339;0.4065384631045842;0.583645379621219;0.4074717254222681;0.6677415693730954;0.6229815855295512;0.7545520218361415;0.48530847187517895;0.5973764867155473;0.4325944053631101;0.7729334381208907;0.4927115917085014;0.5392849368808923;0.533002880626349;0.6933244365547042;0.7451766852749462;0.8973782958012622;0.4520786121712824;0.8131093204021453;0.625345635695188;0.6583306621487619;0.7079098081725025;0.6589395400241157;0.7912531641435859;0.8463298906298244;0.478691417199594;0.6307596620313791;0.46391621028485985;0.8766475500156864;0.4010148471842209;0.7090023385670098;0.517826886659865;0.6234858332791657;0.733718980247968;0.7042111280129723;0.4917522348275305
2023-10-02T00:00:00Z;0.4559913835324884;0.6038758251950037;0.6800014660816037;0.4071948152363844;0.3903514959486613;0.3214780669290013;0.2754362287481678;0.5749065381182329;0.6206951599773252;0.48474330937939;0.3912262436777553;0.8321292438737069;0.3875064525138088;0.37729861240396617;0.45197711332887414;0.44699056963304057;0.49655569626025886;0.34934306445038404;0.5909717341664694;0.7415307756443225;0.7803652167629084;0.4693874337780178;0.4865725825040309;0.4764294617087067;0.4796290655950745;0.37391282327273145;0.5637496855824885;0.390571876975522;0.6666734316753975;0.4137421987728027;0.638913332307758;0.5407963552118796;0.6405300253311044;0.5332505381227303;0.6259957890241731;0.5608215803322106;0.4329242585692498;0.7833938019309111;0.700573807966854;0.6332656695602007;0.3575329153350815;0.406935533538632;0.7846233769458659;0.8816739336145876;0.783959090469732;0.7213683423130683;0.7322608124069644;0.7461308867720968;0.756568376827561;0.3150093795792203;0.42161173110691114;0.666019159603574;0.7700468533256519;0.889909634059092;0.38694467327290083;0.3834041585270842;0.6902685502171516;0.34963103529743067;0.7967962136906376;0.49283539032673135;0.28714517774968157;0.6003793015771982;0.7185655179763993;0.5409053778370302;0.4309806746070017;0.7213185973332562;0.3169256038888713;0.741669336140596;0.4266567211639095;0.6610661405220366;0.37635950845293376;0.47303345729202645;0.5445680407663647;0.5910174212516645;0.3177870720392093;0.3769405854667605;0.29409670596412685;0.5245328086552656;0.8869240974719601;0.5390862308075925;0.7695436622223224;0.3848900619089942;0.7419694882246756;0.340046020186724;0.5322450479477541;0.4193181268848046;0.4026350190570532;0.31878711721656744;0.42927898290335786;0.695361500949108;0.38573226991861387;0.4558825208569097;0.6766965673508495;0.6918170186105571;0.5892034860355491;0.34739874114729513;0.8507361247826962;0.381820602647077;0.6304032417430212;0.6984090286433534;0.3743587029188694;0.7000530052254559;0.6900148573660362;0.31653036321413447;0.5599363402312871;0.8437045846882589;0.5681749262821705;0.3652864962835399;0.39642263558188384;0.33347962245126955;0.428742293646019;0.31740366534554754;0.3563805375000928;0.6611276162403256;0.49832958261099647;0.6373968658708049;0.39455442609102626;0.44109572428889676;0.3042038146291695;0.3450915394139995;0.4688611333408663;0.2645972208578352;0.4556212034153883;0.4833907092632685;0.6132157571388014;0.474526096346553;0.355988296050166;0.5689894756235144;0.8629131511481429;0.341146570310922;0.3119200453682458;0.4372423137016198;0.3150634030320935;0.8849401031386701;0.5970725190447769;0.6155776213008749;0.8401807878328407;0.4803997308169749;0.35983344525844446;0.5693087004897407;0.4539974941928478;0.7071502237933243;0.4480716307930411;0.447462145368209;0.36086782982941495;0.5953003088752292;0.44035888228604164;0.3346859014764414;0.47500343650224575;0.6550848586545485;0.4295290829096719;0.4793405792379195;0.5773012677166978;0.5880431202714601
2023-11-07T00:00:00Z;0.4188267134008304;0.46701795527403306;0.6152644814187586;0.4862994846956032;0.42016081300824276;0.4250001747264689;0.32405020915741356;0.39387922678469567;0.3875625951843854;0.3413261420399178;0.398254373118657;0.47254501587088976;0.4757594213742359;0.37313465789862826;0.3109881846649988;0.40008193046031965;0.5148489830507338;0.4446338907785019;0.5810659858859503;0.6182753953060746;0.5227096960442501;0.5096284377166583;0.5976090793148343;0.2629482002111196;0.4287483306846233;0.4040078415394669;0.3976932539130157;0.36865639343121775;0.397265631083981;0.5170458763392265;0.48770157564431427;0.5272049445306675;0.5080498725587699;0.44643727023924074;0.5483798786178831;0.5627509812906462;0.5683500382708279;0.6354866552451426;0.5289925154982781;0.4183061469487242;0.37342166909075175;0.36938469079112674;0.5044766161257567;0.647343639179925;0.6443582417104191;0.6771881536673043;0.5221637372804536;0.5567195232544688;0.7051493999351048;0.29364215910051483;0.29804526018762145;0.6636230970087013;0.7412352077071629;0.3839658802201586;0.2756855940717684;0.348937095769016;0.5430815128655975;0.5093161013646479;0.6957531581197787;0.44723241758901017;0.2637497514127249;0.41105873550402633;0.3330209213882063;0.277274649204879;0.5083399238734247;0.41044592029415455;0.3423223689318624;0.4801892722944733;0.4578546513024623;0.4887081742985857;0.42096501074817594;0.29421317387859647;0.46504950866528205;0.5163719523714833;0.3164016743294336;0.5361534192139267;0.26126379995782684;0.3595231371173442;0.8528431422900462;0.48332202597614754;0.35992762008576196;0.43427995229923777;0.5452737801492551;0.3503274052939194;0.37925858200625256;0.3505799776604729;0.43552448910942965;0.3917952602414928;0.5014525039813099;0.5443987097364278;0.3479646642798182;0.3657199958737372;0.3445853123841249;0.4244116660274825;0.420973499250664;0.3293765817949973;0.5161302193724361;0.3793037271852604;0.4691308908813449;0.5555620041345616;0.34903216333514614;0.6597810035661636;0.5344714783089631;0.3826844655912541;0.47170596138641707;0.5739840180800919;0.32256696122300466;0.3237202935149548;0.5364646389885528;0.35104720144183854;0.37629069611187477;0.34201458144945845;0.29980980979857963;0.4486100072440663;0.4200770038962256;0.5754113304744967;0.5376352686803825;0.4217154923571299;0.33435924980626225;0.3608532909291654;0.5481564720082127;0.3474901311145806;0.5039291264430763;0.5580432088028916;0.6757533155093536;0.4999092977207188;0.3706588471552226;0.5602127511487005;0.5095923789936434;0.3691570266294258;0.3468010775695736;0.4793238090354146;0.3868929936142906;0.39730190257821063;0.38122971158921437;0.5723561775871092;0.7893615779096046;0.4106871364949144;0.3860808779739989;0.32133751363455;0.3566966665785444;0.4224706505317855;0.48432360246984496;0.4702944572467002;0.3185978895247357;0.5355834748975824;0.4970141287173093;0.3745235041272561;0.5728165431055263;0.7053350537711703;0.42568024423460094;0.5712038080834743;0.35555238995654975;0.6424468460416793
2023-12-01T00:00:00Z;0.4793550461450211;0.5044150554018912;0.434336796767798;0.4754274351051055;0.44463232485388937;0.423646125153534;0.35270465424604386;0.4248460407094443;0.44186964597594874;0.40316199628894356;0.40076721256654524;0.47523163015671;0.4988931030595527;0.40566907641408767;0.5524523917481718;0.4478755367321295;0.5626517644322058;0.4658469078419256;0.4228684953336149;0.7079385606730269;0.49233685306772507;0.45248234776350166;0.6664107261658492;0.34004642506201105;0.40579195072751245;0.4327863999054598;0.4209976391843344;0.38690364233329944;0.4340696260451701;0.43052294676647296;0.49490214384547093;0.6827525781901507;0.5882661687537803;0.5564731566267861;0.5047251720221774;0.44728517166227927;0.618062482216371;0.6756788322076142;0.6612801802415978;0.4223815399543586;0.401644198270586;0.409897548866106;0.5211134334934076;0.6341254133466295;0.7045520744893862;0.7021163526893586;0.6363838936991192;0.7022824770901315;0.7801997471125979;0.38262299724698606;0.40594828359526347;0.47741325021280817;0.7657478496985982;0.4306147270531298;0.3680931060333495;0.3861183035955686;0.5993259783186342;0.5848558656326617;0.7621593675257997;0.4294360575815999;0.43921296804819027;0.445421432459997;0.427370731022534;0.3085271406490656;0.5620376409248148;0.42261912190597845;0.3677546386881554;0.48361830069227935;0.4634810190068351;0.42818491605290193;0.5723323088659104;0.41195069546268226;0.39410613508458164;0.4491786713176432;0.31006842555944886;0.567760690360426;0.33454578257125356;0.4017191667688493;0.8441740945734159;0.510070962522796;0.6058505745918031;0.39189140935029304;0.43434508221857865;0.36632254907373013;0.4891300556368877;0.40470766467837693;0.44785584256114574;0.5566782404558134;0.5941627263707459;0.6115411339988277;0.40384263979831053;0.44134595076149696;0.45795234533997004;0.5166067500293783;0.4289182202804212;0.35753023764548636;0.7036506957741149;0.42594796373823846;0.4307934788053662;0.6162934068576756;0.42482775584894605;0.7194057350147888;0.5805750765590932;0.4184901364918413;0.5037596603325125;0.7649836017646723;0.4101065918201002;0.3593721451666541;0.6123292143315131;0.34702957696909364;0.43017593425415135;0.40832799869645303;0.4104458496777662;0.6214115171386264;0.3828894651502506;0.6624533460183717;0.6017162651376854;0.3919736255813483;0.4090969889936313;0.39942348231505337;0.49461805771927103;0.41569221769488834;0.48735534283300325;0.440004068116347;0.5888247890951951;0.5380730405832621;0.3586443483181009;0.5681535831749669;0.6019710170872071;0.41528770484513156;0.3810710866917863;0.5139502732635443;0.43348367847755653;0.39239720049478816;0.46721374662417287;0.6453771334901565;0.7477569014861666;0.47861058423588393;0.42995822937343603;0.4538101885452087;0.4323025661895969;0.41494983961738824;0.5090506821870804;0.5265486931727257;0.4138646405639727;0.7051005691647734;0.49820150476727515;0.3958756907323194;0.650332377021908;0.779654960060915;0.4905407276454863;0.6609134847601899;0.4136029685814591;0.7608457931872371
2023-12-13T00:00:00Z;0.49841445403072837;0.7382955104112625;0.46867343469382033;0.49738925794460265;0.47160893901429995;0.5147249824855551;0.5175634501749798;0.49591433736964413;0.4982965680404424;0.45034524576606405;0.475355724510247;0.5393261556643896;0.5368019652371409;0.45756979910225476;0.6366793659057409;0.5106577572752973;0.5987489886665747;0.5132217414961113;0.46279719407424263;0.6972091245519157;0.5201667139913825;0.5092711341362081;0.6386494391750711;0.4123413640078113;0.44235816275428436;0.48575994685826746;0.49613410628066873;0.4717886890568047;0.46252239714324694;0.4978042991330655;0.5345893665036159;0.586322365288584;0.49728358289541424;0.4743372137270813;0.5276099457675891;0.5036929090814538;0.6866663906063456;0.7129549041297092;0.6072857973003198;0.46954280466469217;0.4462400720290122;0.4616255427904005;0.58118623874301;0.6913560387700103;0.7755990293808281;0.7313398374926027;0.5865930115609156;0.6272137012488466;0.8041899004051164;0.4281321422878673;0.43559999183336984;0.536599315356175;0.7843741133243223;0.49647715141611265;0.4166227347053318;0.44165103014990326;0.5755755274968696;0.5781574967106798;0.776871878832293;0.4837895597519659;0.43478622713645393;0.5121593679383744;0.46766388079941235;0.33717056963547704;0.6409605025227251;0.47940678693962907;0.41620208827880023;0.5397922195662623;0.5219587489197769;0.4746789836114453;0.5580163857314439;0.4471260534271223;0.41132715841030215;0.4967650285060824;0.38111160577895065;0.5821783442131976;0.38180525371162316;0.48594815510060935;0.9210374854311819;0.5539033530892542;0.5291312147994601;0.4624381430949508;0.462109123006409;0.39745059266840815;0.5133809408273939;0.4203522212247253;0.5220674851042555;0.5178597379263824;0.6837310795854379;0.7374000791808263;0.4554375431625914;0.5080546322717981;0.41773244327154624;0.5625973415892258;0.4849230536683343;0.3952334805441733;0.6380792703795697;0.5008490119402002;0.49063634406929174;0.607500065128262;0.4575350584205753;0.7826000574616532;0.6788217824108247;0.46053406769108907;0.5457411815042366;0.7145827642012899;0.46528260109976866;0.39793595156038086;0.6672603589567271;0.3566207957167283;0.4877239770855629;0.4277835336564188;0.451962928357653;0.6621216623563952;0.41189264049836205;0.6393300846826186;0.609023098075752;0.3531173417361739;0.4775929245372097;0.42996932481234207;0.4855283605621049;0.45719872894252483;0.5374404873147118;0.475505006260684;0.6578133994474091;0.5752436085636264;0.42929936140465536;0.6707997727966636;0.6506150876628192;0.4369885112904229;0.41019164914557754;0.5365013013930342;0.5027774944419474;0.4412836314925414;0.5409417789461026;0.705053278261965;0.8095222648821379;0.5078147858203524;0.49067941949632066;0.477793244713077;0.43141158033754223;0.49687728569405043;0.5529718952401126;0.5280482272552062;0.47154620085663546;0.7411880203853469;0.5294966758819741;0.4680620704048254;0.6993401224798915;0.8630731252546843;0.5500715201554572;0.7177777058251839;0.4757042880284853;0.8349241421896246
2023-12-25T00:00:00Z;0.35614853921273826;0.44887973945857823;0.393274755265042;0.3585253546756089;0.4377064474768216;0.359026819261402;0.42048570746689096;0.3553793307985502;0.36726241488526723;0.36157985301222084;0.3664665474534436;0.4118865142090452;0.43199404744442577;0.3295086538024717;0.2699986044724822;0.35126176843996004;0.43076894184552766;0.4233432768648247;0.3967540470383238;0.5532323925994164;0.311036319341697;0.37302001395760603;0.4959793119567194;0.2563176181737292;0.33265301385815715;0.36810111143107344;0.3503775024594228;0.3358232983296412;0.29910731757348386;0.42225297669140605;0.5210182155585952;0.6181751565852958;0.5682132112040142;0.5672938910952862;0.4947596511219179;0.433577869339672;0.5847151302120411;0.8442502099251936;0.6821214082566175;0.37792452070993154;0.3228253408776403;0.3433093100066015;0.42593044557961535;0.46303770071435196;0.7399756539846964;0.6796865097712725;0.5656018796538285;0.5698764501003231;0.775975215861296;0.34322055174494687;0.3294038503325717;0.47020741246202413;0.8983259469036042;0.37918339663919826;0.2918746190174268;0.32228268805130195;0.6613252299518769;0.5617302277159826;0.8655574963105428;0.3855128540940907;0.37768407949615185;0.3945903706406706;0.36480581195604417;0.26095437303351365;0.5137326320486197;0.3447919480688097;0.3330867114499697;0.42398681510985947;0.38044706921470095;0.4521914270014791;0.47191753507289996;0.42832686746627613;0.36099691794457617;0.4000745606662671;0.2656686346160518;0.5357260835111097;0.22356932848919686;0.28498822905588383;0.6505797826025608;0.43674581292960435;0.6137517430172622;0.3370549646404073;0.25489924821652793;0.2923728644152238;0.27197076059809283;0.3395080897624646;0.365973259832905;0.3870745206027605;0.5168948302572074;0.28117576688491286;0.31331654897829386;0.33286753198332036;0.5730183790169676;0.3595588370894491;0.3783504346353744;0.29381397944264076;0.7027765159155824;0.35147295962796793;0.4145471288844607;0.5994487969463107;0.38017045113487;0.5777469528034787;0.3941402397186119;0.374676722690276;0.5473605882643131;0.7448863638500179;0.45729320164139975;0.31589420112727373;0.5583524126877482;0.2970400637265871;0.3557513306120525;0.32371013780886476;0.3350403645144069;0.4767304498933803;0.3379302269393916;0.6070603985585978;0.43194085487904305;0.44139188172503113;0.401965066492235;0.3635534047400647;0.5200140573620017;0.31640302139964904;0.41127980832552524;0.49832811239114494;0.4997537193003665;0.4247500208021378;0.3227275149567832;0.44112532456937703;0.48793687752156806;0.3560012869084674;0.3269026849917144;0.4115130097828478;0.3535059192378131;0.352894608983832;0.3474872795491703;0.41598775739142657;0.5916771916051705;0.418960582183388;0.3704768653793222;0.3791782277176179;0.3196396292837638;0.37809983331532704;0.42993492642404635;0.42522490492126247;0.322850006345875;0.49097471857724123;0.42294363419436876;0.317826831189616;0.6219119751157565;0.5048364014689659;0.364862569176816;0.6132190205888366;0.37235413573216647;0.573831979836584
2024-01-18T00:00:00Z;0.3712627296977573;0.3628017874299616;0.3816297910196266;0.43191270056095993;0.3917175269862901;0.39460262724558065;0.41644424016986575;0.3433162223904693;0.4075635979948912;0.39177932620312744;0.33546962819906134;0.41795353743633845;0.4596429648233347;0.33649158274892776;0.3714229883616762;0.3890072538646882;0.41780270038239925;0.4349530761864959;0.3882468940662633;0.6429794994069309;0.3568303600874683;0.3786336045050178;0.6094474733932742;0.3493948835970425;0.3506804063255268;0.4374452150774626;0.39126108525640735;0.3760152322015372;0.37414102125863496;0.42145792143635974;0.664043148308236;0.5964883333811;0.5216670470059517;0.5041952894094888;0.4510705256197009;0.45848798021495557;0.5779588091828314;0.7607000321753112;0.6548186343873179;0.3878296954630838;0.32553730013429144;0.32534524623287436;0.4851813734867578;0.5296842950248273;0.7044519812300585;0.6021604909787794;0.5703107243732328;0.6751724342005206;0.7603312894391897;0.3742233155966704;0.36483771287560657;0.43611415451071045;0.7564267662058226;0.3899113774579894;0.27367728053835194;0.33599296942202733;0.5763974011026073;0.5480216562223794;0.7424082352507929;0.4197342934652611;0.3442966733937678;0.4061850719984801;0.3785866545700787;0.244882980376663;0.44865635380914404;0.38244867104403213;0.36959803312931827;0.41788603996941714;0.38249151241105794;0.3429250859619935;0.41991565616250487;0.4312995526424031;0.3799299687318309;0.400013936891383;0.2863129717042972;0.5294368882359255;0.2719527085361414;0.33420680053369445;0.8052065014320119;0.407147030671265;0.5206316009479276;0.363327705014682;0.29230543860504704;0.3312540759642919;0.3421054968807829;0.43512890656190234;0.39726173771034967;0.35901782996952536;0.4656259536811013;0.35956934933765716;0.3446165797844821;0.32767481788394015;0.42812571429500457;0.51241158273824;0.3692898612147827;0.2965122346716289;0.5492862263434214;0.3814273069900463;0.41861222341837406;0.5494187489478257;0.3329533844831444;0.6780455883915234;0.548136232220905;0.36970635028268456;0.4928488980506699;0.6201731689450473;0.48627377544507755;0.3161158520649646;0.5152894436659993;0.268214172429713;0.3859520147912156;0.34096911911171973;0.34823081924156707;0.46204114534668417;0.3501640199854638;0.5726261486645332;0.43814668824718495;0.3866341755425526;0.40528413787702;0.364187912099809;0.42561982495416784;0.33654026448881874;0.4206768875989747;0.4814911577769242;0.5305809706449509;0.4426664335968871;0.3276113240064149;0.5239995894258115;0.4631756221448389;0.35347435727439225;0.3226307929790215;0.41112157401902677;0.371859147261615;0.3301541329784827;0.35683497746419635;0.47405592249903744;0.7054806605629299;0.39868060100841407;0.35204110532919713;0.35606531846187384;0.3285498706684556;0.3884344877270191;0.4378783601996808;0.42665010280953086;0.3362530842866926;0.6115199266996694;0.43127457971294847;0.3080613732196036;0.6581261123465646;0.7591980329125732;0.4168494660884906;0.5958399798738111;0.3683142484336731;0.6525781183328982
2024-01-30T00:00:00Z;0.3351161017707126;0.4905786605672442;0.36341057126835297;0.4024885467442141;0.3848950714172732;0.347869260393864;0.3573284185713246;0.2948386130275949;0.40566604220528374;0.36174803109545456;0.38856558708889;0.38290890505219377;0.440810484089535;0.34095051607685;0.349770080960377;0.33167166050310964;0.3783650033208873;0.45162328806208113;0.38697870011656244;0.670037164465048;0.3363673393841076;0.352261456131777;0.584319010987975;0.3728869385280619;0.3395485382452607;0.4592173557655386;0.3511054974307054;0.33977554728322656;0.3123508233028419;0.45411699631582464;0.7786353525247366;0.7547780979976708;0.6103628675205324;0.641525817532605;0.5517421008243667;0.43154316514991115;0.5961349888747771;0.9074074702248687;0.8361446021548219;0.32343873325201417;0.3242987818325475;0.3393761868485146;0.44654943054037805;0.5409183117425498;0.819169085190876;0.7137729062491014;0.6755178559362979;0.6890643259979845;0.8022877174962186;0.31017205588782665;0.34324834304384255;0.4160218409263965;0.8991113847732544;0.4923561175602563;0.3060447912580055;0.30833163343384995;0.6361479617533137;0.6580398582138696;0.8468799826753048;0.4860973575207741;0.30606903090730686;0.3858027339148122;0.3188452522843936;0.2866375519848014;0.4445484544653061;0.38668522883005657;0.4224674937410874;0.40563106013861644;0.3997615705497119;0.37829868779504056;0.42128874518483167;0.4456187669517139;0.36824878439784836;0.3919324665466304;0.2653655543555368;0.5334518852420875;0.3140172029258067;0.36232525009275135;0.6995951671963153;0.3697933049682147;0.6945859032547979;0.37289884136697843;0.2592766469990414;0.3036918772433685;0.30221260514783366;0.37812641078942616;0.41954338200958197;0.32988935767738653;0.43865599841182423;0.3232386408028779;0.3632103171457008;0.3317042569923429;0.5864163642524289;0.5498307983971674;0.40504834323357314;0.2788615218675707;0.7178136534703164;0.37208268042755704;0.4007400752972425;0.7430545331952779;0.2968054162805149;0.6400227149604505;0.5472749791347635;0.39249493580107275;0.6026417868487656;0.7721163968687011;0.5883573667877051;0.3083203227121676;0.47923705847269327;0.25887073610855893;0.39510250987521417;0.28405419091669903;0.36492355488105255;0.49253430693921907;0.38886738758617095;0.6924704109446083;0.45057692919237496;0.4342148870764892;0.3747328490761481;0.3508643348158536;0.3875317280346522;0.30605775553136755;0.38891318061885877;0.356649039272528;0.4782363919710571;0.39977508871118816;0.3899073162722655;0.5218016370335873;0.436241531880327;0.3550635611066382;0.2997224112839922;0.38418403104031773;0.34944714276814987;0.31317994591413123;0.3542491253377137;0.42981897026631066;0.7223785031242531;0.3997747522077077;0.34001587847251774;0.352721840958111;0.3292738416316518;0.4186971195455263;0.3925538888495219;0.40435168644712294;0.37207600177467737;0.5636813577973823;0.41061688677523844;0.29769845961503105;0.652573248568792;0.6904201695508985;0.3943608310835037;0.6127004764753938;0.3583159334551124;0.7151951529490818
2024-03-18T00:00:00Z;0.7291339264933814;0.8111594807410586;0.8121046050669607;0.7741117653889958;0.8722262325310948;0.40838574062264155;0.413207865769414;0.8193695024683931;0.4535995925472105;0.4371018277597791;0.7563196665008461;0.44465574713839723;0.493050614320425;0.5650499997331603;0.7555967377915812;0.39563347459016546;0.5540811238659881;0.6710221211073406;0.9278108622522199;0.6819979734264999;0.4183723535253594;1.0450969901173672;0.6726869535068782;0.7228496281903025;0.4724521326167243;0.8410144863623334;0.40158893274945634;0.2961562678603263;0.40179021257883424;0.8403822243923232;0.7918951599269497;0.6785267064073396;0.6077372732588062;0.6709778036452299;0.583466162698582;0.424910124813773;0.9406076320566602;0.8682431310665708;0.7730541677465514;0.3471294591448125;0.3863587511927349;0.4121662471808639;0.5785678840389824;0.8084451197474091;0.7641814156825787;0.8201478098829588;0.6736203782652257;0.7149402621971392;0.8325087766424095;0.37542594975453336;0.7549229918770451;0.4125307549447541;0.864489253524874;0.797259305608216;0.8010083418583631;0.28838416657936033;0.7404281269552121;0.8565345188343391;0.8373840908607459;0.8693791682924237;0.36384570222465235;0.5046781774153275;0.36397526807997993;0.6376354319200718;0.8192616552543724;0.3773762539035312;0.7261738438709661;0.4558257058069303;0.9405463207114613;0.9819215469304088;0.7706401666236479;0.7209734218638568;0.806748711387923;0.9350429933800622;0.6725370409460714;0.66234388691923;0.6351909598601251;0.4229462953864551;0.7961142844107932;0.45357762202920326;0.6767805107367176;0.6287595163239298;0.5905685077851381;0.37492254277045917;0.3601583955200037;0.49633255970530116;0.9516465131456804;0.4800128972126266;0.8036530324958725;0.5301331677840744;0.40091311869110113;0.445451917506366;0.5494601526600381;0.6526339141606758;0.8099574242999964;0.28504662873813025;0.6955484009211665;0.9263629657700432;0.4436343905267205;0.7392504265138237;0.43622465582655495;0.7959301216395005;0.6565388619287607;0.7107664491020659;0.6680907728273756;0.7697655013901563;0.6672943164059661;0.6009770842111907;0.8243000401821076;0.26682626635704365;0.8744106878081094;0.3873718370039389;0.7829749953565845;0.6312311785585819;0.6663869427694483;0.683100972487042;0.4473276747638596;0.37056512972329486;0.43887060998706023;0.8022839153434882;0.5479453091069433;0.4626881147806461;0.527415836648908;0.3463720581574558;0.6430697173793336;0.5564416203944575;0.8003959875461951;0.7188311597598679;0.663451984777289;0.7742488806417616;0.508852614765804;0.5466069145585183;0.4909346776021594;0.682163763827403;0.4280852417619723;0.5552130031182919;0.7698565593053555;0.8362250824729807;0.4162745917630479;0.37355678121379987;0.40164282402273876;0.8458522616053811;0.48883996369645266;0.5253821036553191;0.9005979911940664;0.6990781428215846;0.46753967907741295;0.7006447970272809;0.834837457920274;0.812920297848815;0.5009874940391571;0.8545161753767965;0.37147864160422983;0.8142430411385468
2024-03-30T00:00:00Z;0.8962378610898782;0.6246714271444211;0.8767482255028902;0.895349441875111;1.0438322798018493;0.3636788125002411;0.3826866540428972;0.8313121024912054;0.4099701560088041;0.4084463459922863;0.890981396240016;0.3992616711986221;0.42796664292639525;0.579073471118852;0.6470392993679104;0.44622324466971414;0.5001145575008162;0.5865299474929233;0.9153624741546081;0.592970208448056;0.3247467458536183;1.1133181213064396;0.5358491296329128;0.7872275832766954;0.5159042569679942;0.5574029867288831;0.49883529810035754;0.24400135111224291;0.3721669040359042;0.5362772881148421;0.7809597877519471;0.6921450466981955;0.5011335462612749;0.6426699473186033;0.6320358222847917;0.3950783037205672;0.9323224205208149;0.7970213438310321;0.7567846522563033;0.30916368817402556;0.43088913167552123;0.34603000574740944;0.5500790856116725;0.7917644168055334;0.7817622220418492;0.8490175378877063;0.5425232392788655;0.5409588571607582;0.7958046879737768;0.40551355732120603;0.6146679059036421;0.3769932411270921;0.8589186973127139;0.5341192647485703;0.8888416962269364;0.25414350510184325;0.6518911115912108;0.8501084700301477;0.8457730979952094;0.5193704665607556;0.2866258903093113;0.34924841621587444;0.4186407715602908;0.6315611004527764;0.740285516934509;0.33977265739569684;0.5164487042672494;0.37324642550434445;0.8241168358174499;1.050796857485078;0.8343903120697999;0.754207055430936;0.7785983824939724;0.8733539986099853;0.6145650586760085;0.6700948599628112;0.48250683170411135;0.3574796486381876;0.5313001903409214;0.40805748558693355;0.5039893933824467;0.5463706372733157;0.5939068332440619;0.40990805042347883;0.29661873309638337;0.41029233505667456;0.7559867394137503;0.42639841399294265;0.7252140657420937;0.43720216074560947;0.3443976355435914;0.3497822567926231;0.466723892888202;0.43896190275003294;0.8376605474295534;0.3688599783614678;0.6090776252297566;0.7772928826021452;0.4252622272065182;0.5978729955620478;0.45161964468151794;0.5737644993870155;0.5652299481523767;0.5820726368996728;0.5776275446857149;0.6544086493660461;0.701936651633899;0.6688638080577618;0.8264270895639224;0.20989448131884403;0.6479395643767455;0.4803204257287853;0.8749879472170246;0.522565690795241;0.8627411944076778;0.5704680299333164;0.4045176512593455;0.44035022118828904;0.4377766733306284;0.7299868934764034;0.6052746901041481;0.42495725275202423;0.4683227373601107;0.4183818707563754;0.5597731625096182;0.5033646849830973;0.838569120164179;0.5389865041772097;0.5960080609391393;0.8298181819308336;0.5222038109588018;0.4452887889780221;0.38238462147478025;0.8350011887906612;0.36513587264114356;0.5312290961280713;0.6710919928150016;0.8470277560515622;0.3416649463295748;0.3387349968304296;0.33110778957577536;0.961208029154465;0.43066011917186575;0.4950853703047069;0.9460265204029821;0.5233407270363719;0.42141878370046615;0.7184464322095147;0.8740387111826788;0.6041724770201481;0.3788111709362854;0.9191879822202481;0.3193296122676058;0.5929446454824465
2024-04-11T00:00:00Z;1.2337714295488162;0.7842011383601597;1.0754280301789751;0.8909052510161299;1.1358909025307624;0.3849781654513571;0.4321903444890404;1.2061539015462321;0.36156281882256286;0.4046041091237593;1.1393294622997443;0.5329428873899468;0.43351533451081753;0.7280135815279024;0.4915583670315832;0.34751330197865804;0.4348251919431579;0.5494258453547426;0.9747997067007885;0.4183793060911072;0.32056783352804347;1.1113018044792928;0.40189384144161844;0.536469201499545;0.7089447421342255;0.6802198663716266;0.3770582719348875;0.3362425544800048;0.5372444631316077;0.540338606610765;0.8082122243149819;0.46212172537018814;0.37520941200023616;0.44566102954834946;0.633944696401591;0.41828424231464956;1.0719561749976763;0.7843496387203535;0.7137592402952058;0.31542037743339674;0.4536934710688988;0.36454017098786834;0.4388789476938106;0.8672833573763017;0.7986884984274862;0.7399324552133316;0.4756970984047888;0.4336967241839119;0.5923377792951893;0.5030598646514821;0.7002791531830452;0.3466482283791667;0.8767267158594448;0.596699776110195;0.9872960278621087;0.2785730563294679;0.6633325923295295;1.169459874743507;0.9181043822435463;0.6088973122035585;0.4690980846310355;0.4718806004801462;0.3431811785337909;0.5857377506552204;0.9238300994269659;0.3794613330737405;0.6035329417662738;0.33226016553051907;0.9663536425732097;1.0692803457071647;1.012011031327192;0.40897499282890865;0.8280597936075708;0.831832222092638;0.6903627993555173;0.7878485278864575;0.5531160017439977;0.43528756337356883;0.5427563452892167;0.33418703226380797;0.38517826505652225;0.6938196078092073;0.8315129818935548;0.4778587684676132;0.3488933841594154;0.39165152472580644;0.8069327823276243;0.46080856277890825;0.8639449157673055;0.5879206552873648;0.34096869387509743;0.36380341582876796;0.32463660834491115;0.4828662576992147;0.8562664907166128;0.3338145327511705;0.47837300825927215;0.6886014408101844;0.36146024843884383;0.4844406029898605;0.42705722946486024;0.4296561805836415;0.4125813297788408;0.7529379491183797;0.4471058866812244;0.5095862425512885;0.431898587191525;0.9902650430009645;0.9125601702761875;0.26853093785725246;0.6531087815956035;0.4238447083710389;0.926686287570349;0.6303265794318598;0.9431991324139419;0.4097795695449351;0.42413547705575577;0.46201892102518205;0.40883323250906733;0.7700845261914812;0.7950531368454298;0.41650029124381643;0.4069379854473076;0.5709322648851768;0.6274310938844626;0.4278738951337505;0.8938447405659192;0.4293912335405632;0.6299557993583607;1.0054730262814298;0.6897147128503752;0.39448224671005344;0.39971610804398855;1.0156433886811813;0.3695647462031268;0.415063607036108;0.7514979303893397;0.5283065318113292;0.35091478057984893;0.35996980139708074;0.3360390515598992;0.991352780988985;0.455597682898033;0.44888716996819883;0.8791535536461279;0.4752311003126159;0.40106903283169476;1.1859054996834923;0.9579924374079027;0.5201848383043327;0.3563873395096324;1.0145344461908332;0.43895176590631846;0.48007252967407243
2024-05-29T00:00:00Z;1.2160604747583559;0.7481305330991745;0.8921838474194541;0.6860628681010511;0.8493045530535958;0.34709222630401665;0.25343796898469995;1.2143726231996643;0.6639717373802764;0.5424874616123398;0.7796773074957348;0.4297159011634748;0.7159074267770082;0.7915495553458017;0.5236583248513154;0.576273086800504;0.6586384547068559;0.5448401450397804;0.8068904808465719;0.26944456238318204;0.6780621687886794;0.9411455086896574;0.2577897580370841;0.5746677661224447;0.7804785728696394;1.0364891810293628;0.7451611391813806;0.5385917800098464;0.39551161093029663;0.6946879714524665;0.729530555982979;0.3210003361084601;0.2590344135541862;0.30003719168699855;0.6352115199852041;0.5424972840640976;0.8101832270694792;0.7819468795376665;0.5186670177157909;0.4648036783235248;0.7818000217787978;0.6665095600247797;0.6403533500204329;0.891238191695971;0.6998780164039116;0.6572526453926069;0.23354310245609075;0.26515247823412413;0.3419838886899295;0.2965386731336903;1.1246666391362172;0.6914127522099348;0.8808899684832163;0.7828202766453108;1.032442304283541;0.6236979902472044;0.37524569599722774;1.1792341607515928;0.812618127021189;0.6908718899074124;0.578406020279604;0.6852612217914227;0.6638837284089735;0.8942723730419577;0.8285624983170764;0.6404288453440912;0.683751825501944;0.751313931953248;0.8401438907192005;0.9869030942607419;1.1976283973451967;0.5291314014105117;0.9066601235622881;0.9480346937346235;0.8376575522124767;0.8040904539541794;0.6386868570587795;0.5714695577222356;0.3936312732142236;0.8312514708750762;0.4375147493353421;1.0227839706296271;0.7245589819112774;0.3617750639288211;0.7802888545154155;0.30688620978352527;1.007058381692061;0.454771611170891;0.8153736013192396;0.7572890311170812;0.6353316045157229;0.7500537692442448;0.278605267725562;0.26944565203001775;0.9373001865674436;0.30062892917825396;0.39539111062542914;0.5119790872451382;0.696827899792247;0.4835628635095523;0.8130378385598515;0.24798754066374093;0.2368704961066598;0.526196852099908;0.27821041389715173;0.3521794084198437;0.37989884098653415;1.0433917293150812;0.8221303914577553;0.28490950276460614;0.5874617116940029;0.2957876905165527;0.58144272735049;0.5175553409978958;0.687219075404915;0.39780528637181434;0.6448117623468018;0.4490723072472265;0.5485842090973765;0.562399752679988;0.939823676351529;0.4112234250176698;0.7252177640121509;0.39048268848323614;0.6390614611162266;0.5976850546686607;0.8477934055933447;0.25632666446689595;0.6880993364781004;0.7431247899245167;0.8270880668337224;0.7905361165531444;0.7908394700296894;0.9189987349928471;0.7028918610710018;0.23255768886509487;0.8691867844671266;0.4379519396581896;0.7249299674116959;0.6367345635019953;0.6800883193087288;0.7083539184856196;0.6771659379599416;0.4378195131328485;0.638184997475861;0.34732158872495383;0.7057989215831741;1.2079318056918638;0.8461144729100936;0.37493872322974775;0.7475949289488705;0.817168270068235;0.6564616802259949;0.28922918763518335
2024-07-04T00:00:00Z;0.55884928980956;0.7593103800501142;0.4368697278915969;0.6287255723433323;0.4412156234555427;0.5200410933314439;0.2626517407245037;0.5944793805984946;0.8105956291085387;0.838459062831482;0.4982233861807603;0.5619890726762237;0.8903857972070253;0.49068325797219503;0.6576178349841383;0.8551503580074769;0.8303707277659587;0.6475611664284922;0.4389905533336198;0.46920766693836574;0.7404550972726939;0.33634738233039513;0.41054941322039096;0.6436724118842669;0.47611966299322933;0.4290739777111263;0.8514343054039674;0.7007634327341276;0.570272946427403;0.5724848384066172;0.6004448075075539;0.7681227210424147;0.3009614204313962;0.7273580123553665;0.591287479952986;0.8240669367479275;0.7473805131050792;0.6729808365778317;0.5902374712602486;0.8050290143489838;0.7924504530222414;0.8164853585167906;0.8021299919073887;0.8159803951455054;0.6281981781313691;0.5889241088892667;0.2071908995489422;0.7042531393156551;0.762296133982086;0.17151582985765762;0.42474800927633716;0.7810063392143362;0.9132717954330757;0.46286258024388344;0.5574518164205404;0.7797840822863099;0.540834612547947;0.46839258932878103;0.8569890035361778;0.5058720154257921;0.26635073488408867;0.7401303290987814;0.7559227926030725;0.38057818445728053;0.8271306971541641;0.7664798346603863;0.3791829106403725;0.703134274430625;0.4656100197136402;0.5370219987226447;0.49102320422930884;0.732684607448381;0.3305426024572978;0.3956861523889451;0.3282370851116462;0.5371782422417639;0.4067066198815272;0.3989104413197129;0.5232078737277779;0.8158131441344385;0.4699976235930306;0.4333984316972874;0.36350480997698253;0.4301980620107533;0.7323968642820037;0.3890368382876309;0.38754433279354966;0.894303271264741;0.8074558552935246;0.5322346324748927;0.8136173669991835;0.7346822541769383;0.18318403773009778;0.30716694031162595;0.41600536214683553;0.2859079164979115;0.31643510693869525;0.4557641938011697;0.7602395151201533;0.43854141482339676;0.6219898592056841;0.5044770105505031;0.10041235226054393;0.45396370113489515;0.4209119317443564;0.2623426454426235;0.7527561104783262;0.5188440585035389;0.7940845808979493;0.7985754327294026;0.45230828556389235;0.23350053216037422;0.49976113933043986;0.6148170113563538;0.42340205301461303;0.4213197930120477;0.809501523158901;0.4237785000543473;0.2789859343421252;0.42945629482151076;0.7043363503538645;0.598356564683974;0.7362571000393938;0.5879259444449259;0.534710049203464;0.7257161041419485;0.49065856887222015;0.5681512263527196;0.8503582069268649;0.4532610316293827;0.593477627012561;0.749062409616869;0.671042402291379;0.5155034043894857;0.8273568808975996;0.48625092736385284;0.8088424285252889;0.9076606873585861;0.6438378404211559;0.7578179767760052;0.6778950197856968;0.6199201546970694;0.7357755144258286;0.7089012791811314;0.5353249574223484;0.4699645973550312;0.7272823645338213;0.5171905277349058;0.698708202678563;0.5080810982460723;0.9018404586775108;0.7919345095248064;0.838494812982785;0.3581819592644361
2024-07-16T00:00:00Z;0.5923569086962868;0.7516139224707652;0.36812896773637577;0.7401958660776882;0.39786817160574534;0.7501589514048885;0.18843313371091389;0.692916056841095;0.7655536345365557;0.8515464936799968;0.44717701730351017;0.7314667093726557;0.9481006981730461;0.5826274353991481;0.5529916444606331;0.7923838002328387;0.824793019149923;0.7256949834117264;0.3143738389816354;0.41260732110348003;0.7905655832293121;0.34732089399975236;0.23060237057073057;0.6434532960345707;0.5646143813407228;0.4919123681919264;0.7352773969748405;0.6728937410289186;0.665006835601207;0.722014072329499;0.6892700616498383;0.2917462495702177;0.5110516068896855;0.28501688188993374;0.6412284972288509;0.7536926877818626;0.6295111601684377;0.7447678583026679;0.6386290310867249;0.843198808219855;0.6349425021648651;0.5929998412349758;0.8706867806060816;0.7356073536048425;0.6193572451839859;0.6445781680044794;0.3114531269708969;0.32162254894539327;0.4836853122356914;0.20928368582782975;0.47806874109507264;0.7270732930683168;0.8597185469553119;0.37187709193530044;0.4957680182677847;0.7828652706712184;0.20171205401877995;0.49343020950270966;0.7859674290007685;0.3586670033891786;0.4176937342739918;0.7974841694869587;0.794010197456251;0.5822535880502737;0.7807008147774226;0.7467618030604235;0.5548762344024194;0.7313970039368176;0.5388644453469662;0.6019830211387043;0.5305463870886524;0.6921784910176872;0.3353858845898392;0.33229395614670376;0.4323158309517143;0.6005753708965285;0.5490274576509332;0.5229857770797334;0.29384153422048626;0.8439805047529515;0.39607552319479444;0.4824139871031767;0.43453075142785086;0.2359591949152923;0.774630732543167;0.1939712633545547;0.47165072822603654;0.8258632339410863;0.658193685206117;0.5707008571708021;0.7735087378422497;0.6487104800082831;0.19721522503660566;0.1866839635253742;0.5078205791776694;0.2565549872065236;0.3929584145787719;0.43199903439510473;0.7240066153568457;0.49463283042295264;0.6189496195302072;0.2867515555799309;0.11302517682415865;0.45957709494091215;0.18772499506432247;0.3127548197750002;0.753479836212247;0.4738524104485632;0.6110350173064161;0.8663449779726539;0.537668750831318;0.17166092016218926;0.46379599798008475;0.5187957052495227;0.4899913622730886;0.46913079922754625;0.7804105556984939;0.43132418337491363;0.19479715477328097;0.41973025720484936;0.5802868775641307;0.5710737703521508;0.6004181969171306;0.44302983388370354;0.5664643865455402;0.851939803593588;0.39947333064689455;0.27495173925507543;0.8178037227860915;0.38745351186864296;0.5983877008361134;0.6529888659155108;0.5998021778606233;0.3879839567967359;0.9191877325394601;0.5707309523062355;0.7044325123662534;0.8787931184171446;0.5502360996597486;0.747733508472477;0.6408404767011459;0.9197641272777998;0.6372477735632675;0.8381251977541477;0.5255456817362849;0.2540905752041941;0.6227479968279505;0.45363647751368497;0.5893418397461769;0.2719211663125564;0.8872409899968926;0.6344197127339497;0.7812224361133435;0.3770236281066733
2024-07-28T00:00:00Z;0.6615304732796087;0.7575239961524661;0.3554174252343673;0.7371192779167589;0.4363487929557309;0.7548699340618709;0.19061696419528748;0.5018625946581451;0.9081549188337457;0.8289012069772079;0.4153612514820275;0.7465487718037155;0.8920633603497093;0.558944864305635;0.502437816259309;0.768464046878269;0.8295188091050691;0.7917998129561447;0.3298504792992429;0.4176223915704607;0.8534364778268246;0.4239353269238593;0.18894783613986746;0.5684239020457074;0.6687414509105873;0.5214613051382098;0.9060818406395942;0.7042114054891228;0.6185542811628231;0.7964742685205677;0.7666056418998374;0.36226139164777915;0.35246986595342805;0.4540603766320171;0.6487087810443076;0.7913953404249711;0.6680965458622474;0.7202756162437182;0.6593173598604543;0.8433696473450274;0.8336666621336429;0.6971170054910906;0.8648670586621287;0.8601569327238564;0.7087310299742967;0.5712633926583373;0.5403741442126575;0.4389608376879033;0.5071385923572668;0.2130973671327334;0.604057980779798;0.7343685977351634;0.7542287193214778;0.3843725848897004;0.3823739617354623;0.7622119156106206;0.37238506270813293;0.5097537622101567;0.7258424798230538;0.3600206051494684;0.22021982723229155;0.8074062380599798;0.7468523503311219;0.7428864121317144;0.5931791338086657;0.792390380622243;0.6966421698535528;0.7595968769642388;0.6812461869892223;0.6585003710844938;0.5363440375075931;0.8204843699386019;0.34329282363137553;0.3250627877807981;0.6682920824938379;0.633100409198933;0.5956938826065097;0.41597954514319113;0.3818076612311921;0.7911952147107837;0.4272389440264151;0.6166133262429918;0.5916297193173677;0.34830954148042187;0.801183284082632;0.2724571959384686;0.6288540725920373;0.8352843130475099;0.6106270543574479;0.49713225152757434;0.7739762944457391;0.652128911306215;0.3167507090466781;0.2538861530045791;0.6160211111649428;0.40779919746178933;0.7256770815670095;0.4797324849199843;0.8520105411817115;0.5059536549604386;0.6059546676445463;0.3252293049400696;0.11016368797436181;0.5198260079327369;0.28984129612330256;0.5149087694827092;0.7351345542607669;0.5092147245217956;0.6045797445944378;0.8927100497193869;0.5258718362121624;0.15042495402569214;0.4855954047451856;0.5735250398264093;0.4940165996497573;0.4599549857495896;0.8008569218748207;0.41172771158348453;0.21839197418387826;0.48304155467311005;0.5882305947023553;0.6157596437941015;0.701425380475083;0.5449459485448244;0.6531611433343423;0.8535967723894561;0.40223448451661387;0.3883826817990732;0.6614794615650398;0.4026187065932662;0.5579516487206844;0.6406005130031402;0.5749293833291392;0.43699733577544714;0.7532437175653557;0.19046290293561235;0.7543392104407152;0.8758642659870544;0.5988631111683584;0.7982574169738934;0.6151616390063384;0.5536654029434336;0.6773540555149441;0.8025712664848492;0.532687435465492;0.28287749672212553;0.686890798702156;0.4949363395536297;0.5907901716765509;0.2038006556312877;0.8527149653289376;0.6373636302501446;0.8398531444744375;0.35734544997736406
2024-08-09T00:00:00Z;0.38614570961998074;0.7951581359341524;0.35695590044639763;0.6946330227206906;0.39990293364556273;0.7877847907491764;0.25051049432840433;0.4035770293705538;0.8975337658660106;0.8574033647693651;0.45829993576110406;0.8202869202816798;0.5486182105914653;0.46687826226452117;0.6510288494465938;0.7982892313110295;0.832290292684937;0.801049930290615;0.2921982835920674;0.5649145634270825;0.9198190728109105;0.6165112451311764;0.2997881658618292;0.6866080160553176;0.38024857628249353;0.691456940111319;0.4601964490732761;0.577914809769302;0.6797861573612614;0.8613307958474983;0.7035557609279545;0.5603345419328897;0.33818419254267934;0.73524788215811;0.6418725930857209;0.7721807626094115;0.5996873833968176;0.80929219648242;0.7110200995017611;0.8042180322267635;0.5900469103400581;0.7093168558686215;0.9362536512125684;0.8020784820395487;0.796435456806288;0.6428579505795003;0.6404543012684706;0.6969318888573484;0.5247265608796583;0.2938502858763179;0.7334218343733167;0.7653468024744744;0.6778892471681411;0.4231296356390171;0.4424904000154806;0.7912743731179221;0.6566378821352127;0.4328731588488791;0.7288397979106962;0.41510102490167033;0.404947430966197;0.8345919372920317;0.7473749400985321;0.7929449137958099;0.5846000811850378;0.8413607147059898;0.7570946605169891;0.8618289691819624;0.7529237094892819;0.6108042398505896;0.4888818754966176;0.8371545942017705;0.34992094715445776;0.3093200696820668;0.8073156119195962;0.7612477309037666;0.7222005380211645;0.36350715127799027;0.4673512931350324;0.7439541095231152;0.39682711046499114;0.7423366126604378;0.7137737095380002;0.37656751299922203;0.8788168997567049;0.289952297958287;0.7937958943882173;0.4604568279841367;0.6136765430230309;0.34635165648767496;0.36021644894303406;0.6367256943290756;0.3280685193767462;0.38518757768639506;0.6686433238795634;0.4520536576557831;0.807098219000836;0.5374047131743849;0.8850207986883009;0.410494559750371;0.5916656226204232;0.5638447260864933;0.2670846594202342;0.5571264358025235;0.4437764245531129;0.7565518519497879;0.8360393447009561;0.4128061669230518;0.6031236573993825;0.9383757268253285;0.5446469623913514;0.21004463267225068;0.4160703224645711;0.5734917513128757;0.45705722282114236;0.4417172655931876;0.7950239957043672;0.4368559898004898;0.2732554525500391;0.5992234712776018;0.5021099936867517;0.6534038462365667;0.6910615757719735;0.5717426944981542;0.6335003342708396;0.8527854624766323;0.44477962887718936;0.3575111197651456;0.7115327662820048;0.4496473084238992;0.48046019886924224;0.6701142577207029;0.5444404830231148;0.5372495107695496;0.8733241139322773;0.22639038717653462;0.8207859412619942;0.8867635302129989;0.5547256181579998;0.5230313740930065;0.6208922946069086;0.46034889048957206;0.6864192450978119;0.8954321166653654;0.43093949482953253;0.33484890943622136;0.6554974962910303;0.3563387874139383;0.5350102813332902;0.41060144320886205;0.5333502935865;0.6097183355431701;0.6064951726507817;0.3800750925946236
2024-08-21T00:00:00Z;0.4015954366128748;0.6878887379808085;0.3945822310072782;0.6091910950593404;0.46763483612167256;0.6047855250971697;0.17423052492700888;0.3873741777676605;0.7428886574048262;0.943449202736936;0.4748240338762601;0.6219965674487682;0.5130149929378277;0.39347728143573546;0.7115771913403771;0.6162629399124209;0.7476138100958235;0.6573320735891176;0.39518938336611237;0.559626594664913;0.9672393147024485;0.41419640372883765;0.33974687143529275;0.7744039998263516;0.3586246899308346;0.7511836067954106;0.43490326684317987;0.5681933404152303;0.7276131721774927;0.8752446826724167;0.6857815943091049;0.6041172103491014;0.4830347865688973;0.5740033081669694;0.676286453630669;0.4548549595524561;0.5314418917662326;0.7659187646222716;0.7129045349383165;0.8898128180924357;0.6901803099700766;0.6722035156759222;0.8701172214673842;0.8012578423633132;0.7587788663626854;0.6321919065234513;0.5717635191117884;0.5506752942004178;0.5806522796904005;0.3532526302650054;0.7228329412573498;0.6139574707274446;0.7318334665161352;0.395090633626037;0.3850661050900245;0.8676729241177982;0.6879881659050985;0.3914365821664557;0.6921076614827422;0.37209254829569577;0.40215163513765495;0.9033482171303733;0.6148503633928395;0.7263551959749199;0.5742507760984508;0.7704094275615679;0.8252179877267058;1.0267645700254604;0.7805485414204547;0.7766633023202947;0.4458073057203806;0.8599981195415066;0.3604871007687286;0.32118603913130306;0.7169525999506298;0.8371283318925126;0.8042012228980234;0.34197929838116753;0.5707692401014643;0.6082172835375913;0.34878939613466353;0.6741377886102264;0.7261437319453634;0.37035263064204615;0.5938336158495977;0.38378103676973446;0.7376751317792566;0.36994583667095365;0.5329879932907714;0.34603956979472;0.3180328154823358;0.6339508122852389;0.40338441794370833;0.37907444269399654;0.758612468972695;0.614003292540609;0.7676406264261159;0.5957444655752022;0.9518730680191642;0.43473931305083163;0.5639826226734116;0.520905483868551;0.31417147454464045;0.5962547397541675;0.5081573689309774;0.6671751870931638;0.7781133939539785;0.4014194047039303;0.5147303883289815;0.8428898900320604;0.6735093186126051;0.35841230636093474;0.48580945308847334;0.6093960825479432;0.3455386199685302;0.38565981156225293;0.7032498889527893;0.4134043333787085;0.36430737259848256;0.6562494694817075;0.5490921741513194;0.7637595338338601;0.6331994809049003;0.533376146511082;0.6629389136945222;0.8203631119621408;0.4827500259565516;0.445620320204037;0.6621475160393672;0.5981478918371824;0.48651412773813324;0.5754662969650592;0.5155696035313663;0.5975905485987592;0.9831182956414137;0.28204365817439414;1.0039699430051057;0.9110196902814515;0.49288779036264646;0.3805566127414818;0.5675261062717883;0.431698176033068;0.7384836937658664;0.8675081327797014;0.47750097148915427;0.4399112905675957;0.826796051743124;0.3526691087190574;0.48172061822442475;0.5189071022397046;0.43343419373908226;0.593737316913292;0.4753256363260531;0.4126270551360967
2024-09-02T00:00:00Z;0.40278409330929177;0.8184104163731848;0.4526678196364373;0.4979694894768975;0.4368986022858485;0.5877219750844048;0.27991306025368273;0.417158108256686;0.7353978660496747;0.8209838567343175;0.4662757153419806;0.6451387844348666;0.4598695274745049;0.4110656783870752;0.7119437649904975;0.5259952948729795;0.5473646738856935;0.4895357781134398;0.40724814599569964;0.7416017814942051;1.0514465270161835;0.42784887662200916;0.49687919248618295;0.7685769610513878;0.3509445877786644;0.7218746415927244;0.44860670454097246;0.4471648995258444;0.7504047977081901;0.9039936520486404;0.7005904604515392;0.5574006708952622;0.3638052962537988;0.5806963223164484;0.6619382515073495;0.30341968804174746;0.6944560786507872;0.6313979647597489;0.6303008596102396;0.4699414543421299;0.7824068375224066;0.7314040511671028;0.7671725936021285;0.8132715654764937;0.6028426844031086;0.6460955597345646;0.5995129661011336;0.588453142148486;0.6162511876090339;0.5402108311743379;0.741995101534363;0.4678169008472124;0.8427235432820328;0.4553151785296464;0.3683544118258474;0.38554253913989683;0.8590011466177543;0.48167075212128063;0.7349565107118261;0.4099090366340968;0.4341239182971382;0.5432377665319257;0.6117383264877325;0.8106143646295568;0.7411798122412242;0.6358571470364508;0.7840952899062331;0.9270556825465718;0.7882084027647904;0.7359795342063347;0.4373514921140053;0.8678197332689458;0.412930823005157;0.43475108480221974;0.8058729356933665;0.8306251258276297;0.8055581960286605;0.4216565875340604;0.5877200159073565;0.43754389106476005;0.40566807190762183;0.8135173679597076;0.4214123215055985;0.43042727375468226;0.5605414684849038;0.411749832961164;0.7757142968527154;0.4113718219162003;0.7302358528852463;0.38562623177967925;0.384707100651398;0.7952133140870061;0.48623931030796763;0.4491171513939735;0.8639508350438506;0.5997675619519397;0.7358661459918219;0.7582165927766373;1.1338285788696767;0.45061745890564775;0.7027025447365199;0.7167331846521822;0.35433134030829444;0.6822889499420667;0.611252565110383;0.6750099381300183;0.7105291084920141;0.43513121452511233;0.6228382832055508;0.923411696874295;0.6434845395349795;0.3187253151802307;0.49958691705869623;0.6875108171668317;0.3695600451429145;0.38485144408091965;0.5186446503424482;0.4475165820877467;0.40208192185784364;0.6267471672911953;0.5499487876107818;0.7883013773813337;0.7642508022562838;0.6642737706155235;0.6548731308639719;0.6987856021721516;0.492655419193504;0.4582516713570077;0.7844309411148384;0.748393821607339;0.5143753609891023;0.7834837212738198;0.6674422673424896;0.7057437301222945;0.8501019899739509;0.4375619579525923;0.9334838290130143;0.8709237251448517;0.5469059426116614;0.4113370472442604;0.7391136182444309;0.5433919204814094;0.9771550888602359;0.9407273054417087;0.4111185017893084;0.36205155247254955;1.0237853104352952;0.37101049770911537;0.5872904387189766;0.497074631380273;0.46302362588665835;0.7349121150129089;0.47979347533818695;0.5140069238173748
2024-11-01T00:00:00Z;0.3656016971750467;0.5116696175187826;0.4460490567014465;0.6004482579735471;0.4075753131821271;0.42017571639886614;0.34308215205146336;0.38617012068358336;0.48672478705697636;0.46776057950640454;0.3907544572948411;0.4089451853421842;0.5142990273860248;0.4193199116303761;0.49608923948583994;0.3840350754424391;0.5316096384511856;0.5532357400735601;0.3658340015876566;0.7440640797432568;0.42144514362181856;0.47303148466063305;0.6192724920729453;0.5186567725879806;0.4555627698859861;0.5352525977985588;0.4227968300294936;0.3024760716253047;0.3124970297546255;0.5259475672528857;0.7342292897555293;0.60076744709489;0.6095790204559289;0.6395906402174748;0.562872380702839;0.37547234956272835;0.7505532456831773;0.5215768424409722;0.7056353302110755;0.3920550477101996;0.6903406739906354;0.661954173861548;0.418179161184741;0.7605750457705739;0.5387992893975795;0.6876745334377995;0.6533717417843367;0.6472748143734026;0.8049057071908898;0.4449773893692301;0.43599950703280616;0.44806205708295554;0.43086165566471274;0.33355220783236594;0.38038397549412817;0.38555398494405235;1.0832633186083598;0.45917717772086863;0.46474056263109376;0.31601657452327864;0.6396466742501115;0.3999634012787841;0.418613650460891;0.5890637538638939;0.7194091730397979;0.37896437659680277;0.44101970471196233;0.4372140009238946;0.4732955764778706;0.5699516320298906;0.2960879980338351;0.4504891024641249;0.35108773020629097;0.3870435560043127;0.36835968095022736;0.5720999247886733;0.5775283856898364;0.2921218471336678;0.7550254799640936;0.43779738581686745;0.4095432525956547;0.47303530906403013;0.4333911559377151;0.6110966463362681;0.40698027842003726;0.7346394573348922;0.5138218425039748;0.4317974591987175;0.704590875610419;0.3375936805642405;0.3447424014601882;0.714348176529385;0.5861958022850856;0.4955201016129118;0.5450991451619553;0.6734356457092519;0.6577988426505992;0.4079665147030629;0.4481047173105242;0.43283952642863877;0.8519459447624294;0.602964103149154;0.3712247595741216;0.43201082319957423;0.6651675591522058;0.5820054750832705;0.36539795954316034;0.39720167285353386;0.7104268114007792;0.43901415662943655;0.3922241951974354;0.36131173504027214;0.381162799726833;0.5528894288223342;0.3969432547507717;0.39406328296414533;0.5112160996560408;0.46988357468733927;0.6044061252243295;0.4328096613934385;0.49242406122146115;0.41295276661651636;0.7652942440936487;0.4387728371513835;0.570737566756106;0.5318825057060923;0.4376387259019821;0.5703995480232876;0.678284889806999;0.40014733654377915;0.4700851995516996;0.7292389330258564;0.6563850087880277;0.38524296855443624;0.47287441911919487;0.5118264165769771;0.8851084808508555;0.5810596468638937;0.6359525577068754;0.2685043343144069;0.6556894732134364;0.40785918425740175;0.7022943456816111;0.5710746332975398;0.3809390914767026;0.694158155512585;0.7022350331147512;0.3758786122948498;0.702486652076969;0.7649589193264932;0.36757057024136425;0.7057286063044041;0.5089228128026972;0.6268099764490127
2024-11-13T00:00:00Z;0.33434826583076976;0.5228930319920718;0.39452703921859167;0.4333468890298826;0.41750125617029205;0.3937744225641823;0.29765468648944404;0.3633117417276124;0.40866529051640643;0.4344516273119438;0.340952181304344;0.40563716255128385;0.4459976041935976;0.38677886249961607;0.47043711840813374;0.3126427332782959;0.4711162468189207;0.45899345975647776;0.38347194877415713;0.5290040290606094;0.3305820447629528;0.4161741909957971;0.5635707726913679;0.48428028833938075;0.4186394132855462;0.46466534525410913;0.37213058278301553;0.2729959777707349;0.2879819297761232;0.40401360756229787;0.6220835697086048;0.5493214967765863;0.47076020338250407;0.6198121951510934;0.5589712519074346;0.3329241683339656;0.7622366379150817;0.5181917181985098;0.7257561050807899;0.35238340072075786;0.6281497799598974;0.5957446920689843;0.38526127200227805;0.7599930534942434;0.4448009891943498;0.6031420634609479;0.5900213723716007;0.6417148179827813;0.7415436591342783;0.3751309142926712;0.39313386396237165;0.4054391126442533;0.3963860223690669;0.41448765271563637;0.3364913412772211;0.3406387258273447;0.7614687539931394;0.41655958416182753;0.4167407585206882;0.3878875865004569;0.527628524920384;0.3672489143264659;0.4030004285771307;0.4839692394860938;0.7553836971481764;0.32938664310930477;0.34400081063769444;0.3973584421915235;0.4459453361431979;0.5207210663243158;0.2762234265078349;0.32737306945254174;0.36960384705667093;0.3342120290789848;0.32992462764658376;0.501286924587527;0.4655885915911716;0.2577277395109683;0.662311155844286;0.38874928414851767;0.416731504426013;0.33303164041880384;0.3454660234311896;0.4972248929734579;0.359468845095404;0.5240095321453743;0.4306539240513725;0.4517932211255429;0.7195870918824122;0.3087683937006474;0.35128361912485107;0.8152448116255201;0.5289330526955814;0.4409510581924337;0.33299855107703336;0.577365958100975;0.6970442316638745;0.32734296449982536;0.42453140706727;0.3800144913732569;0.8493813458950289;0.5623845254866088;0.3381895932086844;0.3719116470938955;0.5182986089277789;0.6433057170063982;0.3453718712905677;0.36214099481616474;0.6918781228332052;0.3700770718512379;0.30148858461672684;0.3039097541769574;0.33736849555553877;0.42493520500296256;0.4713305294740706;0.34171930403901984;0.4377768231896055;0.41129934509198207;0.42921245849222894;0.3403998422796709;0.5025981209424707;0.3744266296256773;0.7617262000990266;0.48654261111565256;0.5377372268524916;0.47515810302019157;0.35092189958875214;0.4724833497839216;0.623841324772623;0.3814909944154214;0.4282776883895042;0.7844349580463704;0.6696962432063215;0.34211567314696617;0.38654174426644755;0.4177537494477457;0.8039952912207308;0.4713347202969422;0.6235755846949735;0.2570391875961734;0.6118070531486909;0.343689750169612;0.6890948234370954;0.44329781205601226;0.40134242242134455;0.5950825230871833;0.7134265678289992;0.33433045687774815;0.7428735631547317;0.5383517858521799;0.36307454429216834;0.7087575488227086;0.47772641629024604;0.42780628150016564
2025-01-12T00:00:00Z;0.3146151329348753;0.3590368104566421;0.3679459431192203;0.4048887565732002;0.3267207851693515;0.36321625389247275;0.49002734163687345;0.3141808464836828;0.39060236718174973;0.41303366791649526;0.2873230805363314;0.3386996163304676;0.38863158145716464;0.317668879663466;0.349932886416905;0.3966585850374012;0.42189336964322594;0.36955109620332877;0.2958116657230208;0.5969792810350358;0.30461247723223095;0.3514928029680974;0.663976494047796;0.41386011302561837;0.3430868635823827;0.36981413028340593;0.3541051175421889;0.21024308683846493;0.2581675546090462;0.3761725557033604;0.6977488499666963;0.66619814016913;0.5267216155758012;0.6221349740967209;0.43466203962365035;0.3883125743830826;0.6856312585363138;0.40434323053156573;0.7463160344140085;0.3885531531545322;0.4671625519335148;0.3788748565801354;0.399212496019405;0.6222430403243768;0.41956846735307146;0.7090267821313432;0.6144989077213314;0.6458048623801489;0.7482084878905468;0.460925691194154;0.34621505901474237;0.33701529189431945;0.3790763756935147;0.35478483939483096;0.31036890338308454;0.3339165294322596;0.7222357942944482;0.38200194547573724;0.4274940866993987;0.2989161272981017;0.483447277981446;0.3732385825833609;0.3290401000461977;0.3512992455176185;0.44010943711412465;0.34122990479685866;0.36241093111903305;0.3668072810057415;0.3724415219134248;0.42036539001548745;0.29472426352395087;0.4109100212591988;0.2812555754899322;0.35663724769678845;0.30946459794520503;0.4657951249644969;0.4095031216351882;0.2797530225862079;0.6412435097538907;0.3442641269958811;0.44200186750718523;0.3960161320277232;0.2285246537198327;0.5631828845073711;0.34990477941767395;0.5494546140703004;0.39798285973945047;0.34429045791427293;0.4626455547474095;0.2768733422883289;0.28440892128962014;0.4722476073382598;0.5045445821574281;0.553739070292862;0.36012896759547075;0.5587908646863297;0.6997221950716326;0.38143922950177933;0.37429779295859883;0.3608582192241435;0.530867347035886;0.6651195877931773;0.4754996092295003;0.3163950518007311;0.5823001213005332;0.7411939479028302;0.39550566973036966;0.2978287315131209;0.4054994384238153;0.32951264656105883;0.3928338234857873;0.4245587373673057;0.2976178915690292;0.41697008376208583;0.4201427310610874;0.29324488791081527;0.392859699739383;0.37822087434319296;0.5016728557589769;0.3244767094941905;0.42058030238338545;0.3470048376766197;0.5333650253805963;0.48444018693484925;0.5116737007582427;0.4719381610205027;0.29731205895289103;0.5426095609481518;0.5884534695450171;0.29935100514665935;0.28856702715974697;0.6427803523978745;0.6574629233586691;0.2817082247965565;0.3333237750552842;0.5146640658753945;0.8190622416635355;0.46937760396570843;0.5216292157097502;0.2408847651493098;0.5330346640443133;0.3389955374632628;0.5338538484241263;0.4521531007999991;0.4406725879319241;0.6449735421514838;0.4687125283952895;0.31078392762158596;0.6511378637158624;0.7215914883385037;0.3601126915710422;0.5700870555049015;0.3531332616953506;0.6754658879165228
2025-02-05T00:00:00Z;0.2736509957768572;0.3444309559979027;0.38978393643460996;0.40433181292380244;0.3455254178086997;0.32539554093367123;0.4799814023384089;0.273502334391268;0.37304377554082674;0.3913355292285014;0.32964596325778084;0.3203679952475174;0.35771782511844485;0.3383112198174309;0.30201020545709767;0.34517357360926415;0.42894664551232575;0.37659986105227156;0.2767153330188735;0.5861697667619077;0.32524964936031253;0.32194216200410214;0.6360866673415599;0.4003801634094386;0.37067549504233477;0.39538812306955495;0.37804286868659537;0.18949663964730645;0.23254035097227876;0.3831128401626087;0.6447030091772274;0.6578721805842456;0.5168783931257139;0.6202458934960785;0.45930282880375484;0.4182702352763763;0.6461134179265562;0.3746137059522125;0.7472849782142374;0.32843697808087513;0.40946103886403773;0.35490140341239496;0.38163269225449964;0.5903406790522642;0.37614102228492163;0.7540065210529059;0.6145918644001694;0.6306486865672154;0.7065021235728352;0.44448571728978326;0.29052451785297284;0.30730667808078027;0.38943539106962727;0.3157365667056056;0.3064574791940596;0.29751534650769906;0.6580386516012129;0.3221097304732058;0.3942694315073653;0.32031096043708446;0.46174859477446095;0.4850551618147251;0.33565487310820735;0.3921259843684252;0.41964019014227305;0.39693976128690467;0.3319238038943552;0.36575744326429926;0.31587663326172033;0.4354643636766602;0.26094184310622165;0.407401408598763;0.2845802169137649;0.32895028612086863;0.27689818781304754;0.4149778780401259;0.3703616090829395;0.26631748529731253;0.5317235688368479;0.3534237958274998;0.4463293714861406;0.35779563442189644;0.22643190241245423;0.45165361953413713;0.32287901979458483;0.45117621378644807;0.409204790388355;0.4037482766159476;0.416436385097281;0.25481086373915823;0.2959522232967022;0.3994935377462376;0.44352763307692233;0.5973483518785725;0.3235330203744803;0.5002606734414219;0.5846854344758713;0.4433263498885913;0.35152160051478193;0.3983712427789306;0.3682438720689737;0.6135703587390918;0.534975838777999;0.3535498054176647;0.5535047406061457;0.6991682063581215;0.40305083258050994;0.27236165538028245;0.4088068326679353;0.42574841497375915;0.33828412966277044;0.40785259856779227;0.29194321244590427;0.4275810376144527;0.4813203673805719;0.2639062134532385;0.39350214506566855;0.3750997783040305;0.5343026334031165;0.3226959245945633;0.447435651601307;0.37011004392372304;0.4472086035602641;0.4109393435420558;0.5042472433860742;0.45857653848057345;0.26853856427457695;0.5307035615434471;0.5621676385725615;0.2978549816462444;0.290121174811126;0.5325502075618588;0.4926620385551875;0.25202693356518624;0.317709814461897;0.44526476865005926;0.8004022134386974;0.4929332642229948;0.4545400435317409;0.24962583678172837;0.36424368317304207;0.32594061579681965;0.3548452985831575;0.3707118174814751;0.3520640483835623;0.6228475075674383;0.32307625657916067;0.29166181696725957;0.6564780879507075;0.6690927871296125;0.35691881386517754;0.5559505713750227;0.3717007657144008;0.6257032468872126
2025-02-17T00:00:00Z;0.24958573605851594;0.3057671235076019;0.4240044269979351;0.38757146787536034;0.3752849845871752;0.3244941326581777;0.47493348618395653;0.24827197843540807;0.4094947086390198;0.43086023577689686;0.3060651171865272;0.35463508752556894;0.3926513850772414;0.35566514376213687;0.3015093865331693;0.4642318324568738;0.4139224866716195;0.410859691643553;0.2760250462505946;0.5826457016120464;0.37039971639252994;0.34848550614909296;0.6712737424865108;0.38424374833244074;0.26518191728997326;0.3853753156977506;0.2996902506442825;0.22883817169718682;0.2657930451473983;0.41601751849916924;0.659562209431006;0.6637329845275612;0.44978435244937404;0.6903508879802781;0.491979646222027;0.4518882647915704;0.6564093239279991;0.3800797553560814;0.7609855608334617;0.46695301809354706;0.40413079271688485;0.3474647609685524;0.4163968922714173;0.5557868640287228;0.3609547485837584;0.657412136662187;0.6002237493293459;0.6026888847387404;0.7726800408000024;0.4697393394253732;0.28803224983593073;0.29519169960547575;0.3590094582085183;0.32368210786178686;0.33668047194286943;0.2755825336478906;0.6175472516485531;0.3607756250225522;0.40977282574934554;0.3109849931465255;0.46497996284042376;0.5410292318809864;0.360943994402446;0.3590246460717209;0.40982010263541213;0.39873843457537433;0.3099798278439374;0.41401232026668594;0.32695553545684436;0.42550702111735106;0.3299094054733098;0.39491753387185835;0.296846014155045;0.3181165837497191;0.26577800983149147;0.4140725041971029;0.3456259716289176;0.26759975410883746;0.5739934243176176;0.39976817592335334;0.5552785772039748;0.3410231867930008;0.20262406285819173;0.472977208663026;0.35152212328891624;0.4558098468683995;0.3716885506675558;0.47453846604141414;0.4213570728833827;0.26039808620620913;0.3028223537280063;0.41671831610630145;0.45912993974383953;0.5152397982571949;0.288744499099528;0.5305637520484091;0.6149971355123386;0.46554585661891024;0.39883596662934706;0.2891610579548079;0.3592416477795138;0.6240152446971865;0.47612759706250973;0.40139535871416204;0.51544935229403;0.6372806815886812;0.3893153977268321;0.2631201046531048;0.4545668705851409;0.41965219543697424;0.4453507437168256;0.39045509701156944;0.2943624675377527;0.44225433644618883;0.4578042783703937;0.24795855476483356;0.45800569106459765;0.37259371394960217;0.5076543929423014;0.37022264785072484;0.47418719150366323;0.4133771916614196;0.46736244888957296;0.421047888825769;0.498256975690187;0.5372418913138853;0.2577679674764644;0.5509043874171915;0.512827431321691;0.27617930284961584;0.30483162520426543;0.5647708909802875;0.49740327408460583;0.2393065535473528;0.2914921504135518;0.4921939695211742;0.7174637465395479;0.4979591603222686;0.45185534493444135;0.23775882917890648;0.37912552954996714;0.33621717521146954;0.3779176357134464;0.48786979017248855;0.3329849959087494;0.6794164682837696;0.37311167138516904;0.26813171920587486;0.6405376512953576;0.6783165914412423;0.38051210565673205;0.5224301297611014;0.41637343626722123;0.6258641899147198
2025-03-01T00:00:00Z;0.35461153833022535;0.5179548141338842;0.5647289943785555;0.5363925888999351;0.5548235836956236;0.47352495022096985;0.6031962558308577;0.3610538686325993;0.5206150776084283;0.4754944931451586;0.4678510664199108;0.49137418106066605;0.5866900751113892;0.4667844251148813;0.37685605365884267;0.6076094683165344;0.503185405343435;0.5327533057745585;0.36672329240528684;0.5835652406256661;0.45912940029919314;0.4671798228991994;0.6692289821959585;0.4931133012017928;0.3840039913512526;0.4496633603456934;0.4406298201041992;0.32578681182625485;0.3779374777480209;0.5198543243059496;0.6847146549091048;0.6842880018476165;0.5611802118982973;0.6799132931646904;0.5309716406148127;0.5417999242101946;0.9384045097618635;0.429624092522539;0.6759821715217734;0.5776672653660789;0.7087877892427479;0.6923531720356483;0.42693141681619673;0.659772051829044;0.42979984671882027;0.6814484948996166;0.6317452995516825;0.6754590683957425;0.8133632433640622;0.6351460189031191;0.3962634278310312;0.4215327870158927;0.4656510767227735;0.38314780948380533;0.4382065732510249;0.3669374573820372;0.6591189104814646;0.4690516701793049;0.45132587794561563;0.3825964167262569;0.6669188549072997;0.533695761339609;0.47692851537226033;0.4747075270711174;0.7530258645316955;0.46143682521344026;0.39785717291593714;0.6083359177862074;0.4587826964639288;0.47524704433539333;0.40205105551458364;0.42733566867834716;0.3769505152298151;0.4153157582738403;0.3756874469159429;0.5128660312522727;0.45486223575329676;0.36657149266598005;0.6245929256681053;0.6063510020296334;0.7217067167563567;0.4669315380001949;0.25247156752953837;0.6830386951309457;0.48180102991632545;0.5988138387006529;0.4222765593050706;0.5331852787352623;0.7311528022103438;0.40335248388669476;0.4767652344573187;0.6390535632416994;0.4906043515394216;0.49421585057022926;0.35182147559824956;0.6815734638692752;0.6173012252886035;0.5882770725850717;0.5924966279859539;0.3834012424885735;0.7189696776895398;0.7305641123677362;0.48671969479483407;0.5064004594343228;0.541665118478412;0.6617785341416796;0.4111884819028525;0.3691205639791471;0.7474029403765404;0.46333218483323696;0.5121458126044649;0.5075547262451466;0.3649255099904607;0.5364043590888171;0.5789633270681801;0.3523294067302985;0.608226405159652;0.335530289092177;0.6294578163118916;0.4433837762141219;0.6024404869527574;0.5548611047250475;0.6724172723623677;0.4504637790114983;0.542974157076256;0.6584697973481274;0.345677535678128;0.6725292254117914;0.7850795780381731;0.39663669922477685;0.4596545740496752;0.8507933821692335;0.7612304040143667;0.3510563652556543;0.42864993660236306;0.604429422382025;0.7763537267843882;0.5863485139321389;0.721366425625598;0.3834341735632212;0.5820509530708431;0.46721155209249565;0.6750525308315317;0.585121899218121;0.37567743886847144;0.7234808701731348;0.5784755105300365;0.3704424010485992;0.8893731692675978;0.7089840657792466;0.5120186254227576;0.7903650085851053;0.6581972026152904;0.7525281649099583
2025-04-06T00:00:00Z;0.31840423267733836;0.5496531098649122;0.9243198904849939;0.8078814003503684;0.7920600628589001;0.6806340731161762;0.4260403472074335;0.39915604085996914;0.5017400271595758;0.41904475706604405;0.6158983850199573;0.6508819790301147;0.9914297354740889;0.713225556321371;0.4237915888547659;0.41764907048107436;0.41170383999385984;0.6087084904331007;0.42743103347213474;0.3982350770951638;0.3982615117729739;0.7966506558286536;0.5301810992972834;0.4458445083294342;0.3287481070464286;0.27818053511041035;0.4409490984234244;0.4238599125867766;0.6717211699555418;0.6580520826964283;0.7348106686954383;0.4808105264275327;0.2539646656586314;0.4920613614525612;0.6299194858237183;0.9704496135574967;1.1096651191339342;0.3402663539367843;0.7255812643861478;0.5762092005229758;0.705801247025039;0.701841431093051;0.6038150594788149;0.845192507538997;0.31072033187089526;0.7595621027191233;0.5012779703017484;0.4403601946359919;0.5342528389519297;0.38467488924092036;0.4713859012083764;0.42953774168501163;0.22998238260180834;0.5844641058571046;0.7300568347673386;0.42684920279164906;0.4370450515053055;0.430408501172721;0.2650726316627493;0.40323774833861253;0.5442417122683657;0.38312471615140203;0.6155898851100118;0.24989258645302626;0.9207161050219674;0.5034524740845855;0.3464061613945711;0.8697599990003289;0.346271960337902;0.8274489319706797;0.4742621399168007;0.2153563918324504;0.5918228566771251;0.3870570472592526;0.20494079647354738;0.3770975497497187;0.2719015857717226;0.5647870428713458;0.5602463123916882;1.0490581314788419;0.8917319049696115;0.24962431370196017;0.27423133175403686;0.4095250342953831;0.9620926556433578;0.4180873661412747;0.3407951013867655;0.8949879828549216;0.8516903322627992;0.7428002319274805;0.7437631354697667;0.8951980196837838;0.3210505432819219;0.34611552824287606;0.33114934371401067;0.412048234385532;0.4953063472797737;0.38466321849045704;1.0192519141731187;0.3863858148482762;0.8240592935088138;0.3571025790143395;0.2582904071213742;0.4061133903137253;0.3182409310759255;0.65833647700549;0.21103576227728696;0.4387532848886675;0.7880051434399206;0.33177861544762;0.32287678108378887;0.37611889460002507;0.47950968971325814;0.6749105662440454;0.8930461475548754;0.2597495686164251;0.9443104102311486;0.4449991510295079;0.40939929101918193;0.5179724521910487;0.8640032131042853;0.8164570419991165;0.8910407181648708;0.5494554733128652;0.6587275058031082;0.897656980659221;0.5951342505520819;0.3510445783753268;0.8942027371695401;0.6354224081666192;0.7326803607077536;0.9801575768023795;0.8475099738126071;0.6655357103646162;0.40015612631696906;0.357295962072183;0.8390469299308185;0.4299088442874987;0.8091475379196348;0.7006516031572083;0.7046734395695354;0.8416356930182181;0.8902403486328495;0.48038441212017935;0.25496466678601726;0.5421490329345681;0.7829156954067583;0.307068140197657;0.9884010019681712;0.5588165220471608;0.33671368447943195;0.9090157969238623;0.9825941878678452;0.599408288693428
2025-04-18T00:00:00Z;0.4079449968421118;0.6303574287419696;0.8779931775323626;0.7966700925166348;0.724520311240227;0.8249232707114023;0.5222521194080143;0.42637241434948564;0.5892567046716757;0.4889370357540315;0.6038752841374243;0.8223824598503171;0.9975017195042127;0.6411920418301407;0.33655816485801066;0.47863531331937237;0.4804938520018413;0.6923494005673136;0.37031973148284314;0.4792194757352575;0.5127985109243627;0.7407976260800271;0.5231436306015873;0.3828488803719954;0.3554930420108964;0.3706329992832491;0.450396667628396;0.47934424794620745;0.8563190651142527;0.6908321378336382;0.7157576687994504;0.518054878836499;0.45027347813025026;0.5282582903593561;0.5976994813369807;0.8558543056094094;1.058849649695263;0.4440244579640757;0.5273366223961587;0.7841979314856686;0.7408581848896664;0.7079254338320564;0.6701198231492723;0.8491412153310864;0.3237304554453918;0.5495304740182886;0.5027073357628766;0.44940813102956423;0.4991449746536946;0.5069317987664925;0.45547954504541044;0.3577489465017398;0.28010197258184827;0.7709106029217118;0.7114644874571654;0.39916445921373495;0.6043196205467662;0.536559429219721;0.32288924701835797;0.3953839181268937;0.462278371656532;0.4438600544454218;0.7049177497525677;0.3184420228635351;1.0516717339851618;0.6016723729398219;0.38102380541496683;1.1147201976279695;0.34529163326152995;0.8387933610116735;0.49763574607740263;0.35427250646153813;0.6660372700604822;0.3445726926368007;0.3667340337517469;0.4605891648292629;0.2687958131838011;0.6316881450680294;0.5634680675749464;0.9031106875207956;0.8176597260671713;0.293112713268825;0.4723517053511509;0.48494150370109473;1.013614129185266;0.42702251242628264;0.3370263503028956;0.9090159908246203;0.9286343029518722;0.7650034782634614;0.6349371174893409;0.8992302301564683;0.4460137298120505;0.5574017393667966;0.39379830807112576;0.48342064230621135;0.5038439052106707;0.41315524138242027;1.1155307425561853;0.3716129128636293;0.8362655183512294;0.44526840779643395;0.5602954428855457;0.4685339212200181;0.41547146147239383;0.5861599455256472;0.22101707789772232;0.4266966750108307;0.9306930901899622;0.3735819881576161;0.4376885022171948;0.3799242765003223;0.5233057403901529;0.48957443519555094;0.917973494010695;0.34837600139423747;0.9104871061195161;0.39873137515666923;0.4451089006103171;0.6222906072970724;0.8990277221257036;0.7636395476533175;0.8701599785094453;0.4407036951497981;0.5545524952270217;1.0569170998949453;0.5806981702476288;0.48413975386854413;0.8475615554974855;0.6405209737050969;0.7843981692495081;0.9307471166521236;0.9137400349183958;0.6590379534386089;0.5000649716634795;0.5108935380006041;0.8021654972904607;0.4983986751109788;0.8293283122113827;0.7530555584508829;0.8048037474785421;0.9212554197350517;0.8558644882441393;0.4913042611591978;0.2952077350081511;0.5229840042871949;0.8066470276277798;0.40248572337695304;0.9817655768803827;0.6007776650464388;0.3847899845231584;0.8860964273410182;1.0043572103352372;0.5832328915767779
2025-04-30T00:00:00Z;0.3785817058462846;0.7443653981600489;0.99092484177966;0.8788581610088291;1.0842316753621544;0.9239324408486418;0.4452887086965542;0.4004381969681656;0.7725348326408468;0.41412319070055287;0.7387471198033886;0.8538524680143809;0.9684105750554072;0.6777006373984857;0.34488599226170324;0.5505516941386058;0.4413513734624774;0.7468347414703451;0.37824610109517587;0.41342704628934895;0.5608845361267973;0.8764710727841296;0.40500377775072216;0.3165883069886035;0.4000863966417744;0.4056894660576175;0.5812056473451643;0.6347755476982043;0.6504471011768619;0.8913606127001801;0.7490772867341778;0.4179386209210159;0.3588980311337018;0.42767798718584593;0.6975864016357258;0.9403772786012831;1.0056779638839175;0.4272561798273198;0.5716339285115162;0.8651623669316667;0.9285107594618317;0.9091938545458995;0.7771129566567025;0.887763370090807;0.367025406165421;0.5824553480735135;0.44759754932968626;0.4561904341769897;0.5130020380748804;0.47572154018754403;0.42449630067023064;0.35289781507446255;0.37186842719497887;0.9668646780686958;0.6851572438569392;0.27275551798483055;0.49811144113126726;0.6620367291080693;0.38174782119662937;0.3651518863591022;0.48892193421847585;0.4251916193330598;0.8478704232682464;0.32951143128617155;0.9633661436484451;0.771904972949958;0.39776539916664905;1.0934070891508176;0.4790685925833179;1.0598402566769545;0.5590817351527468;0.5587056697941175;0.6955322466856251;0.3524600269949034;0.7910636608980389;0.40460661064513737;0.35111936880922356;0.808842719187502;0.5586703783022821;0.8819044676692177;1.0112447966865121;0.5226136804397764;0.7440025809309935;0.4398046766336148;1.0403114996927654;0.4059810398255694;0.4349734197042031;0.8797867630101457;0.930018954560045;0.7520223144338771;0.6889769543779275;0.9543280342839798;0.4334659619369131;0.4783380414673824;0.43534428870300396;0.4216155140428947;0.5493862383078613;0.4426118242628101;0.9256815016433704;0.4997982612779444;0.8607676366751339;0.3961620438866055;0.42921778670819744;0.45506448005350475;0.35850855622545846;0.5033932799543157;0.26009990946277156;0.45088425944241906;0.8843253910275014;0.49965554624606334;0.5238421924015857;0.335665922751035;0.4344146891798724;0.5075947139412165;1.0856746077461923;0.37803993561838334;0.8188182456521392;0.42380837352695866;0.4361979982059929;0.7466172553218194;0.9060423075182041;0.7147847617732702;0.9321990048742317;0.6045396455547194;0.6251857914555241;1.1621211538498128;0.7910142051281802;0.4174742316939001;0.8628957866932507;0.8463745703586953;0.9197390638199702;1.0445477344806953;1.0239195018173808;0.8511139358705415;0.7980724790497044;0.39348801123175686;0.9749541893853979;0.560279873945337;0.9376428918396426;1.0427935396900532;0.8833300483526744;1.0795473818760895;0.8769264058614457;0.5427802902956803;0.39869520061281344;0.5196113034033079;0.9403304935073395;0.3740020801400782;0.9969343683947361;0.47599261037485546;0.3994567296948459;0.9357901696596392;0.806092468031564;0.43499847171650585
2025-05-06T00:00:00Z;0.291215877833904;0.6357586301809592;0.9376381579310814;0.8317064006220211;0.9399977218239538;0.8585573205152698;0.3281492881618795;0.3341253742840163;0.744034628614166;0.35457475209462236;0.7179227501303707;0.9230008266005564;0.9085193089634586;0.63277284543264;0.27964100075513126;0.5679012980484216;0.35672673112656694;0.6545267590732705;0.3238911780797265;0.3556532813457738;0.5166118299456663;0.7703370523389518;0.35861802294864237;0.26924963684669184;0.3933642909860227;0.36841827492416157;0.5182919721260215;0.6210728955311587;1.00474617753168;0.7891602862712949;0.6592193041391498;0.43092663396139197;0.33657413105744377;0.4069888624622532;0.5817606882659104;0.8754672844084791;0.9867907041679033;0.3313358753200028;0.4873013199278803;0.886509867463563;0.8777553072931834;0.8249494506535442;0.7903836167130633;0.9294206362182849;0.267827470569411;0.4865288974613136;0.38332453209793926;0.4074805232444301;0.451875298065564;0.3758981339605307;0.3804907172476925;0.2967731198019537;0.3039125030239423;0.8194099233020097;0.7900769784415659;0.20375667313295684;0.42853492340028;0.6288321884755933;0.23445965386811074;0.3536784025795463;0.3647663652178753;0.4297509303138338;0.8850675033456781;0.3157078603671724;0.9159948313788303;0.7913424621767072;0.3507117464757959;1.2980227573236949;0.4648018783114293;0.825148773957967;0.4022449054027421;0.5954955635248416;0.6510900252699877;0.28975028055611585;0.7628387823015943;0.3630586719016907;0.3198631110279841;0.7104902399367974;0.49618550769604036;1.2834199983770125;1.0119545250923179;0.5398010566513589;0.7649517099539471;0.3604571810385196;0.8260103355193961;0.40559580195304396;0.4427707789242678;1.1668988564782892;0.8826758228915891;0.8098693412551148;0.718682183989517;0.8558734808266868;0.3377187818755184;0.3809806002582492;0.41138316515890144;0.3679059951223452;0.38941577699351576;0.39986018296864;0.7123566911953793;0.5099627452345736;0.903783666718134;0.33016987417434324;0.37713704986861807;0.4024055705579969;0.3288596770757966;0.369624686953589;0.2626256670259635;0.41055355714692876;0.8421025838518037;0.48385087162683343;0.4804525717939298;0.3742903459761442;0.28619999646546734;0.4744211340416743;1.054920647484145;0.31258302612887506;0.787778041730583;0.3691981833974675;0.3663758323965846;0.748563259861797;0.8484771590341221;0.8873503607691016;0.8898344812355764;0.4472498882076015;0.5769573140571268;1.117790343838536;0.7443200624124571;0.3567080486362863;0.8346548934064678;0.741981610371049;0.7757362491227312;0.9788835248167871;0.8889991702396364;0.7549511482865792;0.7866984428723353;0.3637318255607223;0.6647631884144064;0.4649437153908178;0.8398443331652348;1.0722888198418037;0.7720727451298268;0.9048284473537489;0.8924586751838002;0.46245984734026807;0.3398637533946722;0.4625582283730185;0.8528486132050931;0.32855248070197035;0.8519109178567482;0.4501656984652755;0.3859874081680772;0.8376691595992423;0.7919744935158044;0.42809795777619875
2025-05-12T00:00:00Z;0.35620978008701953;0.7284312782543046;1.034743972196074;1.0338935044678774;0.8939925275983349;0.8610419477610027;0.30157658433939777;0.3738807001078439;0.7762043901776533;0.33674619908950354;0.8230909256627096;1.07303598600301;0.908342855557662;0.6681529415596494;0.27261321393598337;0.6864891696693306;0.37895315181894546;0.7013481890848126;0.3538143245230303;0.3717767652103539;0.5951925912979898;0.844593655232861;0.3191340408727999;0.2895965762211523;0.5107732678512972;0.3562169815423023;0.6657846340802229;0.6601961596647443;1.1759681269193938;0.902033535446845;0.7513524354806224;0.4313648200692625;0.3194294326335379;0.4320117032652892;0.642094981412799;1.0321474247887759;0.789765165048383;0.3937691302150488;0.5964720003395917;0.9571073140485866;0.9235680766301196;0.929380890458681;0.7772568674968341;0.8486520632683674;0.2704070122529913;0.5492488953166702;0.43554589505836994;0.4353468815425063;0.455149109146646;0.35296577751004815;0.3360024000352467;0.3134653450540416;0.29754805487366565;0.7741857532678735;0.8053263938298394;0.21770158757033797;0.479182455590272;0.6331461121561869;0.24082231539131332;0.4198984756776214;0.34122683073618104;0.4263530788894701;0.979096675995935;0.3517712293046581;0.8221322414282292;0.804725447841205;0.32821240609614744;1.1424228909642855;0.6414873757277504;1.0292796837932923;0.3837939106860909;0.7490219047040115;0.7226045496967892;0.3007644994326486;0.7972163778999181;0.33788350514123244;0.4044955258757677;0.7459179326011525;0.3888716252709644;0.9455248266207227;1.033107485856594;0.4442376129788853;0.7729751688880752;0.3672977911405469;0.9299203303346436;0.32506298864372757;0.5036847279075842;0.899116187536416;0.9565726026389654;0.8512397643224693;0.7933972454655405;0.9359271898426914;0.4423370195913149;0.3438750790455923;0.36208165573543616;0.33772192896037495;0.47728402538713055;0.32954974937957426;0.7930419714357673;0.5677767182631192;0.948595249667105;0.5203365777389275;0.36579614068496796;0.37212045681201833;0.36836693801984205;0.4245577815617645;0.3291923731153695;0.48409908083429026;0.9168285424263933;0.4904560496864086;0.5361617996973378;0.3827527813489845;0.30622632803697036;0.5213046544520868;1.0742760271913763;0.3017346593775933;0.8909522954959362;0.42043800948846605;0.34693298675422746;0.741894380204434;0.9589686368164843;0.8224364898589828;0.9284800855765923;0.45899793683691364;0.674015087294511;1.2149568212528417;0.7838970192389998;0.31918519712133114;0.9330521676408124;0.7492658080429666;0.8219164518079177;0.9712427429057093;0.9832701011654466;0.8231816773709392;0.7821932512300985;0.3470150367377971;0.9229229274442641;0.40516025766309977;0.9243576792318718;1.00220413975839;0.9002090565352435;0.9746563153725544;0.9442162229576044;0.4283994241537135;0.2582354037249947;0.44642663161760743;0.8932476817131042;0.3674048208802399;1.0277200766551455;0.39101358273147063;0.3451799003213026;0.928115204125018;0.7564356504021899;0.393811686997148
2025-05-18T00:00:00Z;0.3444655887674984;0.8275580133710588;0.9837851664348131;0.9895058776107603;0.9475416925645643;0.839554771570142;0.3100220539552533;0.3919363281688213;0.778727724688616;0.2663699972333799;0.7659774740268971;0.9010191028327413;0.9018456804594804;0.6708504106504442;0.2988900411140731;0.6710633430602126;0.39821736759826587;0.6313662856732837;0.3323652136138141;0.33491993564792805;0.6500067754119655;0.8282690645374473;0.3105211768127565;0.29102778835651394;0.5092467243623252;0.3327240487924904;0.7248770814744672;0.6571618663367405;0.9218855481911847;0.7985884787223372;0.7673860549258408;0.3748736892260339;0.306554369567551;0.40805184383914894;0.5834466592295919;0.9591200220804984;0.7472673380077429;0.36632773238751626;0.520304675734773;0.9550236995051083;0.9592479327055426;0.8797031713526605;0.7318892400473991;0.9952272722418879;0.2469940910312703;0.46352335244094756;0.3738098330485559;0.42407072378791927;0.4680526623992783;0.31811524570573935;0.3803710764770843;0.29413435906565893;0.26232644953096407;0.7449941024672408;0.8192398673718442;0.266133087680927;0.4480910374840183;0.6574225903783654;0.25061768694652553;0.383614296498506;0.3243323529663945;0.4153863206852314;0.8042050321456246;0.32763516195118425;0.7144221404654957;0.7791905246709007;0.36742450504228696;0.8171749208456863;0.643015731132248;0.8983010680359953;0.3578620721065763;0.8391895522955679;0.7257359506919758;0.30248117243492145;0.4559931125758527;0.3429489889935334;0.5074559619763623;0.8614672100583104;0.34496424658416486;0.7039090829428061;0.921740357145733;0.43127768094158037;0.6958122315786539;0.3188949311750874;0.8692123709874543;0.3229778834812229;0.47124195035933575;0.5924816407963761;0.6855811740539725;0.8773407197069204;0.7869751763692021;0.9901068293640155;0.35996339699574087;0.2907062055677754;0.3199473142620547;0.3211625589387149;0.431136934859802;0.3317307681662011;0.754503605849406;0.605062694857127;1.0148401827260247;0.4303937368380483;0.29257294062462663;0.3254531392206748;0.3422168785320056;0.3498501707437552;0.38807522618701246;0.43563961444824006;0.6975780220372267;0.5109613846794164;0.6099943214302022;0.32947624341243986;0.326217475854169;0.4416468137959865;1.038269540241632;0.3327842764237097;0.8431235516425406;0.3907761390782404;0.35631094920577105;0.7856149548007085;0.8132269436487488;0.5580667994019897;0.857302190717869;0.512464092141546;0.5612697452724147;0.9706737739083955;0.7801332893299402;0.3578022023020716;0.948536654321047;0.8183022763028189;0.8450688235437179;1.0150977489899615;0.9732357431456893;0.8368144397946304;0.7888500819119706;0.379531191014159;0.6842359473644677;0.42289953896031673;0.9445584949513997;1.0569062865664256;0.8353342826250989;0.9712295360503564;0.8779370981922905;0.38582519952055844;0.2935336276258527;0.46067480337466293;0.8150452626504295;0.3143341222641758;0.9015172162049323;0.4304741306413304;0.4277662007963701;0.7276583004954477;0.7471755612498546;0.42295353997619073
2025-06-17T00:00:00Z;0.8159957645748037;0.7602217361330986;0.8151095417553864;0.6196470663721438;0.49934941986876147;0.379387264264549;0.18068062039207436;0.8149181792552519;0.5320815919578463;0.3877208554598899;0.4513055312265339;0.6797258485113162;0.5549663483262062;0.4663406960022302;0.6522655280691291;0.7375892597641823;0.46411444531142254;0.570999573475204;0.7299900115438828;0.21967951427742716;0.5887490624512398;0.4735525375151976;0.329195977964966;0.8091520953875467;0.6668254809087539;0.6940632664451145;0.6109477024033384;0.48624884131948437;0.4884862710884513;0.9157795745421485;0.741908189917312;0.35533897091624556;0.519251576764714;0.4209097308263074;0.5965380049160411;0.6609187934582704;0.6170362105679194;0.46762556414054746;0.5554239900413162;0.6058850912598502;0.8691587596287254;0.8247219899544822;0.3438346138683997;0.9000274036167922;0.5330747248921751;0.5885009728603482;0.3844736343735923;0.26808982749420046;0.36626461172713515;0.21236363208683376;0.7947550282390466;0.7072663454509719;0.5675718614631063;0.45844009863751967;0.3754910692584065;0.5015865773536174;0.3701567643735972;0.5861011697141172;0.7092715130670916;0.4736744022273809;0.37623169297179426;0.27213306522646613;0.49853311692251306;0.4224368072744564;0.8930531457274367;0.6279836077348114;0.5694154566579488;0.631960537512958;0.4808184524779546;0.5461867846721826;0.487972403796648;0.49016732111627703;0.5857654595700632;0.6795529977968969;0.31528926773864296;0.7462487720605175;0.33089494327479124;0.5073038385916069;0.4036892032458924;0.7767776658644686;0.42685962521170373;0.36544058532038065;0.4427359376552368;0.24033326161411173;0.5488883995625723;0.6767664963993736;0.7015712756330303;0.5763593507839031;0.694427592008866;0.4571609579968558;0.45834460064680965;0.9634301903183168;0.2671692872696221;0.3317216216263217;0.5685631017463157;0.729293113291593;0.3449336478123599;0.26519742417835546;0.4552148615342405;0.4847573364231539;0.9938048148793833;0.3436275041889712;0.46524970571637075;0.3355315016159501;0.46450451019144035;0.7845138916208978;0.5355356138227287;0.41539899036353883;0.6892160845056902;0.47957719851546227;0.5689498648176742;0.3239010922255154;0.7109818005078328;0.6274510007714826;0.5146416213235928;0.5744114104303703;0.5188665930655786;0.4190642524286003;0.18186388996055905;0.5887940774452098;0.9013385637861784;0.7197863333666128;0.8225022441245117;0.5221092893701532;0.6284065204479027;0.7108817985068451;0.8217937774730452;0.19958440821012663;0.8978422535264232;0.7448007463372271;0.7958400601368781;0.7121319970988989;0.7265198924945476;0.8742584574590807;0.8806559146575208;0.23549312206297981;0.723649598924177;0.5468927935967618;0.8371934111519056;0.8443851009278954;0.7802287395939481;0.7095043457536083;0.8878831847064781;0.42983749252384934;0.4278691227452628;0.3183620352477245;0.7821211903810501;0.6448725027100773;0.9162611558485696;0.2984050902227561;0.619066570708301;0.7048999386506395;0.7641939877919651;0.31333585624277593
2025-06-23T00:00:00Z;0.8031382325604774;0.7920915801474389;0.7773410624149948;0.5865279597278088;0.516241832610115;0.40967242668633946;0.2238101197863424;0.829648742848392;0.5573545342638023;0.4675870658479601;0.5966487438480059;0.6020980664721642;0.591290205340825;0.4726368760016474;0.7850645204073768;0.7129913888579049;0.4169944699051634;0.585885163961938;0.6754346872664339;0.2358840621033159;0.6029593007200215;0.4168692130907864;0.28662974774531685;0.7328627939628383;0.7770570814017036;0.8216767919039575;0.8278364877503618;0.5691210484003713;0.4200827473424193;0.7289768055870915;0.6772051618127071;0.28357116681345906;0.33609167027787945;0.34642021752655777;0.5675978084857725;0.5366060152162914;0.6293360719969383;0.6230937628045915;0.5275363631875639;0.5314159526195361;0.673520781695691;0.6296824456036232;0.3336127805879595;0.9356095119957676;0.5820685986429452;0.5275550564716321;0.30668581455291966;0.22441981150806556;0.29522098082187626;0.23160039731505666;0.7415035648286835;0.6969800380014651;0.5747657409458427;0.5271704814726521;0.40595873292064133;0.26951014110034566;0.3258959882153719;0.6015505473453897;0.6808781907268422;0.486426814838692;0.318527260968099;0.38441363773768283;0.4630537151011103;0.49702333625101536;0.6666572599577718;0.6887175353468576;0.6950675161725651;0.345573624045113;0.4996974895240761;0.6032176505752475;0.3152780028412471;0.4044591615492885;0.5012411062740959;0.769511694738835;0.4522140863595971;0.7597873988033093;0.45269294233804336;0.5257092025396205;0.4559047456976301;0.45798405760402144;0.6030331438372595;0.45682276224969787;0.43651793941650974;0.2311695410087961;0.4607912195408674;0.23406584649886814;0.37022778925488475;0.3868812278859199;0.6332890484254702;0.48068448871683805;0.37991515710436063;0.78241906060892;0.25371637315398665;0.29944152113203115;0.6494935092134334;0.290645361812711;0.47032719641901943;0.29254770208188696;0.34540734367549614;0.6832429838911285;0.7559930024746649;0.24327338326169046;0.20180234957882034;0.41364267749210243;0.3104177913435289;0.560560716942583;0.4130021717472829;0.40066474375664907;0.6896623138434155;0.4147217910486549;0.40749115910615424;0.40559202014286627;0.6601879511421377;0.6285346437569092;0.5392791720035065;0.6565235318202481;0.5110408004752311;0.43694435387885666;0.28403133021948657;0.6042538221408851;0.7832526226248285;0.6642758957540853;0.7538167172909663;0.5248407442284667;0.5283190246321198;0.5456905309394355;0.7405972294474233;0.36349595152081365;0.8844424871297983;0.6187461137151083;0.7133872706209472;0.6285658974944612;0.5301917362399907;0.8281170705773614;0.8545789792639384;0.2458831270333836;0.8101881416905828;0.618195284069153;0.7346048054572192;0.734397918432326;0.585823968886107;0.65563754449791;0.6384742601140141;0.4790202270436243;0.4479206739911003;0.3639836843415214;0.6162146168509929;0.6636963139968267;0.601910457249107;0.3474825463919104;0.6389290407309087;0.5855443313771832;0.4606307336766123;0.32991942921996115
2025-07-05T00:00:00Z;0.8583998607024887;0.7058303283272888;0.5749072197117012;0.6458404371205414;0.5936320152441021;0.4084942070104308;0.20887268804013728;0.849331164008137;0.6270580507770798;0.5144498277486299;0.6768080996153549;0.4798219623936248;0.6576859403828128;0.5022668122037168;0.7820177728666592;0.7829218754118465;0.5411212115545181;0.7104944294173422;0.7763176605741257;0.285218616949599;0.6156427748000141;0.39374581975590645;0.23346373608103455;0.7304821849534284;0.8492757572320276;0.8751243420361313;0.8428478253664529;0.6883269054640969;0.37512739291943836;0.6714719322251836;0.705802106047197;0.2800694551941994;0.3199499242115305;0.3393744011874815;0.5881060286277162;0.36151230575935506;0.6231891092533262;0.6924344732884377;0.602663146784581;0.4733991873824011;0.6532622937253839;0.6260629504399244;0.770573033006818;0.8682923568806178;0.63039803908179;0.616755763519995;0.3212491474066752;0.541604917878815;0.47261977925313714;0.27664454859759974;0.8125596275263363;0.7362700750634951;0.6126368387981698;0.7346567958363767;0.37315995812140557;0.1651958730309461;0.33851166664744203;0.6484286181491169;0.7465464048695348;0.49593470215705443;0.2772222302736942;0.3486608245602533;0.4804687325852693;0.5831833319747868;0.6414622293657568;0.6000389159281522;0.8340719181938977;0.336575327090182;0.6527595336633367;0.7239140546497177;0.451616995569868;0.4312556123072461;0.4015121219680107;0.833451011973757;0.5046401186440483;0.8518749475867339;0.5356219583190978;0.6196693685559327;0.41218226636233535;0.3056074141352633;0.42721774952470765;0.6189627632029077;0.4626365085615175;0.5125348328389209;0.5238340989835517;0.3561685910892695;0.28983028695079616;0.319507866840938;0.6329199529730659;0.5027803140342707;0.4020439820045604;0.6822357985202004;0.33158267981895695;0.3384233456665436;0.6436514955651653;0.1423347157674062;0.6126631646799761;0.46821305854642087;0.534471957463535;0.749904748857458;0.6517178996987952;0.23842275950357314;0.29309021548440334;0.5451809063849653;0.2800053404491456;0.30807848395792653;0.4976598994268633;0.40072631445182766;0.6161670019592599;0.4564422383368717;0.4530908328838675;0.29092976888936944;0.6416360167198915;0.6810534650857529;0.5966383067853951;0.6408789969253506;0.5342268983823713;0.41862942238830114;0.26038083848856597;0.6152446746315337;0.4634035420955205;0.5945012883438419;0.6659320196525887;0.6142726807407871;0.6855047142471291;0.4937441100744414;0.7490246810286617;0.21759390661458525;0.7369180126991037;0.630963024241633;0.4569328447349416;0.6680958889681717;0.5746502268113516;0.7994909612664877;1.0275651371862489;0.3242254563603988;0.8532213041039763;0.6254869737219858;0.7196194142020608;0.6694332344763848;0.5842123505756703;0.6739511889126116;0.6854916182930736;0.6061548093648492;0.447602381957464;0.38841327462713093;0.7137886139757651;0.6702026077000293;0.5916036669743463;0.640365298944053;0.6125435477680663;0.6009996672740469;0.377874234295457;0.21414425760775038
2025-07-11T00:00:00Z;0.792987880446119;0.7468119186463116;0.5700887126688706;0.721704254189769;0.5377331649062604;0.4373976951955736;0.30658653795499385;0.7228926611598916;0.6804263870556585;0.6546912974651762;0.71052264706835;0.5133724209220669;0.7086879096871571;0.538851263707386;0.8681076590295558;0.7914986606391294;0.6034624829456774;0.7165789459348271;0.8034204837803348;0.2543936547173082;0.6641505262265963;0.42680583612731504;0.23848627028515937;0.8130981943861929;0.8090503317729328;0.8615832532457246;0.8978871011494992;0.7267345037391717;0.39397731962581645;0.6645366254458858;0.671890809979974;0.3130263881751189;0.28880893190078977;0.32989594535458655;0.6085189122032055;0.3083896407965591;0.6369631577589805;0.7756287572418505;0.5287697961424837;0.4991573104660011;0.632552566231516;0.5589563327378497;0.3617751501349227;0.9088755868515879;0.7855626369018585;0.6012107425528329;0.38219556064992255;0.21480506144700062;0.3749758028365393;0.21164652328027994;0.807185300452783;0.7979202240723062;0.6611158181524511;0.7763089356929298;0.46513493249302906;0.2071627378639348;0.42113165781306283;0.7785549055085267;0.7720753713886931;0.6323295891823539;0.3526349733575183;0.6248849612596536;0.5714042687717493;0.6780913510930634;0.6530959718812211;0.6658258988730198;0.822971278791851;0.4014739384959367;0.7344543652604842;0.7041895630066854;0.2584858515773649;0.48483157639551644;0.45742647679572973;0.83928856834635;0.6107559152637787;0.846681241638915;0.6578155534036899;0.7665696040954674;0.5564133584284954;0.3224233167327069;0.456240245731928;0.741195673099088;0.6115773869340125;0.2269328810400555;0.6025710587528931;0.3796988788013282;0.47618187700779435;0.2539620063251863;0.5995775201801901;0.5304102428356366;0.4152853007422509;0.5836204556783415;0.3333815423722059;0.418942129191722;0.6769965273989523;0.17552653145465916;0.6645498771513323;0.5608888164017436;0.6117227189366058;0.6832473098576124;0.5364006088879294;0.2417385994793335;0.23755132417498614;0.666145266443569;0.3124220038757381;0.3268897986809589;0.552787783789195;0.4296619306705062;0.61851048335142;0.5313046898398994;0.49653726828338274;0.44524234032596566;0.6905906153270942;0.8262435873349507;0.5983425449776946;0.6985782109733139;0.6323571603855874;0.43281464315293217;0.34909958958677534;0.5059392796615129;0.5536391344399024;0.6366482113008719;0.8412249137087282;0.5262496856296748;0.6743603858907344;0.5299421872651838;0.7235575743520045;0.2545603885177296;0.8557848728917263;0.6275225973967948;0.5138429996624178;0.6337180147947953;0.5720596239856827;0.7688458850894965;1.0271132312252023;0.24284387738223062;0.9609441377420341;0.7217904685196344;0.8737353044781329;0.7078180437882979;0.6124879797614777;0.6928737429879243;0.6844939924569593;0.7129738345540114;0.45189791529010687;0.3005880768096161;0.6532225989646392;0.7042683077384694;0.5840454395639522;0.2881582204765452;0.7060816046555546;0.6120700659835614;0.3956830407820453;0.45735337241778146
2025-07-17T00:00:00Z;0.8389004278417773;0.780289332287899;0.5452639426971235;0.6244130749651726;0.6436767682282611;0.5377079847682974;0.32590537818700954;0.8301759843743004;0.6181960480982029;0.6585743138318906;0.8047541898969036;0.5271491535092026;0.7186923615994906;0.5567388799666615;0.8122377803388016;0.8222975853298392;0.5972197992974017;0.7271525420662216;0.8474890966183619;0.25590750059176853;0.6890556556573186;0.44063376030052226;0.2481601211758234;0.8150628376583319;0.7865804749871453;0.8806972278432346;0.8107815161629253;0.7614133108115761;0.5101570996757405;0.7024574313696437;0.6497713857767533;0.34567625959202625;0.31227528587760073;0.42444928759396566;0.620811732093333;0.39762063399029657;0.670740624953898;0.7877839778708047;0.49928982370703884;0.5588555291367426;0.6225301651494459;0.5902166287361206;0.4240115380239595;0.855525843311693;0.8320687390180026;0.6429877374985421;0.33229644387813734;0.30688379124654985;0.38740279374406766;0.2770577055905746;0.8105819381488477;0.8343585402106733;0.757133111262777;0.8626320254145645;0.44578627422337175;0.30322446935180064;0.3902095890457719;0.7897589552432317;0.6968730538620712;0.6150259370312972;0.36877605195146007;0.19594914643076664;0.6018497208927684;0.7330622755164675;0.6849349759675868;0.7447892580476724;0.8885731923640224;0.4223345861205527;0.7486490514659255;0.5686764824285842;0.36494986227778503;0.48795875232844127;0.48612235900217377;0.8373887237578284;0.6519443871400878;0.838358802532368;0.681147269147812;0.5007621363082825;0.2040944478236312;0.3146582917947272;0.4692952425901298;0.6640265294411365;0.6596840500230751;0.2761554253261553;0.49224224830827407;0.23381983591935;0.35411362780038924;0.3520804747506296;0.7070805060844426;0.5009032361528546;0.4734975152832178;0.7712654816513916;0.2868043598819858;0.16960429828877036;0.7383795645129815;0.2630276328137132;0.34449764140819694;0.5898579838910141;0.5653765123452384;0.7234820850559922;0.7761700525968663;0.2993852010550251;0.2368721811763146;0.7165703782534263;0.32712297886949776;0.38289303076437303;0.5515036618597794;0.4281493271828888;0.7674961330508476;0.5188798823182971;0.513619741996561;0.1644570339513921;0.6815880486793177;0.7677098670818286;0.6643470407497655;0.6868384858597338;0.5105733677828009;0.41199952092807307;0.16326112984891303;0.5031661099337137;0.5257271659951056;0.6415617792777183;0.8490104015895928;0.5227672926853838;0.6512895157132452;0.5495224541454764;0.5076767928792402;0.22443315317252582;0.7197613518376119;0.5158337280716373;0.5175633948533936;0.7782811009372076;0.5471694267779386;0.5341460184075616;0.5881190112811249;0.2597945820256233;0.7234294609685915;0.722198731293016;0.8933988432744829;0.563791901247944;0.5606862431720163;0.7659615708797783;0.8354097523641388;0.710619448897572;0.42403698684262836;0.31581887062367664;0.7823778336568417;0.7314449774900921;0.5688103408912868;0.23020990677602768;0.6004440071126032;0.8346101725145757;0.4181025604687497;0.5145194084309983
2025-07-29T00:00:00Z;0.8189030467354093;0.7582878619432449;0.4253319505633961;0.590032474380551;0.4104746859746906;0.4696765567555863;0.24958741885605054;0.7800017090163369;0.47043996909054303;0.6123252493601018;0.6711312483752793;0.5052816504294553;0.4546169678286678;0.5252849595342631;0.7950362775621097;0.8204086655209566;0.6049088911599573;0.6130739756294126;0.788318379901511;0.23534012123884523;0.5993805176853516;0.4605601258544279;0.19663216870599415;0.7810614355990002;0.8699351180397714;0.9132673122492478;0.9215573653841499;0.7816232022709507;0.4120590127470388;0.764926206803203;0.6017129537402367;0.3268993176594483;0.3637759076607953;0.3611618783256728;0.583285757843827;0.3607633553962908;0.5505040632974645;0.7944779759058163;0.5238308180714883;0.46690611854429054;0.5346458565812652;0.5260158446730214;0.3318552429416984;0.8738755170151452;0.7893412958387394;0.5886253859681834;0.32027019765622544;0.5530530753386457;0.3873112308909684;0.4482532583565608;0.8159555009638831;0.7526560313395433;0.7739217739315251;0.7971481902151123;0.42447622013533215;0.5486428552653538;0.36632777801418825;0.7362098922100812;0.7429226682237957;0.7592018208282436;0.22973611326539098;0.38809745136966933;0.6273274835624151;0.6809018762814169;0.5380782648274284;0.6940844708896545;0.8491714816560508;0.42153432164034144;0.72654601601893;0.526029758024634;0.2065484003403481;0.5014483966786965;0.45843582287636186;0.8653834531345004;0.6298498105542321;0.8495987504549786;0.5843798599863219;0.4604741183951432;0.2606236241436262;0.378465339749982;0.4069152144803433;0.6948591019257461;0.6642363322035715;0.40264735795367207;0.45269776897908354;0.24505065884571164;0.4143106886414579;0.4438288401387915;0.5161108091908342;0.41128639574128306;0.3976612975400137;0.5678154386174876;0.2612902447639003;0.20447288833018853;0.7516538667410947;0.46001465410745446;0.4750947434471664;0.5997389002491001;0.44859523544374647;0.8259999797075659;0.5358537300228361;0.3276732811610919;0.25026178723873976;0.6552002915577568;0.37232218867586564;0.38661452395746987;0.5906009503670044;0.45890601432566347;0.559863349055678;0.5245438138018279;0.51748266649311;0.26852115234885243;0.6424486139174701;0.7745384845935123;0.60254928233851;0.8040289372525045;0.5025662889790609;0.42741214687221957;0.19673688263508685;0.4095084027271636;0.4865928552211664;0.41097078615178667;0.8545937230098083;0.41565282182467034;0.8489491906245994;0.5863173369220837;0.45598681939447455;0.2402465660292823;0.8173899696778881;0.4576486080642919;0.44688881087149646;0.6003228937143078;0.504198046156976;0.43910676435754603;0.4849014791641612;0.2655698059278116;0.8406913933055155;0.7258975097764467;0.8688539755792015;0.4323187664052864;0.564997339732389;0.6563312285374957;0.6068712560277967;0.6968976262915414;0.39529156708297236;0.5151488683673698;0.5817970185039135;0.7244904885382664;0.5519326089014267;0.258485562234874;0.6248982465394386;0.5230848712792323;0.364472238918409;0.21537929333155723
2025-08-04T00:00:00Z;0.766372309964056;0.6505816139334397;0.46707165744476004;0.6808608210557863;0.4235402113090643;0.4561340561247412;0.22538571391304382;0.7538928814580914;0.4760199554581591;0.6348553354946656;0.8164748674760911;0.5874085775643196;0.43280973857502825;0.5542437626490743;0.7318693663579516;0.8383741389443728;0.6069382962307905;0.664646310324435;0.8332263797861192;0.239704466943659;0.5294865658349118;0.4678920829432225;0.22787572296996433;0.7628242627359919;0.8793006637686455;0.8662562497767455;0.9543339580072263;0.7594325513608994;0.4001395992199137;0.7287521013785835;0.6786388052844202;0.35017032411453464;0.3484705763181026;0.39522237820236106;0.5800969559383188;0.39964279234505906;0.6146856592795807;0.8556853688782927;0.5599427977595667;0.46906814869515384;0.6562629806319463;0.6564062934857766;0.22716353113521698;0.8285936076785917;0.9276168769160018;0.6568504107510386;0.4461672153158978;0.2748714945847384;0.36168989417252734;0.23474789143629501;0.7963421378053015;0.7655972871214893;0.7324239558591618;0.939733868329683;0.4447557828521949;0.6431070980556254;0.441875193384234;0.8012421924134959;0.699489433201229;0.6813351993043697;0.23547928209615415;0.4991790414852684;0.5711509539315136;0.6499474999694689;0.6611808150617428;0.5112788754906977;0.8038778394530778;0.4800306722108587;0.6899231600427337;0.5994359450063844;0.2616713484331053;0.5305889126749741;0.4601152644224471;0.8259351495613219;0.656994034545068;0.8311744697135606;0.6705245273691613;0.48227117647890183;0.285882045339415;0.40841824865223336;0.3966635240368564;0.7132162155423846;0.6398264132665501;0.34108097764786627;0.4717305924216129;0.2706239885517064;0.4821777513858483;0.535018968606682;0.6405968895388058;0.4625981137698613;0.41140182244893925;0.6285926172393511;0.2712831784242776;0.2302338737204717;0.713620869634932;0.45054279327455055;0.5467420175319928;0.6292101928804212;0.5019706508486101;0.8033759791560078;0.5917359533628587;0.2084028116667086;0.24010765412451532;0.6501322235268449;0.3344851687883494;0.46946285643304386;0.6140266541802586;0.4805242262210575;0.6415922614759293;0.49326625865197044;0.44007163577339936;0.1471463091673609;0.6184997754842043;0.7318913830356013;0.6644654558326126;0.7630390876181988;0.48169131798456327;0.3970005508347281;0.18113648623530124;0.44601825598260664;0.44141337770592504;0.3928014538395479;0.9826003720321761;0.5068930064206538;0.7626809281868171;0.5725970472938721;0.38718966175528136;0.24703817339673861;0.8406958018554334;0.43339849190825375;0.457739696474279;0.6421224059719757;0.5716583612010421;0.4895863168528586;0.4715075636664238;0.2687169124290889;0.7215164873216834;0.6993273980945136;0.9205952848945979;0.46031220727962646;0.5650254648112851;0.5275584908499233;0.6770048823029484;0.7235314187105044;0.3806258461459993;0.23838143835349865;0.666127359876648;0.733573988661326;0.5568864406348483;0.21392512800737803;0.7013563014198237;0.6217456268871173;0.40324366449634025;0.25442759747915855
2025-08-10T00:00:00Z;0.7661117717782798;0.7680478548481516;0.5108744222310045;0.7023205478986104;0.45307631486594074;0.502209618805759;0.26086927500509083;0.7950206412321325;0.5356823901394145;0.7113767681793653;0.5319975220677841;0.49188628380583643;0.5443853274714365;0.5164683874759557;0.7270436511866412;0.5751627286868309;0.6247594294742809;0.68719186940526;0.8361037060404422;0.26580360425576355;0.524558084384765;0.5030508633477817;0.24122203176185522;0.7753627624502076;0.602075391564982;0.8557423470804355;0.5526278900227162;0.5990838509237518;0.4139546129094847;0.7007930749080505;0.7020402786217199;0.46681932911927476;0.38232707779798375;0.44119744434024827;0.606992274198146;0.4706907400980249;0.6706603571496896;0.7797738149310603;0.5663095276228524;0.534357822510724;0.6397039120204644;0.5927640654593019;0.3152238689702437;0.811836728791021;0.8852799979193007;0.6159471867600205;0.5565656171399567;0.36508013901066005;0.39118617486705687;0.1659395783588155;0.8059032158503957;0.8376676282116695;0.8142565697242942;0.5553532997860409;0.49744110875404796;0.5775890771989469;0.48319554811617693;0.6095320752875548;0.7432810293498987;0.6706301154286239;0.32500806061300236;0.618567279773265;0.5380395275982857;0.7364513662563362;0.643235310571893;0.4971624366351678;0.8224401135882315;0.5734363462258726;0.6982820476007932;0.6674820332408301;0.3661786079458689;0.6157724212432082;0.5085671330530812;0.8338631062366881;0.7883439504143472;0.858686876436176;0.7097902503614877;0.5438440462627349;0.36266348799040843;0.5021648294451244;0.45876328298588176;0.7631374648348852;0.7332182369468578;0.39326556225812703;0.5341245645895103;0.36244196452232946;0.5245283952032458;0.4879294783495274;0.6339553231679477;0.49684804393152887;0.4517206526407077;0.5711417582159065;0.3104129017240346;0.3338628176305596;0.759106125466415;0.5310768105656046;0.6526676175161161;0.6131763854829752;0.5540711138198582;0.6327620533888407;0.5757809761871764;0.19338847477151;0.4835541534355967;0.6400943355811926;0.40476970487225034;0.5928637784702876;0.6214504565885836;0.47741643302416137;0.6098618019923232;0.508392294249527;0.44534073040358535;0.1646674399017945;0.6379183637488731;0.5508399017175925;0.6899215557837978;0.7511224013854865;0.5067665731027418;0.37834111219577543;0.2325855234830266;0.48436248841252616;0.6238272632816597;0.46532764722934516;0.6537504258908724;0.46391750768022244;0.7727359815604157;0.5392928499100416;0.4325218793907852;0.27464663210472834;0.8553415249800309;0.4784051142178921;0.5091125513125518;0.6118615058802512;0.5980054390758996;0.5105986846272651;0.5260824674317345;0.34503054440382935;0.8426403889530584;0.8243250782822784;0.9684259538239584;0.4852728441885008;0.6228876328312785;0.4798886220020647;0.6472529160901955;0.7267402574889376;0.40269167620468094;0.1828157368288961;0.62327011336629;0.7627660268908801;0.6016651409358277;0.2420190560568108;0.6299937055960452;0.6164955398857185;0.4577755753504429;0.34735388533996986
2025-08-16T00:00:00Z;0.7792395648469741;0.7442295749982198;0.559472753998485;0.711102404016437;0.4574787474340863;0.483261513412168;0.268879025361078;0.8151229262222132;0.496633941975571;0.390263278439828;0.4317188386036002;0.5547593484822116;0.5444883298473198;0.5166159704202608;0.7555948335898727;0.4993182569742203;0.631047343984965;0.6987188564537862;0.8703820238535266;0.30627278229857047;0.5009092174663445;0.5104644847959675;0.2531784724934138;0.8083114489354382;0.5048351400957899;0.8699602041017366;0.5377235705359437;0.5081741425602537;0.4062973777753659;0.6346095140367449;0.708794535605275;0.5791069402854045;0.39978279479254886;0.5985382366891301;0.5935844368388737;0.47568671300828497;0.5959543706368593;0.773386659441053;0.6116237296598164;0.49062050131928797;0.5893458631099798;0.5225188266421626;0.4388019113991081;0.84445057684016;0.8525000118903134;0.6339228479524793;0.6756634295596087;0.43394440546205115;0.4226815242181143;0.17185754748412477;0.792886021816385;0.7539768172965524;0.6025154945647219;0.5745577853626173;0.5238673835533609;0.5771032459531833;0.5324328755110891;0.579431738011801;0.7993035601532977;0.6968667538960774;0.33296976483846025;0.6117925576276557;0.5331185695592904;0.6606082848760066;0.575376855534484;0.522376774764249;0.821803859021813;0.590562863179855;0.7726823017900784;0.6277567343405116;0.4324606753161926;0.6640565644869395;0.4867062178403582;0.8590356226142608;0.5233205418191527;0.8310472258021462;0.6723423726092714;0.5432655688192024;0.3912747504699075;0.52700045149593;0.47706546709896663;0.7372201631677912;0.5740259762502168;0.42669065066332673;0.5234029845895097;0.360483806967475;0.5412214773444542;0.5455103404199083;0.5571217599983757;0.4893253266195681;0.4608900582025614;0.5130008695818854;0.34523254285352145;0.4104540560621397;0.7553604369351034;0.5220309514982617;0.6737918834610563;0.6237861551140083;0.5614241229784271;0.5386196484949297;0.4597869210646746;0.248991832459975;0.5472490034474368;0.6494642873043667;0.4125632824564697;0.6007301698522428;0.6411436725030853;0.542886297189146;0.5393328638460803;0.4801533133208733;0.48159309902939296;0.1539144814143115;0.6807122960235628;0.501652226601233;0.534552348948945;0.7662013743267134;0.5293052919877941;0.43065488167324134;0.32109621030030927;0.4769806189148247;0.6313342958306655;0.5851633699143715;0.6246698347309758;0.5632044970341351;0.7836620175176197;0.5363212104895024;0.48722461173011583;0.3093334597856522;0.8256267667559448;0.48126615342022716;0.5520503407799822;0.5142758161203241;0.5167317387652365;0.5244898133867809;0.49332407909699144;0.36508082068687386;0.7730575872504193;0.6305634819021478;0.9902756270514275;0.49389150767286355;0.4934790235019707;0.4774921586225165;0.5383368087958266;0.7307880011421662;0.39200160802495115;0.2066093985549547;0.5304639179613337;0.7762072073727733;0.5485648355941698;0.27930070793285816;0.6332758852348822;0.5552092654258155;0.4793780885184591;0.3981483603938151
2025-09-03T00:00:00Z;0.4823055844686248;0.6881773039805803;0.5444865566118365;0.6267727406639041;0.35489482073648737;0.3668012212930252;0.2056249449295657;0.4506150577107773;0.3802458190541259;0.35082752319768606;0.37172879713277024;0.36274257958607087;0.4601232816696167;0.43777032138232425;0.7561550447533253;0.43271663195189686;0.6909666374631079;0.4903702898418668;0.8230411932839976;0.391823912135263;0.4134892600727427;0.4475448927264325;0.41258327644170584;0.8544544169994955;0.4157588224709034;0.840391535894092;0.432225327526954;0.36240731919958535;0.32409114396543637;0.4178545058293398;0.6397810432006164;0.5257094104657464;0.43151225430256007;0.5144632206115548;0.6553183334856056;0.33064917065871674;0.6662051201033558;0.6582321459619106;0.5768575945238429;0.42361144967043096;0.5722946457549657;0.5756608450074967;0.4132953487827477;0.8226726354561119;0.6567669779389769;0.6068617906906338;0.6779975286622655;0.42681237397522764;0.4701209632537416;0.1604430987076326;0.7694683602273497;0.4621504166125905;0.48895121776327793;0.3963198639710995;0.38782309391482045;0.6333074516009706;0.538451066798292;0.4333810425466961;0.5634636483192443;0.7592925827576084;0.409357488155365;0.5352358537704446;0.39046671525472293;0.7164006042661089;0.5429079401762861;0.37777208827414355;0.8480900742504145;0.40751578741200445;0.7601709266728025;0.7282388327937377;0.4403126670830237;0.6573197506095245;0.4498274765226843;0.5688133096393491;0.30274030687481474;0.6923412167273861;0.7192498281209365;0.49666819922585304;0.3837574738203964;0.3753056099871721;0.3905036235407615;0.6937901022276659;0.39433585636717783;0.321347075643476;0.43536605363205283;0.4575036760821945;0.6457122943450072;0.340410855424598;0.6150297068498739;0.38756689368447117;0.39465083709826654;0.5940556161816466;0.3490398634495746;0.4145401749524925;0.8014689014499935;0.5009431326269203;0.7116773184993274;0.655793464143853;0.3840967253466283;0.36278153119189366;0.5598859296587413;0.7051786495682336;0.37556541671789123;0.6449776050686774;0.40283268046433524;0.47550319178620615;0.40497953122792546;0.5700309291543312;0.636547112936415;0.5076811091486203;0.3961994244490934;0.22130158072674028;0.721248039146865;0.4499467170864179;0.3278757381248051;0.8505004300021;0.4799358125875486;0.41324799832487286;0.24126285607505968;0.36565171915222977;0.5411718051941669;0.3674496056373454;0.6702040315445602;0.5968821356520382;0.7862296380688635;0.3930888285828973;0.36622786009684205;0.36144494979065644;0.7838206572205196;0.4057958120010733;0.44178711928236497;0.6421521240807357;0.5598575711818354;0.3843975723980414;0.3762693943334682;0.5517644090836792;0.8670637670871431;0.5467532634510139;0.5741819834333325;0.3795533960629366;0.6023643834226506;0.40647634206049343;0.6013995848792982;0.7431327144280397;0.3701859459399309;0.17215254841338737;0.5768276810788879;0.7482044129245802;0.6066531631963205;0.2394578949804755;0.517934982493174;0.5984370068712463;0.6307178038229075;0.34851197244493265
2025-09-09T00:00:00Z;0.6236771170519824;0.7423785192625864;0.6453333729108077;0.8005218584616263;0.47211535653520015;0.4901124455995554;0.4049217707409278;0.6270515753616517;0.3658564763576216;0.45677300918197017;0.4850775197297833;0.46703541318769143;0.5345661528140092;0.58927102913075;0.6776511686916029;0.5032017021118341;0.7374041472162519;0.5902918062785336;0.8075321322307564;0.4431502426024547;0.47124047355689713;0.5763266970835274;0.4855914088156858;0.7234630817528395;0.5760102169871572;0.7426821475856362;0.5497148872619897;0.4895744238718808;0.4570218089742311;0.5525742415227409;0.6747452526068201;0.5530410683530522;0.442316882742859;0.5844669891231893;0.6239696820651678;0.47082829381305474;0.6919586088121742;0.7607378393035977;0.5567523579275797;0.5286118954758203;0.6647976315539816;0.7639751453732335;0.4487433171770117;0.9394404044218152;0.8023355461302257;0.6449539892296087;0.7252995904945218;0.4725070544495815;0.5518281623675554;0.22366432918637408;0.7773935643508453;0.5631690529862279;0.5047749271093815;0.5899911223436302;0.48900248664355994;0.8249896657675044;0.5651186971341149;0.5417291289715446;0.6268001276811451;0.8163129916311773;0.5710162938474016;0.793105165182158;0.48411137509234076;0.714243887688022;0.6735521373045188;0.46340426758699044;0.7545804061730355;0.5395227581970927;0.7843088597324455;0.82582558186005;0.6631025988511191;0.48531994231120507;0.5154546702030036;0.7194925135300749;0.4149763479097052;0.7311211794779532;0.7376469624342864;0.47471575680000533;0.5849128334686674;0.5164206471929582;0.43587842938984445;0.6991872844099999;0.4443120728912634;0.4958703412250369;0.49059405751611995;0.7285140305692424;0.8158697703004103;0.4694822088722543;0.6941471706174096;0.4423689209879973;0.43422265640612073;0.691709987170556;0.46637704808138103;0.7806412489447958;0.9310240377169504;0.7286275585784632;0.9096152086760053;0.6741533624393516;0.5241171170718375;0.45869566925348493;0.6390778915020838;1.142679056369469;0.5131550887358606;0.6754867653719151;0.4589789828307648;0.7480243747632811;0.3594039088113892;0.635808635682017;0.7149456985509235;0.5193352630720229;0.439275956084185;0.4856425714995219;0.8348049488860172;0.5605062357976403;0.4353307006820904;0.8248921004268621;0.6418389500751172;0.3714670767591379;0.5002893454088838;0.48969639740974;0.6727966512897774;0.535207190272828;0.7294746609876782;0.6197053007297701;0.8991906355050477;0.44995816565598223;0.4401612211609611;0.4166343064394595;0.7789357790678013;0.457013272868985;0.5811469478056238;0.7109861706903843;0.6783635900539606;0.4539275033153963;0.4415311798017131;0.5721435691986962;0.9059279307723045;0.5438719132074542;0.7270513716417389;0.48262569748237055;0.7102259901639457;0.5093429941728068;0.7174190306349805;0.7885040476429809;0.4076415440960192;0.26681543166566757;0.6841800810339359;0.8208505993238889;0.7155573476472041;0.3042702317965005;0.5750079427064557;0.704881399165211;0.7140992621956074;0.5655751602292977
2025-09-15T00:00:00Z;0.39669911422439524;0.5808365388192992;0.5460002833510762;0.6470308508836862;0.33134891243294035;0.3803994250317786;0.21968028029971015;0.3667670843751323;0.34857727171140185;0.3711639018831672;0.3342185760470661;0.38193665282053696;0.44927973594124143;0.4152805911895497;0.45003082024709173;0.4626704511939147;0.6764983537329408;0.43980456540316354;0.6293350252291714;0.40928085224200955;0.3990249575202861;0.4585100628954499;0.3902899632495006;0.4139194881541599;0.34153468270854254;0.6132178360776999;0.41308512340238945;0.35008206846939943;0.34227076759220626;0.5080881062008086;0.6400987734904094;0.46669036594250063;0.4442492140811768;0.5283446062779252;0.6238733048597801;0.3301382123430248;0.5848725463086317;0.5169292136671997;0.5421991121201288;0.42990187361820287;0.623634917183456;0.6378393573105748;0.3782890804714682;0.8060227019764553;0.5839774171803512;0.6216568786506504;0.6659618784532403;0.3647944721567437;0.44972439405387654;0.15953867506306127;0.44516853053498334;0.4753195702924324;0.3775967600472591;0.45488425048310865;0.3846574849692675;0.6550277266513603;0.5372100345544762;0.4136189025054151;0.4654501411950949;0.7939050356066839;0.4186346145772444;0.5444554805714069;0.4063925416620289;0.6144115517536799;0.5397288777125695;0.37208047545703743;0.4891910318835291;0.4263526861276412;0.5857950593841879;0.7267559711777029;0.42976193505359345;0.40526102680543996;0.509615563981529;0.409562673660012;0.28677263861749863;0.47734462315173454;0.6944851273006493;0.41904181113474753;0.29295229924742977;0.3947790617515547;0.3619029304071976;0.6698970330335601;0.37319278144658646;0.3521806492594075;0.4415174468202887;0.517000355403585;0.5701159142875386;0.39532927277251184;0.5860129212870003;0.39220004373571127;0.4231793242703441;0.5280629416142614;0.35829496006094047;0.44277011640287656;0.6799446522277912;0.4640769912829227;0.698331747622885;0.6725171878706893;0.4167584754440315;0.36657663195017703;0.5190120703565192;0.7188446649461051;0.4121650829656172;0.58925476812628;0.4266006066300237;0.465746140691288;0.30251561507380514;0.6067175012841779;0.5634674283037998;0.49023871094377436;0.2838541937302221;0.17550951761456832;0.6570965472459249;0.5469538670489591;0.33198562835113726;0.689722476622888;0.48399594733946544;0.42630242441494953;0.2766579409117298;0.3902140354770937;0.5488508567932717;0.4016460637230883;0.5875878278544782;0.5480232959208281;0.694412848755215;0.34732816930304355;0.35639608522746324;0.39137160721029174;0.6605089259847792;0.37017759635828545;0.46256504385583286;0.5894612326298115;0.5494316533922784;0.39290881869977556;0.3630420657304617;0.5278876156290472;0.9642853874805545;0.42290756390067274;0.5187124987576949;0.37396445871294975;0.5585061467683582;0.4201401701370875;0.6600592376250359;0.7256595387686918;0.326677989808046;0.23961281058138717;0.5806743004161706;0.5441379905512261;0.5232511259583348;0.2226794354811818;0.48167925978579174;0.5783383528656683;0.6995686554222023;0.3429772666158577
2025-09-21T00:00:00Z;0.41166146326150366;0.6528989271308384;0.5593731714383872;0.6335158786032258;0.35168090583098055;0.4175392105981023;0.43172766950898145;0.37444463892038476;0.3304695511358024;0.33533545438734375;0.34230521813835074;0.40239480381786097;0.4455840157786227;0.3989752003993387;0.36250413949760635;0.4296936894671217;0.5355469847732832;0.4549809437484914;0.45196657754312336;0.3774310989757896;0.4253232362728409;0.44041943637020137;0.4105477982328766;0.4252508898223112;0.36409549622405923;0.3832612344183123;0.4315328220138033;0.34067884145327293;0.35344293636494667;0.5045516718166612;0.6651592505221464;0.4323072151105859;0.4490381224549797;0.5000703666977222;0.6117820100023829;0.3433035853664531;0.5423673643919749;0.49442611390449964;0.6018062876135695;0.4137160032584206;0.5596030445435108;0.5091400461483605;0.3977456890646264;0.7727724678294603;0.682737783699557;0.6637677108387338;0.6358327385897169;0.3720739230156622;0.469896562192167;0.18414025448914476;0.4279646280274511;0.5037159432544931;0.392835061543454;0.4345616341718364;0.3727473829834849;0.7162084565793293;0.47896531026728534;0.4050123592342329;0.460846493240469;0.7735285578218437;0.5825107240608492;0.4683615190483803;0.4202514079451321;0.6019499251837672;0.500458063834685;0.3783488904368387;0.3934060905611579;0.4553739205578321;0.5710735325533224;0.7811890460594356;0.4168846147004948;0.41525388070464514;0.5928394294373791;0.39772917257011214;0.29282785504150144;0.4796779144478448;0.5431101017229187;0.38135835297120724;0.3263502304594527;0.3707617260279361;0.35067995423623866;0.6220918669450012;0.36281926160567907;0.36482028194982513;0.43265819741833594;0.8218926888063446;0.6284492662491497;0.4521741956101414;0.5319393001611417;0.3907116350433361;0.42690679001126036;0.48714737631072685;0.3847750333373342;0.41920013691577607;0.39264566240015997;0.7312492568645093;0.6361864313065038;0.47100661103313063;0.39835054342682263;0.39689476955426883;0.41146217620042425;0.750408871308617;0.42191881940638687;0.47160663288291554;0.42201961919923425;0.4846868600978898;0.30911267475978815;0.6013826463392278;0.5054261458592141;0.5252336456489594;0.3243739867420024;0.47492706948755253;0.6202121673983462;0.5259982374807198;0.3458294197997881;0.5283337865445832;0.5010078923020622;0.3848961396763722;0.30884232067084016;0.40218190238615276;0.5544310670190302;0.4368843059055507;0.5140906333551842;0.51332110710766;0.8325522434380319;0.3392849197473719;0.3510190593607893;0.3741745987452592;0.6407447036122903;0.3628428333177083;0.44810574721537616;0.4889482942988933;0.4712771725166679;0.3857899801117001;0.3776389260196461;0.4193662465808968;0.8474248611090476;0.39981762133612725;0.47300847450300276;0.37502708767248943;0.4913577380828386;0.42888869920101413;0.5405188422551929;0.670390318266914;0.34542207241679435;0.239610107704895;0.5293243485907984;0.5630260450742451;0.473837754647597;0.215343365331088;0.5222908451608042;0.5062083647561023;0.6977866615085082;0.32437638870932917
2025-09-27T00:00:00Z;0.3936056933313046;0.6368318163922855;0.5119182498313418;0.4665713714248866;0.35361747407697336;0.3639096564630656;0.3687315278500318;0.40022393045200794;0.33327733633888496;0.2879739809198135;0.34423448024773073;0.3523909403657797;0.44225577297547747;0.3334954276550277;0.40191998467868334;0.4328476051816683;0.45423882288599055;0.413583752546862;0.3347752009967409;0.4006733884782374;0.3932726437591528;0.4180895295568151;0.394579747220667;0.41931607645792235;0.3594283818897575;0.43274512537047627;0.4084435560053182;0.31292932307403776;0.34465301133482334;0.489312525939982;0.6632411655275121;0.36950232696558805;0.44054137411803457;0.43323643211363877;0.549590126497814;0.33071123572337346;0.7875732553646378;0.5338365817590366;0.5666235484663518;0.4047887655903858;0.5947328643198185;0.5745108043721253;0.39550774459869653;0.7536410562029467;0.5969505246403148;0.6296011027517349;0.6109464581634982;0.31727433529723015;0.43584475577023324;0.18371130656057075;0.3843696414037054;0.47419279382820867;0.36737853928275827;0.4090480412015263;0.34431644551438795;0.7692874815635463;0.46367888420820236;0.3917200041003525;0.40454600202409846;0.8715427889748737;0.596677382607103;0.45409189665960115;0.402929579959281;0.5086039439129998;0.5231265579487707;0.3681854276427095;0.3795885158908023;0.38762697188044115;0.5437035262010934;0.7332663819237538;0.4262622680675139;0.35532980435762185;0.512464292560395;0.3744002342370341;0.27737224189579124;0.4235126782557933;0.38190206562587786;0.3534575066237794;0.3869063013661517;0.387441764929056;0.3238018126827357;0.5165279849983815;0.3624639676756938;0.3753515073455311;0.39643906456417266;0.7493537521271006;0.7781847715514704;0.3581666207133696;0.5360626380407734;0.3458316404584013;0.36104910184254796;0.5265782440327248;0.3533576697986991;0.4391019258889505;0.3916347229107711;0.6886820585385665;0.8213127943338153;0.43538513693427633;0.4084321413810396;0.33985414671995956;0.4744505557922873;0.7461551404321235;0.368807963596978;0.4280086900462003;0.36902229550408816;0.7481053253691423;0.32778882470962883;0.528349595688267;0.5119422739568139;0.37792067211245856;0.30509093095432605;0.3757253763463526;0.5682605911116657;0.4927630138295906;0.30971853811074074;0.39368568748906496;0.4581754818586339;0.3679188739878196;0.5323509716571088;0.36946439155367594;0.5303806360653247;0.36594124930510247;0.5396753397954773;0.5301845437732705;0.8117237794265318;0.35060899331216877;0.3724354151125324;0.36282679294757403;0.5632082614242847;0.3394021267018701;0.41146661099138526;0.512573037994368;0.5309663703030721;0.3574953784437087;0.35543779974892026;0.3804623523029742;0.8029607674654793;0.42543927554079614;0.48447468862391574;0.3514871154374515;0.5030504335117251;0.36427948589090425;0.5073536700626614;0.43428406673081127;0.36056162438116784;0.24855657302047293;0.4989448072332324;0.38466504628776255;0.4883890191485049;0.22117266591608567;0.5293382275383066;0.5411464244638657;0.6807553537671424;0.31159078528396345
2025-10-03T00:00:00Z;0.37388823277591493;0.6686012302219433;0.5230555139999625;0.3837263394937371;0.34669806895709715;0.3863473775788677;0.3271902126960811;0.3650429912292174;0.31540047702897295;0.3614272759963671;0.3947425092285003;0.41698807499303325;0.44561937695839443;0.3455880336200376;0.34702226227845057;0.41984771289932193;0.450557759256907;0.43093190498581296;0.29898653342711445;0.3872040152971007;0.4247372002181345;0.4137570883324202;0.3980954721886395;0.3789901273353451;0.3490098301892079;0.3783171685439711;0.3894572795434582;0.3223415417148754;0.3589617614604675;0.4558673434677314;0.6659625363919888;0.3799177568528444;0.4222815643508109;0.48179149329662324;0.6110047640694866;0.32663051094129747;0.5087512521904792;0.44374503370593577;0.6043447792646703;0.4441520648833672;0.5805062117192467;0.5865251951442626;0.40292914574941074;0.7531352871767828;0.45134892067519555;0.6381640135772585;0.6144240874794286;0.32432175273462743;0.4376729276471538;0.21174169300323517;0.37741593544016516;0.4510196282407817;0.39911071200387926;0.5221562351873569;0.3946942374672313;0.797107550895439;0.4481464115069123;0.410205197487794;0.42940860054230096;0.7615233831748764;0.6050164817469543;0.6133274001021718;0.4048274788880508;0.37719123317343506;0.5207422064857324;0.36913537372316546;0.37316631640109765;0.4364984168231571;0.3995996591192121;0.4370553736623965;0.6181784403022814;0.3712975362000636;0.443594106166021;0.3760389404810433;0.28502834062817894;0.43777387620234437;0.3276791984697322;0.3676901048447888;0.8063411638572596;0.3944488415277367;0.30918935479070897;0.49055769430830126;0.3800398534734643;0.48332205515574006;0.38047287348224873;0.7941053419419906;0.7734487998967219;0.4044365016122659;0.6049104742031831;0.3650725119863522;0.4112859870354973;0.5808983619512886;0.3620296980357032;0.6025894335826765;0.41019252158855385;0.6075862723578939;0.9627831463139378;0.37663038108527336;0.44443095775020103;0.35518341815357446;0.5576050523136343;0.7363718276792877;0.3935646544838205;0.38801430534789627;0.405730935625715;0.8122886626337433;0.3436546473948703;0.4714516207278562;0.6223260365889486;0.3699228580402443;0.34382027068886256;0.3660230979134873;0.3930935842776637;0.46134846836495;0.2693888844258447;0.36439814066025045;0.48114796394191073;0.39392327535181093;0.4854342578292603;0.35768617422662136;0.5351677601375887;0.38989643851915995;0.6458238261336;0.5055284802537557;0.887026742597421;0.3615223620108067;0.36400288873499254;0.38555222162112746;0.5076211476814934;0.36787521576103954;0.3663110054287528;0.6321064689868376;0.6337855081061251;0.363104628842394;0.3949888305522227;0.39118901367264486;0.768079700177176;0.40592152051950287;0.474911907378751;0.4133199409232125;0.6302551973559135;0.36773354762427896;0.6700996453676964;0.3843388155534781;0.36676972024611176;0.24466529137722842;0.5673994964803941;0.38337456024669003;0.6152992718875484;0.4074989257842324;0.5065431872985481;0.6697031204718411;0.7238831565254243;0.5837533834532752
2025-10-21T00:00:00Z;0.5013164688956566;0.64921111411282;0.5625948525364567;0.47241808478565733;0.43728185825844407;0.43188989733163763;0.5042537704805202;0.5267083532750299;0.3585509095367388;0.38820717674015637;0.44235114847306795;0.40072979545305965;0.5355259831763897;0.4274693082671048;0.4773107773035913;0.43694336450189575;0.5141783318799521;0.5202078072084931;0.43416940180807106;0.4710044236843382;0.4309576711635734;0.4854339747039962;0.4529662970531581;0.4434596748890901;0.45993676232192704;0.5303201416325253;0.4450465227930011;0.41420750260953854;0.36798960246509554;0.42528047677488423;0.5965437031090259;0.4198258873608956;0.4462066101163027;0.4477877453119792;0.5823829420119653;0.4123714557735133;0.4575562493084469;0.44503756550203755;0.6349421006441116;0.43353776927259374;0.6546459465228078;0.6104977382002054;0.723154840027074;0.8228139173416864;0.4363799154388238;0.5827938502611116;0.4554911031530051;0.5988933187008388;0.5127498682957676;0.4207857784536927;0.4573562066310661;0.44225372155746573;0.4366650648918183;0.4679189719744142;0.4352149526109673;0.8380786918935994;0.4809146596661868;0.5039301470214986;0.4373467705508535;0.7237417488521437;0.6884085415212036;0.7213292627833611;0.37740776664342873;0.4031292545278707;0.45816030778347494;0.3769464178365427;0.47037285522768096;0.40916825023507486;0.48263595251992186;0.4982198383114491;0.7093345241125729;0.3990818177175216;0.4575333893678509;0.41937782527588435;0.3424866968232862;0.5270954925520911;0.3782765766677125;0.37941285067888003;0.8032706833404043;0.40562809855143495;0.36360982284330956;0.44160978323400274;0.3939974310719938;0.5832081190146068;0.3987723144137818;0.8053482103686145;0.9204883417059052;0.4379391899379362;0.45354869131206116;0.3712749214741984;0.40413021051031534;0.6012211166462809;0.4891217218537012;0.6379946035154622;0.37715860550828156;0.8474133163940797;0.8357187428597594;0.4366830287461585;0.4124442139493372;0.33061683957120436;0.5947256289902622;0.8356457807308043;0.5064755508881558;0.44751535663862185;0.36726770164941636;0.7368615231839695;0.35933452857627557;0.46623686506262163;0.46236571412837596;0.36077417127743;0.41404640756252337;0.5915266872996493;0.4056847885870568;0.6025016616676107;0.37560214362944094;0.4715920009614316;0.4817177074438577;0.3453307223028025;0.5315285085406138;0.4321210996143743;0.571377241766298;0.46389327037110223;0.7112663529290925;0.43849852132169825;0.5530892621432797;0.44073683852786144;0.3876942052031463;0.38615142756224496;0.7497762939568834;0.3749436452468007;0.4775821487181019;0.6840726780091958;0.6167965207721717;0.3894680323551369;0.396277501982338;0.41929271834131926;0.8895262010016683;0.4833699205183471;0.6760371782294803;0.4166024048675646;0.6770978756457068;0.437730745108144;0.6340354429461108;0.5246752966299145;0.4225219943648683;0.5589512930584444;0.5990274185761095;0.4228117790129815;0.6076808267745638;0.526237386080108;0.5323769308635748;0.5105075857310789;0.7168254434306585;0.7589532736492157
2025-10-27T00:00:00Z;0.3998838253186217;0.5265789430426515;0.5162152183833679;0.3699887584556233;0.3287835131328269;0.3717834520832176;0.37429652158863436;0.41161756708641495;0.31526810461032173;0.3435999820704095;0.34200505671881826;0.36295529791131254;0.4928029244978236;0.3635835426290366;0.4143932921995789;0.36176746326318565;0.4272543345356985;0.414911352269987;0.3108476233998765;0.3755854341296938;0.34661586029718033;0.3989230077248314;0.39892506655001697;0.3829426123698552;0.3780975150124681;0.3722296316818901;0.35959258769175517;0.3136171368302243;0.3116446871695847;0.3762691057723424;0.5857306569075537;0.34499778231355044;0.40590371722548657;0.35729323722224443;0.5645575430835365;0.31152272084079247;0.41362427910398725;0.39758451794466326;0.5833767944562411;0.40807247289129206;0.5334917794324044;0.5735155573284475;0.669360059295104;0.5636084151100105;0.3972123392202236;0.6771945693361477;0.3617841520657142;0.5642193470721373;0.44496408013813654;0.39543438634271894;0.3779684425815615;0.36471376333592603;0.38982239008988895;0.3971621974006943;0.34894874062191256;0.7082172746379529;0.4715741841798788;0.3928220636543617;0.3819923652024617;0.723524271183244;0.45112274188112433;0.5394737582121577;0.33707203426935084;0.35938703648068687;0.3813585912270513;0.33498366929250634;0.3514925996437481;0.3448700253214801;0.43034311803236397;0.47836951037481035;0.5578647495164135;0.3201650844967884;0.32484776673356996;0.3710716274521336;0.2364504615761278;0.41703219057855034;0.30122508695414224;0.32827945369045114;0.6964851445592994;0.3630449209430909;0.3123958460046342;0.3632668431805955;0.3014389703651109;0.3973478447534455;0.3465776705837908;0.5030080655107757;0.6112636784840243;0.3666409114833738;0.39490895016159744;0.3346641944322269;0.32200208709066475;0.5077042020725387;0.3977279682051052;0.38114242114570757;0.33067814506838494;0.5880393943835457;0.6923815722615076;0.3853998521202382;0.39466177270796954;0.29733321306345784;0.5317340648954823;0.7902355481849085;0.41823543649517836;0.3769208283324516;0.3412469441417849;0.6653966422144826;0.31696944568887947;0.3803351350255525;0.41903444848989096;0.3141950903951115;0.3217486083086875;0.41359860879392135;0.3752388880768414;0.4989956629141576;0.26540266011334673;0.39352641335995864;0.43461024127323933;0.39078820545924564;0.4378714924189098;0.3620258498529013;0.5090620570151736;0.34912323500358217;0.6164906708859715;0.5573888632266418;0.4960696607408389;0.40973084931529463;0.3610962080780695;0.3397307077324283;0.48905160701674094;0.33725354304680455;0.3431847914807798;0.6186896588875208;0.5915278248524406;0.3597416322725769;0.3548087875989941;0.3713574091829115;0.7915628309051196;0.4432445798313641;0.5618143509330131;0.34693467677965695;0.5605193556215288;0.37973507058384487;0.5535229748727214;0.42366156531007665;0.4105412469746691;0.5365639374413446;0.5545524687027569;0.39356374967665897;0.5531120848531839;0.44402390926081486;0.4636004586614241;0.4367763560796675;0.6917649518846588;0.6378920160024367
2025-11-02T00:00:00Z;0.5254508834855727;0.5932583574125235;0.5190738598213693;0.44205058451854823;0.4228746881369154;0.44324633238504696;0.3941423048634879;0.4746874405616735;0.36047934697500406;0.3921342072772244;0.4102656879975864;0.4327349630349358;0.5804258695721626;0.45661238613854915;0.46534493419673895;0.4378927703946829;0.48356803571022705;0.5222221989224918;0.44483269773849615;0.4267760784703853;0.39776635005900396;0.5018513610446751;0.49203307996720796;0.43286575851183523;0.43363650880617427;0.5119590218019358;0.4724642506774787;0.3670893082424592;0.35425082485345344;0.46540101087924574;0.5860758825528378;0.41482627619915935;0.45021031896210856;0.42538197947679646;0.5329700751138188;0.41489277245845285;0.3978539733283054;0.5002772867554376;0.5596457698558839;0.44770879080451587;0.6890061741483581;0.6903897011749714;0.6328526340416513;0.6828170640167789;0.45832334556861926;0.6684327309262262;0.4023669283979547;0.6342250433848883;0.5079702187447939;0.4484424847157027;0.46891171340914917;0.42287778270861864;0.4493200211138442;0.4894597552056554;0.42192702753663525;0.7668065451998088;0.4917688761832635;0.5026094148859298;0.443943310051097;0.6205190585277699;0.5741878737322086;0.5065384412869867;0.3860279929533761;0.40766664653926094;0.38454092130903444;0.3834263708687086;0.4236690461705677;0.43232879173659206;0.4659288749715888;0.4937241551630637;0.5530041043561673;0.3795661534585761;0.3856600968970802;0.43406827472138226;0.3020706016631718;0.5074763888815852;0.3462501952543192;0.3889004783602982;0.6975083805080773;0.40397727344326995;0.3562290348639392;0.4386575638699903;0.35836223154623437;0.4547364112039358;0.3961470575853326;0.6287574313216276;0.762242587735219;0.430799476864959;0.4209558638256111;0.3731349405756703;0.41120507589617233;0.5887974839543056;0.4977075890207733;0.4108357311865377;0.37262584341376015;0.5634306771930733;0.6496517473512148;0.43215971926339586;0.4111411216543069;0.33899538513184463;0.6059726838351434;0.8448236707940407;0.5217382063619271;0.43168454138016776;0.3761159614095279;0.620765836040179;0.38040822830662224;0.3964772432071852;0.4470996882837621;0.3570661016809265;0.39100800044611783;0.5314892841418309;0.46294806361721275;0.4947083645452887;0.3030661927094444;0.39673229498127005;0.5252110075655367;0.36489290404693137;0.4384209051905739;0.375834701197743;0.5181295246753878;0.4129608606463646;0.6669799042693804;0.4257248062085598;0.4752448088592953;0.48071562107926075;0.40610225572192465;0.3494031092335145;0.6492336765848673;0.38142426440755894;0.44137233931322484;0.6938987257041488;0.6720891116221881;0.4058001815660112;0.41525934910864715;0.4054248354103563;0.7360155807889026;0.4922345550727124;0.673479186125321;0.40350250505322877;0.6229625738948306;0.4545146621579216;0.6056614891778902;0.4579079847215209;0.451217980677932;0.5248074389578447;0.6029159163447212;0.4273157248716979;0.6873380066534427;0.44533285236038794;0.5472719218575088;0.490811699581678;0.7475182731012785;0.6667759583039079
2025-11-08T00:00:00Z;0.43239168333821;0.5202830605369677;0.4050475062769949;0.4070333197084536;0.37661063550941404;0.3497339793963743;0.35223923445989685;0.42756918822154183;0.3382053070179612;0.362151447215205;0.3163641392191251;0.35645616449177536;0.48895398690729197;0.37254725136148875;0.41942258718482045;0.392627147589615;0.4417816833920882;0.43220996743442675;0.33989005385401005;0.3709341486872629;0.33592326817931145;0.4326311949399022;0.4316116274445207;0.37606124395913465;0.35532421779104884;0.39452212516090396;0.3827407570413245;0.2874829054103586;0.30412473540458346;0.38017285640627696;0.6331584354042409;0.36393300769683706;0.4014525857086984;0.4104564353850804;0.5337624155630909;0.32131209413029577;0.3971400505286921;0.44593084277976464;0.6776081829790085;0.4210486917528573;0.5362393837032299;0.5583429189293452;0.5960621016563937;0.6964113634028193;0.37859120340574354;0.6855917251471317;0.41103420653806344;0.6075821311893672;0.4547912867279828;0.34669378346267926;0.4099812009612588;0.35751249656037504;0.4210141794204712;0.3951025295153826;0.3551644792006566;0.6408260954478681;0.5036177105948298;0.4113529830984187;0.408385003742016;0.6303970608777958;0.45149790583234845;0.4573417223269833;0.3470156751148907;0.35648640278246135;0.3676891085623796;0.33526493474160984;0.37895785522811554;0.36616272101450414;0.4486704013035651;0.4965158913691135;0.5043907343640047;0.3199882184625;0.3193086191093782;0.38905860989672836;0.24237160392102342;0.4136849731986669;0.34253970707434733;0.38503883232292185;0.6801850899797062;0.3733443875554343;0.3448395508873263;0.41097977253662876;0.3221542304614747;0.3543590263813896;0.3915869338294305;0.4709517891624964;0.5394427034087564;0.36299246604122765;0.4079837344302756;0.3558468100546029;0.34200877996338197;0.5357353368879489;0.40272626336656764;0.3651415546908219;0.35327666200637176;0.5365933955216609;0.6700111479006038;0.41416778951774413;0.4085167844364213;0.3303483116141395;0.5150373405625983;0.7766646883473164;0.45080004116663563;0.4090564291875605;0.38622510120204595;0.639392489560936;0.3287820544290296;0.37255735233437043;0.41044958888453226;0.33856344941293515;0.3237391464655166;0.362894173788702;0.4140152735254395;0.4785619024815184;0.27949495733362273;0.3883755805875574;0.5535394035307448;0.39859750917274717;0.43379113074076925;0.3644707492505112;0.5458174830713829;0.36280480573419965;0.5963250096351238;0.45963054561744565;0.4778136486387522;0.46887125994001844;0.36242030349706206;0.32602931583984956;0.5087707355027882;0.36978503414310876;0.3619733644641995;0.6235078781180496;0.5815612738244907;0.385390736374506;0.3867252898931053;0.3656112752472166;0.8840345735043551;0.4510853408416807;0.5472869921604872;0.3507188043582884;0.5918193081829035;0.37707127826405334;0.5833199419976938;0.44424047165822456;0.39964066911673435;0.4995679432763062;0.5642562332294351;0.37510672565593856;0.5849209533704269;0.43079966068936326;0.44085477392606537;0.45610713960727434;0.5791031600081555;0.6236180280604323
2025-11-14T00:00:00Z;0.39571606953614863;0.5110161352030774;0.4219885311391976;0.3940088098576988;0.31604379484194794;0.33228850016176564;0.3286009741261097;0.39458328406484205;0.3039661063053084;0.33293570708010534;0.2853361255680488;0.33345474345914405;0.46908282451570416;0.3497243549158547;0.3855144272562072;0.37882772329264797;0.44312801880975605;0.4112935147738148;0.3309718917504681;0.3380582129571386;0.31118037848687397;0.41426982647579186;0.4012359143629712;0.37284174959164973;0.368670862108469;0.35381305867264706;0.3704457897716231;0.28166729766980103;0.26531653476766415;0.36325794930926103;0.6360133224129086;0.33541486710737867;0.37090800242058597;0.4067816541595922;0.5505132076495071;0.31187831811873845;0.3899376108533723;0.369809613903127;0.701744028310544;0.38743701516103074;0.584771095458285;0.5741176872993433;0.6430999570007838;0.5889367194402786;0.34924247504576394;0.6737913089509336;0.3592392372442779;0.6262384324314488;0.41555797816636075;0.36790807063451997;0.3744731578232505;0.336160262893588;0.39875256021817523;0.3857664178491746;0.3336754214869421;0.5660848252144347;0.4865904745009596;0.4209093198180199;0.41860501167403164;0.6665427776553282;0.39429942806213014;0.5025739589957304;0.31276439284922053;0.32578211201037216;0.3563882284908133;0.30756381031170554;0.34962667208653453;0.34475683668728563;0.41742984818254086;0.4544041692511427;0.5213257511665216;0.29091094977952336;0.2972407560900993;0.34431902847271;0.23138014967361398;0.4098657675600509;0.34125211700499836;0.37988401310784475;0.6040288747305808;0.34810227532302734;0.3214032871441709;0.3743517511929125;0.29001021132174165;0.3734844682285802;0.39775965202458297;0.43827388916663296;0.5424093940304254;0.33865455815852696;0.38116119705985974;0.35861093625389606;0.32221350893495543;0.5363425280066098;0.3604567498429297;0.4126213305340475;0.35660112238598535;0.5657390504075377;0.7944016742246116;0.37835311838046604;0.39801640120962645;0.3534270395462598;0.5450464653000324;0.7249642861776545;0.37438069026439325;0.4227522363757913;0.38542937089569956;0.6678152471553436;0.31795835961499774;0.3784747864378753;0.3973736771120767;0.35197682769727906;0.31463853983340934;0.4425638339103814;0.39180238967665076;0.472916882931356;0.2870826915022496;0.40299347057965235;0.5550049930404701;0.37188918953950667;0.4232931735309705;0.3736223880881376;0.6295552664115781;0.34088201766636167;0.6752659315630339;0.4558056678557605;0.44214190492185496;0.5099554676064154;0.36766746425325303;0.3299392714642988;0.5205038609673027;0.3179633973373307;0.3268030354582407;0.6639640237072019;0.6402091520734888;0.3445805369036497;0.31263104415583337;0.34106738496787603;0.9030987047037836;0.4261761295259189;0.6077375641924591;0.33949605277376976;0.636831521987915;0.34306673251718056;0.6158731564910397;0.39225957202822964;0.36539663300780223;0.5381658923641282;0.6045754101631449;0.36077832285128975;0.6586226580728745;0.4317762032422547;0.3886932030311065;0.4290924601958446;0.5777983488196899;0.5820636808385538
2025-11-20T00:00:00Z;0.4574636141332367;0.46653238925144824;0.4462281832798903;0.45968911060808637;0.35261942319797746;0.3835789815790934;0.4180244229301924;0.47196548474140654;0.3611166063722567;0.38214226154907494;0.327285325559585;0.3864032564585998;0.5724280868113041;0.4392070092594879;0.4805741555253387;0.46368201983527396;0.5575815778393358;0.49221254450355645;0.37954503631654424;0.41103172053893405;0.3528259770419881;0.5101882250968661;0.512956983670766;0.49280387739222903;0.3882685979809424;0.45321771197374605;0.4271245084111056;0.2993398398054116;0.3062543616750754;0.5067441922139092;0.5993649487203289;0.4074493729833206;0.40843214510898507;0.45201015808232076;0.5444138093574411;0.37069614182559946;0.4449597491869254;0.5097440595470243;0.6235294482039828;0.44738034131529525;0.556153138030307;0.5817717815415642;0.48321168747165233;0.4837512543223833;0.5231461518372028;0.6951782735704466;0.43998149997908587;0.5313838032389752;0.48796873709867866;0.44814571704966477;0.4156088540735452;0.40718095169402113;0.5100030341137077;0.5773476067971656;0.38253945179960946;0.645977795083862;0.5283584302808676;0.49369026523994586;0.5275292097107519;0.6965692864167828;0.5898162869256814;0.4319686193937479;0.3748727334069023;0.36102165512296136;0.42583227935159457;0.3696365442549158;0.40543237258554987;0.45028300539612226;0.5000331263801905;0.5653583368947429;0.5062713298224257;0.3311070007381507;0.3719032804056652;0.45663319540187075;0.2952925518852984;0.4966433664807339;0.37096127575136606;0.4676633718886662;0.6786295419095913;0.43327771881770033;0.37866947534462025;0.4415341202362344;0.34410511540068733;0.47468576229800136;0.4641522452029215;0.555292803885324;0.6316647521806125;0.4278865239170731;0.414893452771096;0.37968442736153285;0.44014323803257505;0.48256036804586544;0.4988142014068607;0.4198569959415213;0.40085569240878827;0.5773143561256256;0.7045654889402354;0.4835063805400708;0.476574671071423;0.40116764094303603;0.5403824780078487;0.752273182046538;0.4711105878314664;0.5080074638471195;0.4528018278414256;0.5921626386129194;0.37170842156912964;0.44335222100527577;0.425610698314051;0.4198207196548719;0.37949695559021446;0.5299311295624082;0.45727071070866865;0.4945697719672264;0.34161248044110837;0.45960712407821835;0.6536203351199553;0.35377923985613996;0.4003598627045348;0.41383933057347744;0.6247549672531926;0.41352156209072216;0.6093211251992827;0.5167033975911245;0.5337278727855947;0.5606497446488344;0.3663342937953989;0.3847787337406422;0.5180566346107708;0.3454727141513394;0.3264228565065168;0.6551254810155017;0.576325238512047;0.37956693953524784;0.3972528280936322;0.3949573361587645;0.7066460215208823;0.4728174213031177;0.557246648707785;0.36640875201203865;0.5343557271609009;0.37934895506755223;0.5369664117051431;0.42350057780853295;0.3754518180272796;0.5519483257883818;0.605918474334607;0.40171548345619784;0.6560839398883292;0.41596190147641776;0.44930133430039343;0.4760404547939393;0.5220252022125232;0.6371992259034732
2025-11-26T00:00:00Z;0.46075179882232126;0.47740611546545575;0.452778155215807;0.46874677003866216;0.3410559457232836;0.3767222416188036;0.4318610250790204;0.48909308442361404;0.36525880910205333;0.39118625967100734;0.3473901470188683;0.38535387259277215;0.5597967533372324;0.42833023021618527;0.49141839479716193;0.4579799045492579;0.5668109728597857;0.498905516136315;0.3748156486670029;0.4275049974135745;0.3734771052056419;0.5100780265321783;0.49531466393342943;0.479605445558762;0.4435085261653283;0.4682404648702362;0.4541536260874806;0.3318788480848588;0.31610066816606636;0.47422185022116714;0.5632157119604441;0.40949954990420484;0.433131278299702;0.4615996391342504;0.4924390508582996;0.37706856942687494;0.45880928562488293;0.5047386673742852;0.631749448985508;0.4659459216571511;0.5700847413030118;0.5735954785339964;0.6703818412880375;0.5931831818680431;0.5030510315720809;0.6925238185884026;0.4402335881792679;0.5894532766593639;0.49264963162040304;0.4551716386911187;0.41779869392998087;0.39968499753068076;0.47128716148670363;0.5665214292905154;0.3854532773284567;0.61961419464848;0.5416094504473432;0.4947657072089044;0.497287860431149;0.6385042680836834;0.5538827969938445;0.553763844218365;0.3943550857494634;0.36997995097490566;0.4216099078371814;0.3859919741088999;0.40759012100326375;0.44079764790120335;0.47950834673774223;0.5473080972830454;0.49845458999022113;0.3458353914132754;0.3693512862487239;0.44041691879393857;0.31735939381370637;0.5034340319065714;0.37074707674198887;0.45457712627735386;0.7076107244670219;0.4258944403427755;0.36174410648606997;0.4566678826865289;0.3824948656257957;0.4806467259514796;0.44311694120098727;0.5749938154423778;0.6548303969146245;0.42428257832160365;0.41650492876929485;0.40898230962583415;0.42971655186762026;0.5451723568852294;0.48842129190459593;0.44641982018290005;0.40042048873526326;0.5871709215473508;0.6855189943673774;0.5028509706758508;0.4905825865573951;0.39927422179279;0.5872930036031371;0.7802748869001243;0.44895741007967915;0.5094816857090564;0.4625828236409518;0.613491983316214;0.37035972044295973;0.42474126092654535;0.43804088553976406;0.42936898098510046;0.3872002969050537;0.5182148866102348;0.4560004955906228;0.49723496420515906;0.32284076844181153;0.47143108300228054;0.6792867139499478;0.3608854263103466;0.381908646728279;0.4303080784010495;0.6553622941955243;0.41733987001060696;0.6261831953275793;0.5193765739118475;0.5048600523404672;0.5536701999251787;0.37316428519679473;0.405213675875675;0.5429555711053736;0.3685098547732768;0.33568911491721676;0.6755963374395362;0.6054209697585007;0.4046495571416436;0.38697431471750043;0.41112985955147163;0.7329027940397678;0.4726780066792701;0.5830853151065084;0.3688316610005262;0.5867826914998577;0.3700034951002007;0.5771892703681294;0.4330173131580406;0.38109235772025335;0.5286320042271914;0.6064515413756573;0.4129216463561866;0.6685634346518117;0.43891262235444817;0.4526153627510478;0.4979748424972255;0.5025857384768323;0.6364429280935076
2025-12-08T00:00:00Z;0.4074199240726544;0.49344450106723703;0.38582977246617794;0.3852269634020975;0.3292006302264429;0.3225263169377434;0.40453242675101175;0.4183701814036304;0.3381980135772668;0.3552270421299051;0.276090282295984;0.31925475758738975;0.46467372863292694;0.3715300185401625;0.41385800795257094;0.3815401250990792;0.4788810722065164;0.43319399996617003;0.39341800537792043;0.36120392366442095;0.3034918134539856;0.44957917850434936;0.44791105029385314;0.41524474474484335;0.3395625165170827;0.3730251927180611;0.38306741571830744;0.2696370124741961;0.2556673894288943;0.4101057552385808;0.6223975527651456;0.3582626448713547;0.3704805246634944;0.40541671313965744;0.5177128647655761;0.32291950060128394;0.4409686106772729;0.47552340581919805;0.7055104441704259;0.3553404498106721;0.5250163209865161;0.5772585375353193;0.7032949383954472;0.554439867442509;0.4502847739588901;0.6638817960903888;0.3811680687463874;0.5573932452296669;0.4106093838116994;0.43675856567570887;0.3610046956760401;0.3381117119818302;0.41668411668494026;0.452843312156482;0.30999802311231023;0.5909918378725417;0.48129662299172365;0.4237759631682956;0.4457843247916758;0.40774577000710177;0.5131716429826423;0.5279892002071083;0.3244935397767829;0.3428759773072582;0.39575793350008476;0.31606632210778;0.33575718755042194;0.3791073664637565;0.4398555680695047;0.47023783589315693;0.46881446926277553;0.3024962408445068;0.30561612423971873;0.39147895144754347;0.24957533550329772;0.43482918037564305;0.3466140213073028;0.4288785125112586;0.5952321335137319;0.35024785917862883;0.3180584363356421;0.3794775371374655;0.2948665036333756;0.4458535770854419;0.404169116512559;0.5177409707042964;0.5432612645604155;0.4018739869786521;0.36210211718214874;0.41503658425749373;0.34051948321123565;0.4388192539992967;0.3901630893591849;0.5173570886221387;0.3281623340248257;0.5683212014507877;0.7508365342941354;0.44637373189554663;0.4767902067001029;0.4801828173133455;0.4754468287791362;0.7348175593896916;0.3801343463324449;0.5152086606054376;0.4969394851516742;0.6026754499516553;0.3083462336427143;0.3662007971819002;0.36941215477446254;0.4232945519264873;0.3029502223956319;0.4391348669702894;0.3828530734709916;0.4367578775516177;0.31247889077605157;0.47992222613838903;0.7187580309251417;0.37219424153150615;0.4941084482967046;0.4585977109157939;0.6817879947923845;0.3396442191060925;0.5953903058999573;0.519171924252342;0.5083410804906581;0.5613389143455375;0.3364424609309784;0.4370849687706693;0.45405108463220656;0.3254848134740668;0.2748417183091378;0.6165746265080799;0.5913023867192176;0.3547515313553088;0.3257954454965896;0.3689557589387557;0.7315288277571661;0.41053723706160516;0.5161686737133101;0.33031413934919157;0.5370594221297825;0.34840912037990096;0.5499021196563626;0.3863941714829052;0.327900601981631;0.5443137927043101;0.5322611340747093;0.3492786007440005;0.615669707430784;0.5568497022330847;0.3663607361765623;0.43423120700186346;0.4223978054349504;0.597577101776374
2025-12-14T00:00:00Z;0.4170913507226366;0.45120511831981797;0.40015325205499963;0.3987906119640333;0.35164178898858445;0.30381885613750126;0.4047330074859017;0.41513165595944607;0.32161909817100204;0.3535698487401118;0.2960572129557184;0.3135964872222507;0.4528828183297726;0.3734334014185976;0.44753572656147517;0.3868279106780348;0.48522509926404095;0.4228324201727666;0.3930730271437099;0.3544180535156485;0.316528411062424;0.4339445434660826;0.4345451496697806;0.42037294893142935;0.3700902858274972;0.3673036971894079;0.3910005526381125;0.2719099866775729;0.27158543920245176;0.40791836698933126;0.5740192846680174;0.38095260699703903;0.36853896770848465;0.4047826627298411;0.5376201381623007;0.3253586964371304;0.44988853788961963;0.4138917070481539;0.7176347477562041;0.39862123048476084;0.49372243063107696;0.5300725129737655;0.709748715451565;0.5326862155826171;0.3910401105556799;0.6911985024257943;0.37421057266204333;0.5454928555559493;0.4177681841937151;0.41742155291506133;0.3810406125158863;0.34269328465371246;0.36428327633843816;0.3410663073401496;0.3104531267207282;0.5309902275254396;0.5050504440574323;0.4423382925005832;0.3815373789681041;0.40347196260489615;0.44770775199080437;0.5216437053613946;0.321544332233633;0.3333510877385991;0.40893776336584664;0.3191360236728453;0.3326978696387855;0.3857319218603642;0.4608175869771697;0.5196696810055057;0.4671051664162987;0.29868313647259814;0.3140643093647576;0.3781509273843835;0.23883676730157807;0.4341182390932654;0.35067530191837704;0.4238112214073522;0.5906270525672219;0.35458177400635327;0.32504719079445044;0.3714381808894021;0.2858235744565509;0.4544667974518343;0.4090033348093088;0.48254239423767664;0.5029938740806434;0.38601756481043364;0.3645606432293493;0.45476935836140653;0.3488688592461657;0.43514556301707236;0.3983952451308676;0.5196023733279415;0.3262287353308309;0.49709293164387847;0.6898402065762358;0.4215137618834487;0.4884399206136645;0.5206825503663266;0.46256329929244705;0.6661255726673205;0.3778678744341174;0.5080066612272551;0.5214944602213036;0.5900176356857022;0.32185787294315416;0.36513807390128855;0.3707090516800155;0.4319964895108457;0.3165192680473885;0.4286044366666327;0.3704119081657182;0.4286356028014603;0.33190871931926585;0.492495758447659;0.7122527340445484;0.3802979639831774;0.44772730726536697;0.4738790808115556;0.7358679072476365;0.325643787279491;0.5819568055177758;0.5915844757848374;0.557549311655439;0.5693245387794034;0.372292109878;0.4816134429787854;0.4991387497898964;0.3226030952470861;0.27766689783264337;0.6269856981341653;0.5963248171844221;0.3422529683797902;0.33098209824177816;0.335078785481352;0.7818464021961968;0.39451764437375936;0.521291083567773;0.3291762280571568;0.556923966350453;0.3416556992177062;0.5434764957266996;0.404381484326757;0.31672261254732686;0.5393423536220505;0.5503691881298541;0.33776858505721546;0.6582701867920817;0.5358035875412759;0.3448314787285523;0.42962153717977775;0.42057143486159687;0.5475891098675444
2025-12-26T00:00:00Z;0.47970674965413695;0.4867077894348035;0.45997580299371577;0.4635388181288797;0.30917922458461217;0.33721066980189424;0.4644210094168051;0.5117733934089694;0.3359976827162006;0.35542085827515896;0.3166422875720574;0.35891519040368736;0.5203043003777463;0.44852235276438657;0.46958818512387795;0.43889988575726524;0.5553422996747321;0.5034386804426547;0.44883230311543115;0.40497879321142577;0.3676094559553616;0.47680371067824195;0.5142502038006784;0.5019777063088319;0.38840008717075536;0.4377943963252532;0.4318191707883049;0.3106902214944705;0.28738639338060895;0.4981843350189073;0.6209557571733485;0.441315319825496;0.38216738497558217;0.45342910167634926;0.5216343677575125;0.36863694606203457;0.540380057293059;0.4744853101789005;0.7026981581298132;0.4126179823243921;0.5446708337535242;0.6438663279361747;0.6894212882567573;0.6182401709467451;0.4045818081716212;0.675843245416973;0.46025439173355276;0.5881453320323452;0.4610761558976722;0.43776564087988024;0.417409731173952;0.3969064978008099;0.3991545214183001;0.381705005146133;0.3448506395403276;0.6314249175290266;0.5586972769400845;0.5338902838345521;0.4244619485499083;0.4765969844947334;0.49312213239819713;0.5227706561776478;0.3719386567725539;0.409715691951642;0.4787371735176949;0.38425985441552446;0.3924380502149315;0.418504934298988;0.4654007262900946;0.5337164360566957;0.5171111418100877;0.34542979727329814;0.3500457263526962;0.431755290576922;0.2776450356597909;0.5161562651496769;0.358064345859284;0.5224210283306778;0.6839780718951985;0.4156569540100744;0.3530549771192359;0.4087093023543662;0.3463803241081914;0.514543462129124;0.5149661320420454;0.6421241503706124;0.6820401367320514;0.47309993387296284;0.4508228610789576;0.5058242697995387;0.40945416512273847;0.4837214024671426;0.4750764354867522;0.33966435702655845;0.3735013337263154;0.5976339750805822;0.6675134754823617;0.5116549990708665;0.5476224344538116;0.49172536471698575;0.5816891083405131;0.7964125321876534;0.4288683481182876;0.5684157741925752;0.5638093107318791;0.6491559290219049;0.34166318440572124;0.43166052047360004;0.44890781183338646;0.4906443109146582;0.3358106405563883;0.5824932608114699;0.44786565358109304;0.5003042196305229;0.36456274209765716;0.558465683515563;0.7553070628156768;0.36779842982696515;0.5018745488727215;0.5568510323686812;0.8227350273891277;0.46973299635932797;0.6572254190833147;0.5312156127806802;0.5337160379116663;0.608617643943631;0.37346480043150754;0.5197059317636306;0.5282735917544217;0.34905360312080824;0.3274308463803696;0.6750392318799578;0.63779575191565;0.372240528590522;0.3761743374872026;0.40892754081097504;0.7472284934600862;0.4329312525023049;0.569909614741637;0.3492738233314262;0.5507561693004533;0.38609618030369147;0.5258124497437906;0.46160420189288925;0.3356164207857502;0.5538671470617187;0.5580846317685567;0.3916289035857377;0.6974670061201853;0.5584548430502458;0.43007252697649345;0.4682338115735405;0.4671615321987913;0.6411798431449263
2026-01-01T00:00:00Z;0.42644623650626823;0.505321555368021;0.4230263497837367;0.39927187777427303;0.28909263743361235;0.3126947315567631;0.4768287007267392;0.42569112187042996;0.30189478409728165;0.3181906656519567;0.30413920539477995;0.3396156266377103;0.46652793411452037;0.3957365439744499;0.41788419352831613;0.34520269788767954;0.4971321588483396;0.4682940663116412;0.4171799120200071;0.35123870687260356;0.3090527145903289;0.41156004873361995;0.4678646848229765;0.46250370955709275;0.33319040775419245;0.42715182930665907;0.36081876918673517;0.28231931466528837;0.24200160785558375;0.41954468793139377;0.5601403749079874;0.38398125870179994;0.3349321321224282;0.4158246585359312;0.4989189469807885;0.3374537289871866;0.5764292557872279;0.3871471198896567;0.6923142657984817;0.3450185409376852;0.566468852594023;0.623483086485818;0.7470551297068596;0.645630148122477;0.375937080832441;0.6300923133667886;0.3832718266099579;0.6692145935637057;0.3881129157105717;0.5324913974303119;0.38847465435499656;0.3405003181565745;0.3453503990811961;0.3247633966878173;0.3175363203279783;0.6549762511261373;0.5000938566396553;0.4117591182611887;0.3510613109211664;0.41793746913071744;0.6583305533803981;0.5898123941310617;0.3105412335285256;0.3787245110800518;0.517407336173407;0.303090238860294;0.39416378411457187;0.36041393675763345;0.38020633032724627;0.46313423610785426;0.5556168836838866;0.29174853961674163;0.32687822027242036;0.37299886524870796;0.2306696546920897;0.5497541148069938;0.38969948396280213;0.5550278470034656;0.6990180366990194;0.33634782170706623;0.3223254574363508;0.3383589267346992;0.2928732127972668;0.5773459480054551;0.5553112657248289;0.6771767708755645;0.7001215189298177;0.43407475530055534;0.44821273187104704;0.5856485009487764;0.33702956250269117;0.5754921290274932;0.4019920254084415;0.4390967235588374;0.34590436320448587;0.7067017777408686;0.7351140449693171;0.43730835914067645;0.5952318880429938;0.5910277703759867;0.6274260537456299;0.8689833777531919;0.3628242783506908;0.6451183724066526;0.6145292756554209;0.6631643039665532;0.30336628038705704;0.36702756313039586;0.4432477777132994;0.5445313613404141;0.30392318282993885;0.6395744350411949;0.3651811622949344;0.439743922248985;0.42862881293315397;0.617998064096105;0.7127682681507796;0.35904979984891616;0.5858142177965381;0.6313003707827985;0.7443738331557087;0.38462486944188634;0.6629292134845686;0.5051352146320638;0.5061757786129668;0.6150070102734424;0.37310266822746174;0.6194727712573409;0.5352544619884665;0.32524983089613513;0.34117045663690865;0.7145409160794491;0.6743323474119245;0.331074078775663;0.35363676850004805;0.38267647015670464;0.7211547428820314;0.43241891715801495;0.5945466029798223;0.3398951751430734;0.6293798910054902;0.3983079745446283;0.5759322770974702;0.46417005692692487;0.32121873384172267;0.6271128749724516;0.5798633078081881;0.3540184745193945;0.7210177918959787;0.5643834889844093;0.39785458671522667;0.42597069956285555;0.43372335015216246;0.6627352673765486
