,P001,P002,P003,P004,P005,P006,P007,P008,P009,P010,P011,P012,P013,P014,P015,P016,P017,P018,P019,P020,P021,P022,P023,P024,P025,P026,P027,P028,P029,P030,P031,P032,P033,P034,P035,P036,P037,P038,P039,P040,P041,P042,P043,P044,P045,P046,P047,P048,P049,P050,P051,P052,P053,P054,P055,P056,P057,P058,P059,P060,P061,P062,P063,P064,P065,P066,P067,P068,P069,P070,P071,P072,P073,P074,P075,P076,P077,P078,P079,P080,P081,P082,P083,P084,P085,P086,P087,P088,P089,P090,P091,P092,P093,P094,P095,P096,P097,P098,P099,P100,P101,P102,P103,P104,P105,P106,P107,P108,P109,P110,P111,P112,P113,P114,P115,P116,P117,P118,P119,P120,P121,P122,P123,P124,P125,P126,P127,P128,P129,P130,P131,P132,P133,P134,P135,P136,P137,P138,P139,P140,P141,P142,P143,P144,P145,P146,P147,P148,P149,P150,P151,P152,P153,P154
2023-01-03,0.3783680470825323,,0.37009936527336423,0.4004911837169372,0.44000705397970163,0.3101335761137034,,0.39849810472762903,0.4603960066467813,0.4906116975939573,0.4065162150905828,0.17207749474811224,0.10363110819671534,0.32365441301715303,0.28804053306676847,0.3568113993158411,0.387936071560697,0.3413196285806876,0.40152182689220206,0.2988422599407848,0.47684398558605473,0.32208818315140286,,0.3434533954302359,0.3804151147397644,0.2623347524532892,0.40678269866773553,0.22790690771959954,0.3727114739032649,0.718285749693149,,,,,,0.3762248601498115,0.48742381158990505,0.5413706917202802,0.3564078950372171,0.34016152739534855,0.38218241412972587,0.4639324158743202,,,0.5774767131068554,,,,0.3647261972552659,,0.36839531903688366,0.43967297015876994,0.5720399287201715,0.26161337178015587,0.27744087880386903,0.3120749427135803,,0.3057801884452762,0.677326495097059,0.21758158727080468,,,0.3111410599076087,0.3201160396486166,0.562822664657861,0.24073015056861524,0.27966780147200543,0.21557100382602615,0.44454397463283707,0.4015268115177535,,0.23923490784954282,0.36135195807464277,0.3917927960258306,0.2750397886121283,0.2947667977821408,0.2565577284681295,0.20178321459491427,,0.6462716421719372,,0.24555336584098772,0.34771636994439276,,0.35982297998066415,,0.4161488305283289,0.2862308572755764,,0.26046909745727287,0.3308770008867993,0.5024071605884073,,,0.3549974808352956,,,0.4516490957608142,0.4414256291027297,,0.49781416762793823,,,0.41583501101978526,,,0.512791229786546,0.28809782728598066,0.510448384251116,0.24695971469878342,0.394329158293928,,0.2975937080618698,0.336606119946071,0.3132422807317318,,0.30106719828463896,,,0.3738100808208376,0.30483086783472524,0.2362289567527861,0.47049487729121797,,0.3766621203011666,0.3494770789676426,0.34039261047169533,,0.3940380115270914,0.30527813186523206,0.21246548181922842,0.35616064436046474,0.442519127614753,0.3966940930610968,0.29756848980103345,,,0.2244403801408535,0.38972584862909215,0.261850533917219,0.3405591360387986,0.23482222130263297,0.42530206141256527,0.19086347520903643,0.2589601363264814,,0.413883600039106,0.37462310427481005,,,0.3196191864564255,0.5182222592180565,0.28309136254943135,
2023-01-08,0.15382964898176238,,0.3059555775687414,0.2689326856847958,0.3388390281320596,0.22820568374232006,,0.1768724054610898,0.372844470646399,0.3129800582568637,0.3519952483275755,0.15361232023360732,0.06013875665367974,0.2807186342773397,0.18855651937415907,0.2969628454544035,0.3060380182817063,0.2681030517780758,0.26961832036080213,0.24655426395020832,0.3142397171731204,0.248945709726439,,0.21090794131328647,0.3356289095557783,0.18047057207704054,0.35276895373685374,0.17576611665330605,0.3087090849728512,0.6057304256822081,,,,,,0.29527577172082864,0.38531533029413445,0.5213064174972365,0.27618214551361897,0.2778423381801647,0.3078831106588478,0.3321272956510104,,,0.5739703471690789,,,,0.3093647848587147,,0.2871300365732957,0.2547195296681578,0.5634519974579679,0.2232630386266128,0.21876714830753574,0.26137889063345054,,0.2559254932234335,0.5730464189261464,0.20039999968484878,,,0.2638131806320622,0.258876909730518,0.44355737821410657,0.19010489583409357,0.1945920331110512,0.18737060457597424,0.34252664128569227,0.3010302392204144,,0.22406219836720376,0.28069281403069696,0.3395470039597459,0.19223035140880274,0.2607343387556788,0.18925472411025665,0.18040551529393103,,0.4722727663089805,,0.20352327923766958,0.3048213242165829,,0.3207292414317632,,0.3609920784359914,0.24924866711123841,,0.23244933985480257,0.2835305750213284,0.44344688642084296,,,0.2604800117237109,,,0.34994050307175434,0.3099112814190342,,0.43488702664516177,,,0.30090972717850306,,,0.42477943461196405,0.2756539733777006,0.42443192992465323,0.2455262404777984,0.3252166410805265,,0.23160032015655094,0.22561554578010795,0.27030648968691545,,0.29163019096935255,,,0.2915715274337243,0.30357241025362514,0.2335471360077424,0.40267707037527334,,0.3080031073380249,0.3315036261094124,0.2845283506490756,,0.34392669674027254,0.21887477921277498,0.2211531435907259,0.35794494545938366,0.3724415288205327,0.29608964741835697,0.2314247136366363,,,0.21165711560205525,0.34763275601339516,0.21947358735124473,0.3316306825498873,0.19473967232904743,0.36172323200738427,0.20472388948324902,0.1821677751745101,,0.37175919277148023,0.3125856051314938,,,0.3076553053589144,0.41023715640878683,0.2160830890897282,
2023-01-13,0.15382964898176238,,0.3059555775687414,0.2689326856847958,0.3388390281320596,0.22820568374232006,,0.1768724054610898,0.372844470646399,0.3129800582568637,0.3519952483275755,0.15361232023360732,0.06013875665367974,0.2807186342773397,0.18855651937415907,0.2969628454544035,0.3060380182817063,0.2681030517780758,0.26961832036080213,0.24655426395020832,0.3142397171731204,0.248945709726439,,0.21090794131328647,0.3356289095557783,0.18047057207704054,0.35276895373685374,0.17576611665330605,0.3087090849728512,0.6057304256822081,,,,,,0.29527577172082864,0.38531533029413445,0.5213064174972365,0.27618214551361897,0.2778423381801647,0.3078831106588478,0.3321272956510104,,,0.5739703471690789,,,,0.3093647848587147,,0.2871300365732957,0.2547195296681578,0.5634519974579679,0.2232630386266128,0.21876714830753574,0.26137889063345054,,0.2559254932234335,0.5730464189261464,0.20039999968484878,,,0.2638131806320622,0.258876909730518,0.44355737821410657,0.19010489583409357,0.1945920331110512,0.18737060457597424,0.34252664128569227,0.3010302392204144,,0.22406219836720376,0.28069281403069696,0.3395470039597459,0.19223035140880274,0.2607343387556788,0.18925472411025665,0.18040551529393103,,0.4722727663089805,,0.20352327923766958,0.3048213242165829,,0.3207292414317632,,0.3609920784359914,0.24924866711123841,,0.23244933985480257,0.2835305750213284,0.44344688642084296,,,0.2604800117237109,,,0.34994050307175434,0.3099112814190342,,0.43488702664516177,,,0.30090972717850306,,,0.42477943461196405,0.2756539733777006,0.42443192992465323,0.2455262404777984,0.3252166410805265,,0.23160032015655094,0.22561554578010795,0.27030648968691545,,0.29163019096935255,,,0.2915715274337243,0.30357241025362514,0.2335471360077424,0.40267707037527334,,0.3080031073380249,0.3315036261094124,0.2845283506490756,,0.34392669674027254,0.21887477921277498,0.2211531435907259,0.35794494545938366,0.3724415288205327,0.29608964741835697,0.2314247136366363,,,0.21165711560205525,0.34763275601339516,0.21947358735124473,0.3316306825498873,0.19473967232904743,0.36172323200738427,0.20472388948324902,0.1821677751745101,,0.37175919277148023,0.3125856051314938,,,0.3076553053589144,0.41023715640878683,0.2160830890897282,
2023-01-18,0.3362904247513313,,0.3989581017825818,0.402647990567856,0.4365754681271228,0.32252289820875735,,0.3664842134582583,0.4373255006431755,0.4542703521553151,0.38210820060041795,0.22547150980060676,0.15346869227115162,0.3557949703855362,0.29159612237187416,0.3353725607330571,0.4010541896675922,0.35337056646276244,0.45877074246534244,0.31702475428034965,0.4867684755041268,0.35122501453224664,,0.3310726344235442,0.36061853469152305,0.27194203458086635,0.34270465405760736,0.19912075011439978,0.37796758685049714,0.6336371580955543,,,,,,0.4336815887979478,0.4705811411284757,0.5406653781043858,0.29006439250434113,0.3521075269394339,0.38067067079382866,0.4726662516753345,,,0.5685525578494688,,,,0.37065576405006384,,0.42783458677489944,0.49676436539012014,0.5665484618365929,0.35808647546886163,0.3058306782433532,0.3040866881377069,,0.35810930650892114,0.5217228540044624,0.2496408234297422,,,0.3235604485820938,0.3724281849082748,0.5903012480454507,0.23444188379432113,0.31663238267892224,0.1996130270317518,0.463140634507829,0.4003606326435232,,0.24970501503817233,0.45205039082138826,0.4883576285578526,0.2826323248099609,0.3274060372116621,0.27419751608311166,0.24595013682821576,,0.5172873950189661,,0.3012778418813077,0.3760696473766994,,0.4232357655992651,,0.4428249853160791,0.25226257089929005,,0.2745110695444684,0.35897488666144084,0.5557958450149552,,,0.41269045666493787,,,0.5042728480635681,0.36771385375229987,,0.5042571368536725,,,0.44116582836750706,,,0.5235762733653675,0.3224615785272219,0.5737022600831045,0.3069049335615169,0.4210519814422813,,0.32742699860097435,0.3222508158270329,0.3367459119509662,,0.35724230335745705,,,0.40921459970178603,0.3559290453996108,0.31544053865206556,0.5105965023907302,,0.3993748787605989,0.3934582377549909,0.4092072314436438,,0.4139004358469984,0.3590030443403456,0.2647757333694385,0.3746461942988928,0.4672882320802495,0.42529528835154684,0.2666359658739044,,,0.27258250055401895,0.41401326312073994,0.28967030208969663,0.3720118298499393,0.2623913453223665,0.4434449589314717,0.2713134458238917,0.2727022943812888,,0.4401581270758813,0.4028983634966482,,,0.3693766157906952,0.541822828188471,0.3104349168322291,
2023-01-23,0.3362904247513313,,0.3989581017825818,0.402647990567856,0.4365754681271228,0.32252289820875735,,0.3664842134582583,0.4373255006431755,0.4542703521553151,0.38210820060041795,0.22547150980060676,0.15346869227115162,0.3557949703855362,0.29159612237187416,0.3353725607330571,0.4010541896675922,0.35337056646276244,0.45877074246534244,0.31702475428034965,0.4867684755041268,0.35122501453224664,,0.3310726344235442,0.36061853469152305,0.27194203458086635,0.34270465405760736,0.19912075011439978,0.37796758685049714,0.6336371580955543,,,,,,0.4336815887979478,0.4705811411284757,0.5406653781043858,0.29006439250434113,0.3521075269394339,0.38067067079382866,0.4726662516753345,,,0.5685525578494688,,,,0.37065576405006384,,0.42783458677489944,0.49676436539012014,0.5665484618365929,0.35808647546886163,0.3058306782433532,0.3040866881377069,,0.35810930650892114,0.5217228540044624,0.2496408234297422,,,0.3235604485820938,0.3724281849082748,0.5903012480454507,0.23444188379432113,0.31663238267892224,0.1996130270317518,0.463140634507829,0.4003606326435232,,0.24970501503817233,0.45205039082138826,0.4883576285578526,0.2826323248099609,0.3274060372116621,0.27419751608311166,0.24595013682821576,,0.5172873950189661,,0.3012778418813077,0.3760696473766994,,0.4232357655992651,,0.4428249853160791,0.25226257089929005,,0.2745110695444684,0.35897488666144084,0.5557958450149552,,,0.41269045666493787,,,0.5042728480635681,0.36771385375229987,,0.5042571368536725,,,0.44116582836750706,,,0.5235762733653675,0.3224615785272219,0.5737022600831045,0.3069049335615169,0.4210519814422813,,0.32742699860097435,0.3222508158270329,0.3367459119509662,,0.35724230335745705,,,0.40921459970178603,0.3559290453996108,0.31544053865206556,0.5105965023907302,,0.3993748787605989,0.3934582377549909,0.4092072314436438,,0.4139004358469984,0.3590030443403456,0.2647757333694385,0.3746461942988928,0.4672882320802495,0.42529528835154684,0.2666359658739044,,,0.27258250055401895,0.41401326312073994,0.28967030208969663,0.3720118298499393,0.2623913453223665,0.4434449589314717,0.2713134458238917,0.2727022943812888,,0.4401581270758813,0.4028983634966482,,,0.3693766157906952,0.541822828188471,0.3104349168322291,
2023-01-28,0.3152,0.4326,0.5886,0.229,0.2838,0.2028,0.1934,0.3775,0.196,0.3665,0.2561,0.5926,0.6273,0.4129,0.2219,0.1471,0.2517,0.343,0.7234,0.1747,0.2252,0.1667,0.2226,0.2537,0.1507,0.1901,0.1764,0.3952,0.2039,0.7577,0.7165,0.3341,0.2736,0.326,0.3551,0.7307,0.4746,0.4778,0.4269,0.2037,0.1728,0.2044,0.2013,0.4241,0.4768,0.4532,0.2612,0.2445,0.1948,0.1918,0.1869,0.7519,0.4714,0.3691,0.2159,0.4468,0.3361,0.1476,0.4601,0.1741,0.1822,0.2296,0.1995,0.1753,0.5231,0.1811,0.2062,0.1456,0.1723,0.2125,0.1924,0.5665,0.7903,0.7956,0.1765,0.3752,0.1914,0.4,0.2167,0.2567,0.2544,0.4795,0.1978,0.482,0.1994,0.2014,0.2023,0.1899,0.5474,0.465,0.4274,0.2276,0.2491,0.1843,0.2031,0.5039,0.2259,0.2262,0.2501,0.2923,0.2247,0.2305,0.1543,0.196,0.3706,0.2512,0.7828,0.5482,0.526,0.6272,0.1856,0.21,0.194,0.2299,0.3121,0.195,0.695,0.1336,0.2004,0.1983,0.7019,0.6883,0.175,0.1878,0.2862,0.417,0.1879,0.2526,0.2341,0.1923,0.6198,0.498,0.2464,0.1747,0.1715,0.3003,0.5938,0.4748,0.2231,0.2152,0.5749,0.228,0.1663,0.6469,0.1959,0.203,0.1933,0.2153,0.5564,0.2205,0.6969,0.4344,0.1853,0.2114
2023-02-02,0.2929,0.42505,0.5851999999999999,0.22255,0.2848,0.19875,0.1822,0.3597,0.2023,0.37029999999999996,0.25680000000000003,0.61585,0.65315,0.42925,0.20829999999999999,0.16365000000000002,0.2505,0.35285,0.7361,0.17035,0.23220000000000002,0.16175,0.21345,0.24075,0.16535,0.1762,0.17625000000000002,0.40385,0.202,0.76505,0.5722,0.3347,0.27615,0.32625000000000004,0.0555,0.7381,0.4651,0.4829,0.4158,0.18995,0.16375,0.19405,0.2683,0.3943,0.47605,0.45135000000000003,0.2582,0.2314,0.2129,0.17775000000000002,0.0675,0.3608,0.47155,0.3671,0.1984,0.4452,0.33335000000000004,0.1427,0.46295,0.17215,0.1729,0.2318,0.1753,0.1443,0.5275,0.1676,0.1724,0.1286,0.1063,0.1765,0.1074,0.5539,0.5718,0.5428,0.1684,0.4305,0.192,0.4033,0.1822,0.2485,0.2069,0.467,0.1728,0.4106,0.1797,0.173,0.1818,0.1229,0.558,0.4713,0.2701,0.219,0.2353,0.1063,0.1914,0.5063,0.2196,0.1999,0.2571,0.3048,0.2328,0.1709,0.0907,0.1814,0.38,0.24,0.7754,0.2788,0.5422,0.655,0.1565,0.1373,0.1388,0.1036,0.2315,0.187,0.667,0.0955,0.1644,0.1665,0.6102,0.6661,0.1563,0.1357,0.1392,0.4218,0.1632,0.2488,0.2034,0.169,0.6229,0.5019,0.2212,0.1655,0.1317,0.2941,0.5776,0.4752,0.1148,0.16,0.5741,0.1462,0.1406,0.6538,0.1708,0.1717,0.1775,0.1748,0.5126,0.1899,0.6881,0.3978,0.1551,0.1737
2023-02-07,0.2706,0.4175,0.5818,0.2161,0.2858,0.1947,0.171,0.3419,0.2086,0.3741,0.2575,0.6391,0.679,0.4456,0.1947,0.1802,0.2493,0.3627,0.7488,0.166,0.2392,0.1568,0.2043,0.2278,0.18,0.1623,0.1761,0.4125,0.2001,0.7724,0.4279,0.3353,0.2787,0.3265,0.3559,0.7455,0.4556,0.488,0.4047,0.1762,0.1547,0.1837,0.1626,0.3645,0.4753,0.4495,0.2685,0.2576,0.1707,0.1637,0.1746,0.7627,0.4717,0.3651,0.2025,0.4566,0.3306,0.1378,0.4658,0.1702,0.1636,0.2319,0.1849,0.1653,0.5292,0.1747,0.1686,0.1429,0.1619,0.1868,0.1545,0.572,0.8008,0.8122,0.174,0.3844,0.1762,0.3726,0.187,0.2575,0.2502,0.458,0.1808,0.483,0.1806,0.1696,0.1845,0.1662,0.5495,0.4671,0.4478,0.2011,0.2609,0.1617,0.1813,0.514,0.2429,0.1983,0.244,0.2933,0.2128,0.2353,0.1373,0.176,0.3747,0.2548,0.7678,0.5713,0.509,0.6696,0.1733,0.1842,0.1789,0.2073,0.2118,0.184,0.7472,0.14,0.167,0.185,0.7549,0.7473,0.1577,0.1884,0.2696,0.4295,0.1791,0.2594,0.2144,0.1895,0.6663,0.506,0.2239,0.1697,0.1503,0.3074,0.6043,0.48,0.1971,0.173,0.6004,0.21,0.1487,0.687,0.1644,0.1713,0.1731,0.1877,0.5476,0.1869,0.7176,0.4004,0.1494,0.1678
2023-02-12,0.2159,0.3591,0.5193,0.1829,0.2417,0.1482,0.1286,0.2787,0.1642,0.3205,0.2121,0.5767,0.6158,0.3932,0.1591,0.1349,0.2038,0.3163,0.69,0.1212,0.209,0.1084,0.1592,0.1776,0.1331,0.1142,0.1228,0.346,0.1518,0.7041,0.2267,0.2858,0.2334,0.2793,0.3163,0.6876,0.3857,0.4151,0.3046,0.1233,0.1143,0.1411,0.1148,0.309,0.4026,0.3564,0.2354,0.2165,0.1283,0.1216,0.1211,0.6983,0.4062,0.2927,0.1603,0.3995,0.2868,0.0929,0.4037,0.1271,0.1212,0.1876,0.1356,0.1233,0.4591,0.1278,0.1178,0.0964,0.1277,0.1435,0.0952,0.505,0.7443,0.7576,0.1367,0.3381,0.1326,0.3082,0.1421,0.2155,0.2053,0.3733,0.137,0.4187,0.1369,0.1279,0.1308,0.1328,0.4785,0.4116,0.3946,0.1544,0.2132,0.1222,0.1406,0.4514,0.1943,0.1458,0.2044,0.2524,0.1681,0.1911,0.1012,0.1246,0.3269,0.2096,0.6328,0.5087,0.4377,0.6108,0.1309,0.1393,0.1409,0.1707,0.1167,0.1459,0.6818,0.1148,0.1186,0.1294,0.69,0.6751,0.111,0.1559,0.215,0.3791,0.1208,0.2201,0.1768,0.1237,0.6031,0.4562,0.1798,0.1387,0.1025,0.2683,0.5346,0.4374,0.1569,0.129,0.5245,0.1734,0.1168,0.6284,0.1146,0.1318,0.1353,0.1454,0.4578,0.1463,0.6486,0.3277,0.115,0.1342
2023-02-17,0.2343,0.2972,0.5048,0.1886,0.2439,0.1488,0.1295,0.2736,0.1671,0.3172,0.219,0.6069,0.639,0.3928,0.1711,0.1458,0.2292,0.3098,0.6771,0.1142,0.2085,0.1113,0.1587,0.1746,0.1207,0.121,0.1072,0.3261,0.1686,0.6036,0.233,0.2677,0.2251,0.2779,0.3155,0.6736,0.4307,0.3835,0.2466,0.1419,0.1267,0.1463,0.1239,0.2887,0.3838,0.2697,0.2225,0.2018,0.1282,0.121,0.1512,0.6835,0.3831,0.2864,0.16,0.4019,0.2756,0.095,0.3896,0.1573,0.1123,0.1887,0.1344,0.1139,0.4894,0.1237,0.1334,0.0916,0.1486,0.146,0.1089,0.4971,0.7336,0.7445,0.1329,0.2952,0.1423,0.3012,0.1572,0.2085,0.2057,0.3425,0.132,0.4102,0.1678,0.1225,0.1372,0.1872,0.4914,0.3995,0.4008,0.1803,0.1958,0.1328,0.2005,0.4138,0.1885,0.1499,0.1873,0.2304,0.2885,0.1826,0.1294,0.1649,0.2828,0.198,0.4557,0.4594,0.4142,0.5145,0.1715,0.1565,0.1719,0.2318,0.163,0.145,0.5508,0.1637,0.134,0.1566,0.5438,0.5238,0.3588,0.2084,0.2278,0.2533,0.1218,0.1567,0.2289,0.1254,0.4836,0.3716,0.2001,0.1368,0.119,0.16,0.4028,0.3353,0.1719,0.1411,0.3379,0.191,0.1662,0.4049,0.1477,0.1562,0.1742,0.172,0.3015,0.158,0.4129,0.2428,0.1374,0.1757
2023-02-22,0.21457500000000002,0.330675,0.5368,0.191525,0.24495,0.154025,0.13005,0.24780000000000002,0.17235,0.33575,0.218825,0.6663250000000001,0.693675,0.47675,0.172325,0.15350000000000003,0.28204999999999997,0.335225,0.713175,0.118375,0.21409999999999998,0.113625,0.14865,0.184775,0.13292500000000002,0.128875,0.11885,0.3958,0.169425,0.612525,0.231,0.25895,0.23835,0.28564999999999996,0.3236,0.7097249999999999,0.494925,0.396975,0.25685,0.14177499999999998,0.125725,0.14700000000000002,0.12755,0.314,0.3959,0.29105000000000003,0.218325,0.199025,0.1315,0.125425,0.151,0.715225,0.39865,0.33392499999999997,0.16855,0.466325,0.29460000000000003,0.101625,0.40015,0.149275,0.117475,0.19335000000000002,0.140075,0.11995,0.562425,0.13005,0.13635,0.09615,0.1466,0.15145,0.11372499999999999,0.547625,0.757725,0.7658,0.13685,0.33465,0.14345000000000002,0.36135,0.15945,0.18795,0.20415,0.390725,0.137625,0.477125,0.16820000000000002,0.12545,0.139725,0.17795,0.5613,0.47642500000000004,0.481525,0.1848,0.20595,0.1338,0.190525,0.48512500000000003,0.19525,0.150425,0.175325,0.236375,0.26894999999999997,0.19645,0.12842499999999998,0.1585,0.2511,0.20542500000000002,0.4258,0.544975,0.49165000000000003,0.59745,0.16345,0.14932499999999999,0.16615,0.216225,0.153325,0.14939999999999998,0.632625,0.1537,0.13137500000000002,0.15625,0.6231,0.6056,0.304575,0.19922499999999999,0.23145,0.31365000000000004,0.124825,0.15645,0.22465,0.12962500000000002,0.5569999999999999,0.478525,0.1977,0.14350000000000002,0.11315,0.157175,0.4609,0.43637499999999996,0.16749999999999998,0.14355,0.450775,0.18125,0.160775,0.52085,0.14535,0.154225,0.17185,0.16695,0.425125,0.1616,0.523875,0.351425,0.133925,0.17495
2023-02-27,0.19485000000000002,0.36415,0.5688,0.19445,0.246,0.15925,0.1306,0.222,0.17759999999999998,0.3543,0.21865,0.72575,0.7483500000000001,0.5607,0.17354999999999998,0.1612,0.3349,0.36064999999999997,0.74925,0.12254999999999999,0.2197,0.11595,0.1386,0.19495,0.14515,0.13674999999999998,0.1305,0.4655,0.17025,0.6214500000000001,0.229,0.2502,0.2516,0.2934,0.3317,0.74585,0.55915,0.41045,0.2671,0.14165,0.12475,0.1477,0.1312,0.3393,0.408,0.3124,0.21415,0.19625,0.1348,0.12985,0.1508,0.74695,0.4142,0.38144999999999996,0.1771,0.5307499999999999,0.3136,0.10825,0.4107,0.14125,0.12265000000000001,0.198,0.14575,0.126,0.63545,0.13640000000000002,0.13929999999999998,0.1007,0.1446,0.15689999999999998,0.11855,0.5981500000000001,0.7818499999999999,0.7871,0.14079999999999998,0.3741,0.1446,0.4215,0.1617,0.1674,0.2026,0.43895,0.14325,0.5440499999999999,0.1686,0.12840000000000001,0.14225,0.16870000000000002,0.6312,0.55335,0.56225,0.1893,0.21610000000000001,0.1348,0.18055,0.55645,0.202,0.15095,0.16335,0.24235,0.24939999999999998,0.21030000000000001,0.12745,0.1521,0.21939999999999998,0.21285,0.39590000000000003,0.6305499999999999,0.5690999999999999,0.6804,0.1554,0.14215,0.1604,0.20065,0.14365,0.1538,0.71445,0.1437,0.12875,0.15589999999999998,0.7023999999999999,0.6874,0.25035,0.19005,0.2351,0.374,0.12785,0.1562,0.22039999999999998,0.13385000000000002,0.6304,0.58545,0.1953,0.1502,0.1073,0.15435,0.519,0.53745,0.1631,0.14600000000000002,0.56365,0.17149999999999999,0.15535,0.6368,0.14300000000000002,0.15225,0.16949999999999998,0.1619,0.5487500000000001,0.1652,0.63485,0.46004999999999996,0.13045,0.1742
2023-03-09,0.1554,0.4311,0.6328,0.2003,0.2481,0.1697,0.1317,0.1704,0.1881,0.3914,0.2183,0.8446,0.8577,0.7286,0.176,0.1766,0.4406,0.4115,0.8214,0.1309,0.2309,0.1206,0.1185,0.2153,0.1696,0.1525,0.1538,0.6049,0.1719,0.6393,0.225,0.2327,0.2781,0.3089,0.3479,0.8181,0.6876,0.4374,0.2876,0.1414,0.1228,0.1491,0.1385,0.3899,0.4322,0.3551,0.2058,0.1907,0.1414,0.1387,0.1504,0.8104,0.4453,0.4765,0.1942,0.6596,0.3516,0.1215,0.4318,0.1252,0.133,0.2073,0.1571,0.1381,0.7815,0.1491,0.1452,0.1098,0.1406,0.1678,0.1282,0.6992,0.8301,0.8297,0.1487,0.453,0.1469,0.5418,0.1662,0.1263,0.1995,0.5354,0.1545,0.6779,0.1694,0.1343,0.1473,0.1502,0.771,0.7072,0.7237,0.1983,0.2364,0.1368,0.1606,0.6991,0.2155,0.152,0.1394,0.2543,0.2103,0.238,0.1255,0.1393,0.156,0.2277,0.3361,0.8017,0.724,0.8463,0.1393,0.1278,0.1489,0.1695,0.1243,0.1626,0.8781,0.1237,0.1235,0.1552,0.861,0.851,0.1419,0.1717,0.2424,0.4947,0.1339,0.1557,0.2119,0.1423,0.7772,0.7993,0.1905,0.1636,0.0956,0.1487,0.6352,0.7396,0.1543,0.1509,0.7894,0.152,0.1445,0.8687,0.1383,0.1483,0.1648,0.1518,0.796,0.1724,0.8568,0.6773,0.1235,0.1727
2023-03-14,0.17605,0.4448,0.659325,0.21006,0.25223999999999996,0.18875,0.15275,0.182025,0.19205999999999998,0.35725,0.22492,0.8114,0.84735,0.3875,0.21725,0.1925,0.5196000000000001,0.403925,0.84185,0.14759999999999998,0.22949999999999998,0.128125,0.122875,0.271975,0.18315,0.169275,0.1618,0.653875,0.175425,0.6522749999999999,0.2349,0.2231,0.2561,0.281,0.338075,0.828975,0.72975,0.442625,0.26815,0.148975,0.13415,0.157175,0.145325,0.398125,0.43422499999999997,0.1978,0.203675,0.193625,0.15675,0.158875,0.164725,0.823125,0.45655,0.556025,0.19755,0.7018249999999999,0.320375,0.12919999999999998,0.44495,0.12735000000000002,0.146675,0.208725,0.16649999999999998,0.154825,0.809125,0.156175,0.15125,0.11635,0.144075,0.18245,0.13555,0.732075,0.846375,0.846675,0.15635,0.462125,0.155725,0.5971249999999999,0.17859999999999998,0.1299,0.183525,0.5135,0.163,0.71575,0.1747,0.14005,0.153525,0.15525,0.799175,0.7473500000000001,0.5592,0.201925,0.2228,0.2396,0.1667,0.7368250000000001,0.216675,0.1565,0.1447,0.24705000000000002,0.21575,0.2312,0.2427,0.14285,0.15925,0.224775,0.29515,0.4869,0.4654,0.86195,0.1432,0.1779,0.15507500000000002,0.17222500000000002,0.128375,0.16225,0.8873,0.12392500000000001,0.128375,0.161075,0.5583,0.4846,0.14832499999999998,0.17395,0.24880000000000002,0.5092249999999999,0.13927499999999998,0.15505000000000002,0.221575,0.1479,0.3558,0.81935,0.1665,0.163125,0.10215,0.149175,0.665825,0.766475,0.1901,0.159925,0.8090999999999999,0.2669,0.14907499999999999,0.8763000000000001,0.145875,0.153975,0.17385,0.1616,0.816075,0.17425,0.8659749999999999,0.718875,0.12840000000000001,0.17495
2023-03-19,0.19669999999999999,0.45849999999999996,0.6858500000000001,0.21982,0.25638,0.20779999999999998,0.1738,0.19365,0.19602,0.32310000000000005,0.23154,0.7782,0.837,0.5491,0.2585,0.2084,0.5986,0.39635,0.8623000000000001,0.1643,0.2281,0.13565,0.12725,0.32865,0.1967,0.18605,0.1698,0.70285,0.17895,0.66525,0.24480000000000002,0.2135,0.2341,0.2531,0.32825,0.83985,0.7719,0.44784999999999997,0.2487,0.15655,0.1455,0.16525,0.15215,0.40635,0.43625,0.20653333333333335,0.20155,0.19655,0.1721,0.17905,0.17905000000000001,0.83585,0.4678,0.63555,0.20090000000000002,0.74405,0.28915,0.1369,0.4581,0.1295,0.16035,0.21015,0.1759,0.17154999999999998,0.83675,0.16325,0.1573,0.1229,0.14755000000000001,0.1971,0.1429,0.76495,0.8626499999999999,0.86365,0.16399999999999998,0.47125,0.16455,0.65245,0.191,0.1335,0.16755,0.4916,0.17149999999999999,0.7536,0.18,0.14579999999999999,0.15975,0.1603,0.82735,0.7875000000000001,0.6696666666666666,0.20555,0.2092,0.20343333333333333,0.1728,0.7745500000000001,0.21785,0.161,0.15,0.2398,0.2212,0.2244,0.2117,0.1464,0.1625,0.22185,0.2542,0.6225666666666667,0.6082,0.8776,0.1471,0.16676666666666667,0.16125,0.17495,0.13245,0.1619,0.8965000000000001,0.12415000000000001,0.13324999999999998,0.16695,0.6700333333333334,0.6207333333333334,0.15475,0.1762,0.2552,0.5237499999999999,0.14465,0.1544,0.23125,0.15350000000000003,0.506,0.8393999999999999,0.18646666666666667,0.16265000000000002,0.1087,0.14965,0.69645,0.79335,0.18473333333333333,0.16895,0.8288,0.23483333333333334,0.15365,0.8839,0.15345,0.15965000000000001,0.1829,0.1714,0.83615,0.17609999999999998,0.87515,0.7604500000000001,0.1333,0.1772
2023-03-24,0.21735,0.4722,0.712375,0.22958,0.26052,0.22685,0.19485000000000002,0.205275,0.19998,0.28895000000000004,0.23816,0.745,0.82665,0.7107,0.29975,0.2243,0.6776,0.388775,0.88275,0.181,0.2267,0.143175,0.131625,0.38532500000000003,0.21025,0.20282499999999998,0.17779999999999999,0.751825,0.182475,0.6782250000000001,0.2547,0.2039,0.2121,0.2252,0.31842499999999996,0.8507250000000001,0.8140499999999999,0.453075,0.22925,0.164125,0.15685,0.173325,0.158975,0.414575,0.438275,0.21526666666666666,0.19942500000000002,0.199475,0.18745,0.199225,0.193375,0.848575,0.47905,0.7150749999999999,0.20425000000000001,0.7862750000000001,0.257925,0.1446,0.47125,0.13165,0.174025,0.211575,0.1853,0.188275,0.864375,0.170325,0.16335,0.12945,0.151025,0.21175,0.15025,0.797825,0.878925,0.880625,0.17165,0.480375,0.173375,0.707775,0.2034,0.1371,0.15157500000000002,0.4697,0.18,0.79145,0.1853,0.15155,0.16597499999999998,0.16535,0.8555250000000001,0.82765,0.7801333333333333,0.209175,0.1956,0.16726666666666667,0.1789,0.812275,0.219025,0.1655,0.1553,0.23255,0.22665,0.2176,0.1807,0.14995,0.16575,0.218925,0.21325000000000002,0.7582333333333333,0.751,0.8932500000000001,0.15100000000000002,0.15563333333333332,0.167425,0.177675,0.136525,0.16155,0.9057000000000001,0.124375,0.138125,0.172825,0.7817666666666666,0.7568666666666667,0.161175,0.17845,0.2616,0.538275,0.15002500000000002,0.15375,0.240925,0.15910000000000002,0.6562,0.8594499999999999,0.20643333333333333,0.162175,0.11525,0.150125,0.727075,0.820225,0.17936666666666665,0.177975,0.8485,0.20276666666666665,0.158225,0.8915,0.161025,0.165325,0.19195,0.1812,0.856225,0.17795,0.884325,0.802025,0.1382,0.17945
2023-03-29,0.238,0.4859,0.7389,0.23934,0.26466,0.2459,0.2159,0.2169,0.20394,0.2548,0.24478,0.7118,0.8163,0.8723,0.341,0.2402,0.7566,0.3812,0.9032,0.1977,0.2253,0.1507,0.136,0.442,0.2238,0.2196,0.1858,0.8008,0.186,0.6912,0.2646,0.1943,0.1901,0.1973,0.3086,0.8616,0.8562,0.4583,0.2098,0.1717,0.1682,0.1814,0.1658,0.4228,0.4403,0.224,0.1973,0.2024,0.2028,0.2194,0.2077,0.8613,0.4903,0.7946,0.2076,0.8285,0.2267,0.1523,0.4844,0.1338,0.1877,0.213,0.1947,0.205,0.892,0.1774,0.1694,0.136,0.1545,0.2264,0.1576,0.8307,0.8952,0.8976,0.1793,0.4895,0.1822,0.7631,0.2158,0.1407,0.1356,0.4478,0.1885,0.8293,0.1906,0.1573,0.1722,0.1704,0.8837,0.8678,0.8906,0.2128,0.182,0.1311,0.185,0.85,0.2202,0.17,0.1606,0.2253,0.2321,0.2108,0.1497,0.1535,0.169,0.216,0.1723,0.8939,0.8938,0.9089,0.1549,0.1445,0.1736,0.1804,0.1406,0.1612,0.9149,0.1246,0.143,0.1787,0.8935,0.893,0.1676,0.1807,0.268,0.5528,0.1554,0.1531,0.2506,0.1647,0.8064,0.8795,0.2264,0.1617,0.1218,0.1506,0.7577,0.8471,0.174,0.187,0.8682,0.1707,0.1628,0.8991,0.1686,0.171,0.201,0.191,0.8763,0.1798,0.8935,0.8436,0.1431,0.1817
2023-04-03,0.1446,0.4996,0.8329,0.2491,0.2688,0.1666,0.1559,0.1423,0.2079,0.2185,0.2514,0.9277,0.9231,0.9033,0.4057,0.1808,0.8281,0.4948,0.9107,0.1613,0.2066,0.1254,0.1248,0.5214,0.1713,0.1442,0.1579,0.8394,0.1968,0.6516,0.2809,0.1859,0.1802,0.1897,0.3163,0.8929,0.8847,0.4977,0.1577,0.1591,0.1412,0.1567,0.1478,0.4396,0.491,0.1542,0.1779,0.194,0.1786,0.2605,0.1899,0.8985,0.5381,0.8212,0.2001,0.8884,0.1672,0.1312,0.5185,0.1266,0.182,0.2022,0.1834,0.1831,0.9056,0.1562,0.1437,0.172,0.1551,0.21933333333333332,0.1908,0.7721,0.9073,0.9048,0.1857,0.476,0.1771,0.8023,0.5989,0.1665,0.1261,0.2905,0.207,0.8231,0.1766,0.1508,0.1713,0.1708,0.8972,0.8973,0.9208,0.2042,0.1796,0.1279,0.1533,0.34,0.2108,0.1654,0.1459,0.205,0.218,0.187,0.1451,0.1501,0.1681,0.1908,0.1726,0.9018,0.9072,0.9281,0.1539,0.237,0.2138,0.2,0.1419,0.1425,0.7878,0.1788,0.1485,0.2109,0.8698,0.901,0.1591,0.22,0.287,0.568,0.1876,0.1475,0.2529,0.1716,0.8296,0.895,0.1962,0.1747,0.1297,0.14,0.8132,0.8643,0.1823,0.2137,0.9145,0.1894,0.1612,0.8853,0.1843,0.1931,0.2435,0.1822,0.9069,0.1863,0.883,0.8725,0.131,0.2197
2023-04-08,0.1474,0.54175,0.8189500000000001,0.27425,0.2661,0.1623,0.14495000000000002,0.1433,0.18380000000000002,0.1926,0.2436,0.9158,0.9206000000000001,0.85785,0.3472,0.1727,0.8021499999999999,0.5255000000000001,0.8604499999999999,0.1459,0.18805,0.11085,0.11105,0.44584999999999997,0.15585,0.13305,0.14615,0.7988,0.1792,0.4845,0.321775,0.19095,0.16155,0.17045,0.39435,0.8363,0.8862000000000001,0.526925,0.20702500000000001,0.14275,0.12905,0.1391,0.143,0.4546,0.4313,0.18385,0.16655,0.1691,0.16595,0.2239,0.17225000000000001,0.87615,0.52955,0.47935000000000005,0.1971,0.80565,0.15005,0.1121,0.55035,0.15855,0.16149999999999998,0.1906,0.1594,0.17325000000000002,0.90325,0.1417,0.139,0.1315,0.15065,0.21226666666666666,0.188,0.81115,0.88505,0.8874,0.1659,0.4706,0.17285,0.802,0.41735,0.1433,0.11524999999999999,0.2368,0.17915,0.6728000000000001,0.16975,0.15115,0.15685,0.19375,0.8912,0.8941,0.9132,0.19155,0.16425,0.22605,0.14100000000000001,0.27245,0.1884,0.1866,0.1374,0.1815,0.21534999999999999,0.17304999999999998,0.11405000000000001,0.13825,0.15045,0.18514999999999998,0.16125,0.895,0.86755,0.9158,0.13595000000000002,0.17945,0.1875,0.2044,0.1303,0.12595,0.836,0.13724999999999998,0.13879999999999998,0.18780000000000002,0.87565,0.89725,0.15675,0.1908,0.27985,0.5494,0.156,0.13545,0.24405,0.1519,0.8326,0.8654999999999999,0.18880000000000002,0.14915,0.10355,0.11885000000000001,0.80775,0.84895,0.1777,0.2131,0.9038999999999999,0.19475,0.15445,0.8995,0.18009999999999998,0.16854999999999998,0.2059,0.1739,0.8888,0.16405,0.8743000000000001,0.84965,0.1162,0.21455000000000002
2023-04-13,0.1502,0.5839,0.805,0.2994,0.2634,0.158,0.134,0.1443,0.1597,0.1667,0.2358,0.9039,0.9181,0.8124,0.2887,0.1646,0.7762,0.5562,0.8102,0.1305,0.1695,0.0963,0.0973,0.3703,0.1404,0.1219,0.1344,0.7582,0.1616,0.3174,0.36265000000000003,0.196,0.1429,0.1512,0.4724,0.7797,0.8877,0.55615,0.25634999999999997,0.1264,0.1169,0.1215,0.1382,0.4696,0.3716,0.2135,0.1552,0.1442,0.1533,0.1873,0.1546,0.8538,0.521,0.1375,0.1941,0.7229,0.1329,0.093,0.5822,0.1905,0.141,0.179,0.1354,0.1634,0.9009,0.1272,0.1343,0.091,0.1462,0.2052,0.1852,0.8502,0.8628,0.87,0.1461,0.4652,0.1686,0.8017,0.2358,0.1201,0.1044,0.1831,0.1513,0.5225,0.1629,0.1515,0.1424,0.2167,0.8852,0.8909,0.9056,0.1789,0.1489,0.3242,0.1287,0.2049,0.166,0.2078,0.1289,0.158,0.2127,0.1591,0.083,0.1264,0.1328,0.1795,0.1499,0.8882,0.8279,0.9035,0.118,0.1219,0.1612,0.20879999999999999,0.1187,0.1094,0.8842,0.0957,0.1291,0.1647,0.8815,0.8935,0.1544,0.1616,0.2727,0.5308,0.1244,0.1234,0.2352,0.1322,0.8356,0.836,0.1814,0.1236,0.0774,0.0977,0.8023,0.8336,0.1731,0.2125,0.8933,0.2001,0.1477,0.9137,0.1759,0.144,0.1683,0.1656,0.8707,0.1418,0.8656,0.8268,0.1108,0.2094
2023-04-18,0.14545,0.558,0.8229,0.26645,0.255,0.1587,0.1398,0.139,0.16275,0.16715,0.22870000000000001,0.9183,0.9237,0.8565499999999999,0.23070000000000002,0.16935,0.81925,0.52705,0.8446,0.1567,0.18235,0.1118,0.1069,0.27895000000000003,0.14545,0.1367,0.1365,0.8088500000000001,0.17204999999999998,0.37970000000000004,0.403525,0.194,0.1568,0.1719,0.37,0.817,0.89825,0.585375,0.30567500000000003,0.1452,0.14035,0.1358,0.15655,0.48265,0.49085,0.28165,0.16685,0.16255,0.15875,0.20534999999999998,0.1547,0.8543000000000001,0.5849,0.11145000000000001,0.21225,0.8146,0.14079999999999998,0.09325,0.6173500000000001,0.1437,0.14734999999999998,0.1893,0.15475,0.1691,0.9053500000000001,0.14155,0.1441,0.1032,0.14450000000000002,0.21625,0.1597,0.8605499999999999,0.8647,0.8654999999999999,0.15615,0.47145000000000004,0.16799999999999998,0.8106,0.23945,0.128,0.10925,0.18605,0.1629,0.6926,0.17445,0.15475,0.15475,0.23249999999999998,0.8956,0.8987499999999999,0.9119999999999999,0.19135000000000002,0.15710000000000002,0.22265,0.1438,0.20155,0.1846,0.1839,0.14184999999999998,0.17425000000000002,0.2203,0.15344999999999998,0.1003,0.1405,0.14825,0.20684999999999998,0.16160000000000002,0.9014,0.8695999999999999,0.90825,0.13315,0.12685,0.1562,0.2132,0.12355,0.1193,0.89975,0.10125,0.14300000000000002,0.1768,0.88235,0.8970499999999999,0.16075,0.1652,0.26555,0.5449,0.1433,0.1403,0.2532,0.14700000000000002,0.86105,0.865,0.18480000000000002,0.14405,0.10005,0.11825,0.8164,0.84775,0.20185,0.18145,0.896,0.2242,0.14705000000000001,0.91555,0.19005,0.1503,0.17195,0.1693,0.8854,0.14875,0.8923000000000001,0.8586,0.13125,0.19305
2023-04-23,0.1407,0.5321,0.8408,0.2335,0.2466,0.1594,0.1456,0.1337,0.1658,0.1676,0.2216,0.9327,0.9293,0.9007,0.1727,0.1741,0.8623,0.4979,0.879,0.1829,0.1952,0.1273,0.1165,0.1876,0.1505,0.1515,0.1386,0.8595,0.1825,0.442,0.4444,0.192,0.1707,0.1926,0.2676,0.8543,0.9088,0.6146,0.355,0.164,0.1638,0.1501,0.1749,0.4957,0.6101,0.3498,0.1785,0.1809,0.1642,0.2234,0.1548,0.8548,0.6488,0.0854,0.2304,0.9063,0.1487,0.0935,0.6525,0.0969,0.1537,0.1996,0.1741,0.1748,0.9098,0.1559,0.1539,0.1154,0.1428,0.2273,0.1342,0.8709,0.8666,0.861,0.1662,0.4777,0.1674,0.8195,0.2431,0.1359,0.1141,0.189,0.1745,0.8627,0.186,0.158,0.1671,0.2483,0.906,0.9066,0.9184,0.2038,0.1653,0.1211,0.1589,0.1982,0.2032,0.16,0.1548,0.1905,0.2279,0.1478,0.1176,0.1546,0.1637,0.2342,0.1733,0.9146,0.9113,0.913,0.1483,0.1318,0.1512,0.2176,0.1284,0.1292,0.9153,0.1068,0.1569,0.1889,0.8832,0.9006,0.1671,0.1688,0.2584,0.559,0.1622,0.1572,0.2712,0.1618,0.8865,0.894,0.1882,0.1645,0.1227,0.1388,0.8305,0.8619,0.2306,0.1504,0.8987,0.2483,0.1464,0.9174,0.2042,0.1566,0.1756,0.173,0.9001,0.1557,0.919,0.8904,0.1517,0.1767
2023-04-28,0.18506666666666666,0.50966,0.7495333333333333,0.26358000000000004,0.25438,0.18722,0.17634,0.17303333333333334,0.17456,0.1855,0.23468,0.87812,0.85886,0.7966333333333333,0.23303333333333334,0.1906,0.78848,0.5157666666666667,0.7773666666666667,0.19390000000000002,0.2088,0.15232,0.14458000000000001,0.21778,0.17176,0.19119999999999998,0.17204,0.76806,0.19706,0.4334,0.3897666666666667,0.19506,0.18303999999999998,0.19805999999999999,0.30628,0.7162,0.8237800000000001,0.5564333333333333,0.3678,0.17932,0.1819,0.18182,0.18742,0.46254,0.5207666666666666,0.3444,0.17718,0.19102,0.17766,0.23604,0.18514,0.7837000000000001,0.5633333333333334,0.13306666666666667,0.24264,0.81088,0.17128,0.12725999999999998,0.61226,0.14636666666666664,0.17454,0.20502,0.18232,0.18792,0.8250000000000001,0.16590000000000002,0.17622000000000002,0.13812000000000002,0.17464000000000002,0.23352,0.1618,0.78534,0.7958000000000001,0.6824666666666667,0.2123,0.4366,0.192875,0.74204,0.2398,0.15777999999999998,0.14982,0.19094,0.18872,0.79808,0.21028,0.17558,0.18022,0.26638,0.809,0.8043,0.84364,0.24257,0.18138,0.15022,0.1789125,0.20972,0.20915999999999998,0.18052,0.16722,0.18418333333333334,0.25867,0.17026,0.15822,0.17346,0.17124,0.24046,0.18206,0.84102,0.8622375,0.8308,0.16804,0.16376000000000002,0.18556,0.24786,0.12499999999999999,0.15082,0.8407,0.15968,0.17058,0.21804,0.81218,0.8178599999999999,0.1951,0.1647375,0.2592666666666667,0.5277000000000001,0.19774,0.18348,0.28794,0.2042,0.8133199999999999,0.7605,0.22554000000000002,0.20454,0.1354125,0.18092,0.76016,0.7815799999999999,0.24368,0.18144,0.81606,0.26167999999999997,0.17672,0.8147,0.23006,0.17368,0.172325,0.21483999999999998,0.82272,0.17642,0.82548,0.80098,0.17794,0.20299999999999999
2023-05-03,0.22943333333333332,0.48722,0.6582666666666667,0.29366000000000003,0.26216,0.21503999999999998,0.20708000000000001,0.21236666666666665,0.18332,0.2034,0.24775999999999998,0.82354,0.78842,0.6925666666666667,0.29336666666666666,0.2071,0.71466,0.5336333333333333,0.6757333333333334,0.2049,0.2224,0.17734,0.17266000000000004,0.24796,0.19301999999999997,0.2309,0.20548,0.67662,0.21162,0.4248,0.3351333333333334,0.19812000000000002,0.19538,0.20352,0.34496000000000004,0.5781,0.7387600000000001,0.49826666666666664,0.3806,0.19464,0.2,0.21354,0.19994,0.42938,0.43143333333333334,0.339,0.17586,0.20114,0.19112,0.24868,0.21548,0.7126,0.4778666666666667,0.18073333333333333,0.25488,0.71546,0.19386,0.16102,0.57202,0.1958333333333333,0.19538,0.21044000000000002,0.19054000000000001,0.20104,0.7402000000000001,0.1759,0.19854000000000002,0.16084,0.20648,0.23974,0.1894,0.69978,0.725,0.5039333333333333,0.25839999999999996,0.3955,0.21835,0.66458,0.23650000000000002,0.17966,0.18554,0.19288,0.20294,0.73346,0.23456,0.19316,0.19333999999999998,0.28446,0.712,0.702,0.76888,0.28134000000000003,0.19746,0.17934,0.19892500000000002,0.22124,0.21512,0.20104,0.17964,0.17786666666666667,0.28944,0.19272,0.19884000000000002,0.19232,0.17878,0.24672,0.19082,0.7674399999999999,0.813175,0.7486,0.18778,0.19572,0.21992,0.27812,0.12159999999999999,0.17244,0.7661,0.21256,0.18426,0.24718,0.74116,0.73512,0.2231,0.160675,0.2601333333333333,0.49640000000000006,0.23328,0.20976,0.30468,0.24659999999999999,0.74014,0.627,0.26288,0.24458000000000002,0.148125,0.22304000000000002,0.68982,0.70126,0.25676,0.21248,0.7334200000000001,0.27505999999999997,0.20704,0.712,0.25592,0.19075999999999999,0.16905,0.25668,0.74534,0.19713999999999998,0.73196,0.71156,0.20418,0.22929999999999998
2023-05-08,0.2738,0.46478,0.567,0.32374,0.26994,0.24286,0.23782,0.2517,0.19208,0.2213,0.26083999999999996,0.7689600000000001,0.71798,0.5885,0.3537,0.2236,0.64084,0.5515,0.5741,0.2159,0.236,0.20236,0.20074000000000003,0.27814,0.21427999999999997,0.27059999999999995,0.23892000000000002,0.58518,0.22618000000000002,0.4162,0.2805,0.20118,0.20772,0.20898,0.38364,0.44,0.65374,0.4401,0.3934,0.20996,0.21810000000000002,0.24525999999999998,0.21245999999999998,0.39622,0.3421,0.3336,0.17454,0.21126,0.20458,0.26132,0.24581999999999998,0.6415,0.3924,0.2284,0.26712,0.62004,0.21644,0.19477999999999998,0.5317799999999999,0.2453,0.21622000000000002,0.21586,0.19876,0.21416000000000002,0.6554,0.1859,0.22086,0.18356,0.23832,0.24596,0.21700000000000003,0.61422,0.6542,0.3254,0.3045,0.3544,0.243825,0.58712,0.2332,0.20154,0.22126,0.19482,0.21716000000000002,0.66884,0.25884,0.21074,0.20645999999999998,0.30254,0.615,0.5997,0.69412,0.32011,0.21354,0.20846,0.2189375,0.23276000000000002,0.22108,0.22156,0.19206,0.17155,0.32021,0.21517999999999998,0.23946,0.21118,0.18632,0.25298,0.19958,0.6938599999999999,0.7641125,0.6664,0.20751999999999998,0.22768,0.25428,0.30838,0.11819999999999999,0.19406,0.6915,0.26544,0.19794,0.27632,0.67014,0.65238,0.2511,0.15661250000000002,0.261,0.4651,0.26882,0.23604000000000003,0.32142,0.28900000000000003,0.66696,0.4935,0.30022,0.28462,0.1608375,0.26516,0.61948,0.62094,0.26983999999999997,0.24352000000000001,0.65078,0.28844,0.23736,0.6093,0.28178000000000003,0.20784,0.165775,0.29852,0.66796,0.21786,0.63844,0.62214,0.23041999999999999,0.2556
2023-05-13,0.3263,0.44234,0.57865,0.35382,0.27771999999999997,0.27068,0.26856,0.30985,0.20084000000000002,0.2392,0.27392,0.71438,0.64754,0.61675,0.35409999999999997,0.2401,0.5670200000000001,0.53925,0.5957,0.2269,0.2496,0.22738,0.22882000000000002,0.30832000000000004,0.23553999999999997,0.3103,0.27236000000000005,0.49373999999999996,0.24074,0.43795,0.3557,0.20424,0.22005999999999998,0.21444000000000002,0.42232000000000003,0.48019999999999996,0.56872,0.43295,0.4165,0.22528,0.23620000000000002,0.27698,0.22497999999999999,0.36306000000000005,0.39840000000000003,0.38070000000000004,0.17321999999999999,0.22138000000000002,0.21804,0.27396000000000004,0.27615999999999996,0.5704,0.42510000000000003,0.2966,0.27936,0.52462,0.23902,0.22853999999999997,0.49154,0.30135,0.23706000000000002,0.22128,0.20698,0.22728,0.5706,0.19590000000000002,0.24318,0.20628000000000002,0.27016,0.25218,0.2446,0.5286599999999999,0.5833999999999999,0.42405000000000004,0.3506,0.3133,0.2693,0.50966,0.2299,0.22341999999999998,0.25698000000000004,0.19676,0.23138,0.60422,0.28312,0.22832,0.21958,0.32062,0.518,0.4974,0.6193599999999999,0.35888000000000003,0.22962,0.23758,0.23895,0.24428000000000002,0.22704000000000002,0.24208000000000002,0.20448,0.16523333333333334,0.35097999999999996,0.23764000000000002,0.28008,0.23004000000000002,0.19386,0.25924,0.20834,0.6202799999999999,0.71505,0.5842,0.22726,0.25964000000000004,0.28864,0.33864,0.11479999999999999,0.21568,0.6169,0.31832,0.21162,0.30546,0.59912,0.5696399999999999,0.2791,0.15255000000000002,0.29585,0.4338,0.30435999999999996,0.26232,0.33816,0.33140000000000003,0.59378,0.47645,0.33755999999999997,0.32466000000000006,0.17354999999999998,0.30728,0.54914,0.54062,0.28292,0.27456,0.5681400000000001,0.30182,0.26768,0.5065999999999999,0.30764,0.22492,0.1625,0.34036,0.59058,0.23857999999999996,0.5449200000000001,0.5327200000000001,0.25666,0.2819
2023-05-18,0.3788,0.4199,0.5903,0.3839,0.2855,0.2985,0.2993,0.368,0.2096,0.2571,0.287,0.6598,0.5771,0.645,0.3545,0.2566,0.4932,0.527,0.6173,0.2379,0.2632,0.2524,0.2569,0.3385,0.2568,0.35,0.3058,0.4023,0.2553,0.4597,0.4309,0.2073,0.2324,0.2199,0.461,0.5204,0.4837,0.4258,0.4396,0.2406,0.2543,0.3087,0.2375,0.3299,0.4547,0.4278,0.1719,0.2315,0.2315,0.2866,0.3065,0.4993,0.4578,0.3648,0.2916,0.4292,0.2616,0.2623,0.4513,0.3574,0.2579,0.2267,0.2152,0.2404,0.4858,0.2059,0.2655,0.229,0.302,0.2584,0.2722,0.4431,0.5126,0.5227,0.3967,0.2722,0.294775,0.4322,0.2266,0.2453,0.2927,0.1987,0.2456,0.5396,0.3074,0.2459,0.2327,0.3387,0.421,0.3951,0.5446,0.39765000000000006,0.2457,0.2667,0.2589625,0.2558,0.233,0.2626,0.2169,0.15891666666666668,0.38175,0.2601,0.3207,0.2489,0.2014,0.2655,0.2171,0.5467,0.6659875000000001,0.502,0.247,0.2916,0.323,0.3689,0.1114,0.2373,0.5423,0.3712,0.2253,0.3346,0.5281,0.4869,0.3071,0.1484875,0.3307,0.4025,0.3399,0.2886,0.3549,0.3738,0.5206,0.4594,0.3749,0.3647,0.1862625,0.3494,0.4788,0.4603,0.296,0.3056,0.4855,0.3152,0.298,0.4039,0.3335,0.242,0.159225,0.3822,0.5132,0.2593,0.4514,0.4433,0.2829,0.3082
2023-05-23,0.39875000000000005,0.44005,0.5922666666666667,0.44375,0.29119999999999996,0.3482,0.3311,0.3753666666666667,0.24673333333333333,0.215,0.2862,0.5154333333333334,0.45626666666666665,0.6756666666666666,0.33649999999999997,0.21713333333333332,0.5606333333333333,0.49756666666666666,0.705,0.2957,0.23066666666666666,0.2632333333333333,0.20146666666666668,0.34343333333333337,0.21869999999999998,0.40819999999999995,0.24336666666666668,0.5069,0.2778333333333334,0.5232333333333333,0.40846666666666664,0.21974000000000002,0.2557,0.198,0.39890000000000003,0.6434333333333333,0.4527666666666667,0.5112333333333333,0.3983,0.23843333333333333,0.31983333333333336,0.3598,0.21206666666666665,0.35283333333333333,0.5263666666666666,0.4811666666666667,0.0042,0.16113333333333335,0.22016666666666668,0.3910666666666667,0.3668,0.6291666666666667,0.5531666666666667,0.2811666666666667,0.3617666666666667,0.5519666666666667,0.2118,0.22393333333333332,0.53034,0.3652666666666667,0.32766666666666666,0.21073333333333333,0.1986,0.3647666666666667,0.5564,0.134,0.2979,0.1885,0.3288,0.3841333333333333,0.2534666666666667,0.7992,0.49599999999999994,0.6408666666666667,0.44279999999999997,0.22783333333333333,0.32025,0.4914,0.20976666666666666,0.22613333333333333,0.24864000000000003,0.2155,0.2779,0.5062,0.41026,0.36562,0.2523,0.44078,0.45293333333333335,0.40718,0.53316,0.43642000000000003,0.20078000000000001,0.23978,0.27897500000000003,0.2183,0.27613333333333334,0.2441,0.1577,0.1526,0.41252,0.20326666666666668,0.22906666666666667,0.2379,0.0555,0.26280000000000003,0.1497,0.6079,0.6169250000000001,0.7854,0.1434,0.3577666666666667,0.3355,0.3043666666666667,0.108,0.0531,0.6073,0.26746666666666663,0.177,0.3725,0.5865,0.5467333333333333,0.3437,0.144425,0.2949,0.8214,0.3948333333333333,0.16063333333333335,0.3352333333333333,0.1804,0.6040333333333333,0.8303,0.5096666666666667,0.2367,0.198975,0.2524666666666667,0.5995,0.7648,0.2566,0.29356666666666664,0.5595,0.2735333333333333,0.22386666666666666,0.7967,0.3902666666666667,0.2566,0.15595,0.41609999999999997,0.6411333333333333,0.1707,0.5572,0.49300000000000005,0.1482,0.1362
2023-05-28,0.4187,0.46019999999999994,0.5942333333333333,0.5035999999999999,0.2969,0.39790000000000003,0.3629,0.3827333333333333,0.28386666666666666,0.1729,0.2854,0.3710666666666667,0.33543333333333336,0.7063333333333334,0.3185,0.17766666666666664,0.6280666666666667,0.46813333333333335,0.7927,0.3535,0.19813333333333333,0.2740666666666667,0.14603333333333335,0.34836666666666666,0.18059999999999998,0.4664,0.18093333333333333,0.6114999999999999,0.30036666666666667,0.5867666666666667,0.38603333333333334,0.23218000000000003,0.279,0.1761,0.3368,0.7664666666666666,0.42183333333333334,0.5966666666666667,0.357,0.23626666666666668,0.3853666666666667,0.4109,0.18663333333333335,0.3757666666666667,0.5980333333333333,0.5345333333333333,0.07069999999999999,0.09076666666666666,0.20883333333333334,0.4955333333333333,0.42710000000000004,0.7590333333333333,0.6485333333333333,0.1975333333333333,0.43193333333333334,0.6747333333333334,0.162,0.18556666666666666,0.60938,0.3731333333333333,0.39743333333333336,0.19476666666666667,0.21925,0.48913333333333336,0.627,0.1523,0.33030000000000004,0.14800000000000002,0.35559999999999997,0.5098666666666667,0.23473333333333332,0.74665,0.47939999999999994,0.7590333333333333,0.4889,0.18346666666666667,0.34572499999999995,0.5506,0.19293333333333335,0.20696666666666666,0.20458000000000004,0.309925,0.4535,0.4728,0.51312,0.48534,0.406075,0.54286,0.48486666666666667,0.41926,0.52172,0.47519,0.15586,0.21286,0.29898749999999996,0.3601,0.3192666666666667,0.367275,0.17620000000000002,0.16695,0.44328999999999996,0.14643333333333336,0.13743333333333335,0.35445,0.08275,0.2601,0.1374,0.6690999999999999,0.5678625,0.7664500000000001,0.28735,0.42393333333333333,0.348,0.23983333333333334,0.1046,0.09025,0.6723,0.16373333333333334,0.16455,0.4104,0.6449,0.6065666666666667,0.3946,0.1403625,0.2591,0.69805,0.4497666666666667,0.03266666666666668,0.31556666666666666,0.3444,0.6874666666666667,0.8331999999999999,0.6444333333333334,0.20395,0.21168749999999997,0.15553333333333333,0.7202,0.75495,0.2172,0.28153333333333336,0.6335,0.23186666666666667,0.14973333333333333,0.79065,0.44703333333333334,0.1654,0.152675,0.45,0.7690666666666667,0.2621,0.663,0.5427000000000001,0.24315,0.13915
2023-06-02,0.43865,0.48034999999999994,0.5962,0.56345,0.3026,0.4476,0.3947,0.3901,0.321,0.1308,0.2846,0.2267,0.2146,0.737,0.3005,0.1382,0.6955,0.4387,0.8804,0.4113,0.1656,0.2849,0.0906,0.3533,0.1425,0.5246,0.1185,0.7161,0.3229,0.6503,0.3636,0.24462,0.3023,0.1542,0.2747,0.8895,0.3909,0.6821,0.3157,0.2341,0.4509,0.462,0.1612,0.3987,0.6697,0.5879,0.1372,0.0204,0.1975,0.6,0.4874,0.8889,0.7439,0.1139,0.5021,0.7975,0.1122,0.1472,0.68842,0.381,0.4672,0.1788,0.2399,0.6135,0.6976,0.1706,0.3627,0.1075,0.3824,0.6356,0.216,0.6941,0.4628,0.8772,0.535,0.1391,0.3712,0.6098,0.1761,0.1878,0.16052000000000002,0.40435,0.6291,0.43939999999999996,0.61598,0.60506,0.55985,0.6449400000000001,0.5168,0.43134,0.51028,0.5139600000000001,0.11094000000000001,0.18594,0.319,0.5019,0.3624,0.49045000000000005,0.1947,0.1813,0.47406,0.0896,0.0458,0.471,0.11,0.2574,0.1251,0.7303,0.5188,0.7475,0.4313,0.4901,0.3605,0.1753,0.1012,0.1274,0.7373,0.06,0.1521,0.4483,0.7033,0.6664,0.4455,0.1363,0.2233,0.5747,0.5047,-0.0953,0.2959,0.5084,0.7709,0.8361,0.7792,0.1712,0.2244,0.0586,0.8409,0.7451,0.1778,0.2695,0.7075,0.1902,0.0756,0.7846,0.5038,0.0908,0.1494,0.4839,0.897,0.1069,0.7688,0.5924,0.3381,0.1421
2023-06-07,0.4586,0.5005,0.7816,0.6233,0.3956,0.4973,0.4265,0.4776,0.6351,0.1025,0.3747,0.1692,0.1837,0.576,0.4154,0.4456,0.5376,0.4838,0.8416,0.55035,0.2898,0.4542,-0.2349,0.4836,0.21744999999999998,0.6851,0.1672,0.5175,0.5006,0.6902,0.4989,0.25706,0.3256,0.24535,0.5124,0.7142,0.5125,0.6977500000000001,0.35435,0.2404,0.6307,0.5015,0.1593,0.5953,0.6934499999999999,0.60385,0.4072,0.2243,0.3723,0.6525,0.5651,0.7572,0.7943,0.24505,0.6151,0.6342,0.18614999999999998,0.2681,0.76746,0.5699000000000001,0.6259,0.22244999999999998,0.35325,0.7243,0.8103,0.2914,0.5679000000000001,0.1583,0.4092,0.7410500000000001,0.37334999999999996,0.5223,0.4462,0.64735,0.6362,0.1702,0.5741499999999999,0.5628500000000001,0.15739999999999998,0.1742,0.11646000000000004,0.49877499999999997,0.7243999999999999,0.40599999999999997,0.7188399999999999,0.72478,0.713625,0.74702,0.463,0.44342000000000004,0.49884,0.55273,0.06602,0.15902,0.46930000000000005,0.6638,0.51965,0.613625,0.2522,0.28025,0.5048299999999999,0.0843,0.075,0.63115,0.14065,0.35714999999999997,0.11155,0.58685,0.6890000000000001,0.60035,0.60055,0.61985,0.56045,0.30035,0.14024999999999999,0.15615,0.56355,0.06885,0.2374,0.5579,0.5355000000000001,0.50505,0.5834,0.13025,0.29000000000000004,0.5395,0.6003499999999999,0.1104,0.4022,0.5985499999999999,0.6402,0.7423,0.7939,0.20895,0.29725,0.0752,0.8376,0.63345,0.37639999999999996,0.40654999999999997,0.537,0.2551,0.10145,0.5965,0.6826000000000001,0.042600000000000006,0.1442,0.63495,0.6476999999999999,0.1022,0.57915,0.52025,0.33375,0.16975
2023-06-12,0.6069,0.5647,0.5054,0.7361,0.4966,0.5317,0.5342,0.5601,0.5889,0.1585,0.4781,0.1025,0.1676,0.3826,0.5259,0.3204,0.3865,0.432,0.4369,0.6894,0.2329,0.582,0.0472,0.6878,0.2924,0.8466,0.2002,0.405,0.5853,0.7507,0.6595,0.2695,0.1619,0.3365,0.3329,0.4016,0.7971,0.7134,0.393,0.2447,0.8152,0.7135,0.2058,0.6714,0.7172,0.6198,0.3764,0.1953,0.5471,0.705,0.754,0.3585,0.8447,0.3762,0.6958,0.4671,0.2601,0.389,0.8465,0.7588,0.7846,0.2661,0.4666,0.8351,0.9506,0.4122,0.7731,0.2091,0.436,0.8465,0.5307,0.3505,0.4296,0.4175,0.7374,0.1395,0.7771,0.5159,0.1387,0.1606,0.0724,0.5932,0.8197,0.3726,0.8217,0.8445,0.8674,0.8491,0.7524,0.4555,0.4874,0.5915,0.0211,0.1321,0.6196,0.8257,0.6769,0.7368,0.3097,0.3792,0.5356,0.079,0.1042,0.7913,0.1713,0.4569,0.098,0.4434,0.8592,0.4532,0.7698,0.7496,0.7604,0.4254,0.1793,0.1849,0.3898,0.0777,0.3227,0.6675,0.3677,0.3437,0.7213,0.1242,0.3567,0.5043,0.696,0.3161,0.5085,0.6887,0.5095,0.6485,0.8086,0.2467,0.3701,0.0918,0.8343,0.5218,0.575,0.5436,0.3665,0.32,0.1273,0.4084,0.8614,-0.0056,0.139,0.786,0.3984,0.0975,0.3895,0.4481,0.3294,0.1974
2023-06-17,0.6809,0.6332,0.3322,0.738,0.5659,0.5668,0.6044,0.6051,0.5665,0.153,0.5459,0.0925,0.1203,0.2944,0.5723,0.3234,0.3108,0.4125,0.4903,0.6377,0.2362,0.6936,0.13,0.7201,0.261,0.8246,0.2007,0.3177,0.5542,0.7124,0.5275,0.2296,0.139,0.2441,0.2835,0.4897,0.8415,0.6643,0.3534,0.2019,0.8017,0.7148,0.2769,0.4666,0.665,0.378,0.3768,0.1629,0.4764,0.6918,0.7418,0.454,0.7823,0.1261,0.733,0.3324,0.2344,0.3803,0.7664,0.7524,0.7713,0.2949,0.5326,0.8343,0.9118,0.4586,0.7929,0.2675,0.5024,0.8212,0.5254,0.2811,0.4935,0.4731,0.7728,0.1893,0.7721,0.407,0.1769,0.172,0.176,0.591,0.8049,0.2998,0.8274,0.826,0.8488,0.8294,0.8365,0.3488,0.3632,0.6537,0.1674,0.2479,0.6716,0.8116,0.6138,0.7776,0.4023,0.3529,0.6205,0.2246,0.183,0.7945,0.2266,0.4638,0.1773,0.3474,0.877,0.3476,0.803,0.717,0.7801,0.5213,0.2698,0.2366,0.3009,0.1223,0.4383,0.7166,0.2822,0.2977,0.7459,0.16,0.4119,0.5039,0.7333,0.2352,0.5709,0.7266,0.4255,0.4953,0.7961,0.3223,0.4324,-0.0077,0.7888,0.3785,0.6988,0.6532,0.2927,0.4865,0.1991,0.3094,0.8522,0.2618,0.2154,0.7907,0.4584,0.2897,0.2834,0.7082,0.2088,0.2835
2023-06-22,0.73425,0.6644,0.437075,0.763375,0.613175,0.637625,0.66205,0.6653749999999999,0.492475,0.17395,0.596825,0.1032,0.110575,0.3327333333333333,0.64285,0.303975,0.3028,0.35459999999999997,0.58395,0.671775,0.25515,0.6613666666666667,0.14783333333333334,0.759475,0.25225000000000003,0.84005,0.19824999999999998,0.3177,0.5992000000000001,0.6802,0.49376666666666663,0.29063333333333335,0.1925666666666667,0.3419,0.29772499999999996,0.58375,0.5643,0.6028,0.3549,0.2193,0.7842333333333333,0.6956666666666667,0.3746,0.3873,0.6199666666666667,0.3943333333333333,0.2561,0.2229,0.5584333333333333,0.6761333333333334,0.7492333333333333,0.5534,0.7505666666666667,0.1316,0.6387,0.3024,0.3105,0.4644666666666667,0.7494999999999999,0.7754,0.7265,0.2631,0.5449,0.6922,0.7982,0.4651,0.6703,0.284,0.4936,0.6939,0.513,0.2557,0.7184,0.7053,0.6106,0.274,0.6887,0.3104,0.2713,0.157,0.144,0.52,0.717,0.2553,0.6569,0.7234,0.7214,0.7304,0.7838,0.3163,0.2753,0.6331666666666667,0.1877,0.3362,0.458,0.6992,0.4988,0.5976,0.5205,0.4283,0.5578,0.1819,0.2886,0.6907,0.3607,0.4151,0.2522,0.2732,0.8056,0.2817,0.7168,0.6421,0.7234,0.5435,0.3709,0.3811,0.2637,0.1406,0.4829,0.6623,0.2624,0.2893,0.6415,0.1683,0.4479,0.4382,0.6446,0.3693,0.5901,0.6181,0.3544,0.3353,0.6928,0.3531,0.451,0.2444,0.681,0.281,0.7073,0.6513,0.2554,0.5788,0.2653,0.2508,0.7721,0.2223,0.2846,0.6922,0.6146,0.2492,0.2449,0.7218,0.186,0.3225
2023-06-27,0.7876,0.6956,0.54195,0.7887500000000001,0.66045,0.70845,0.7197,0.7256499999999999,0.41845,0.19490000000000002,0.64775,0.1139,0.10085,0.37106666666666666,0.7134,0.28455,0.2948,0.2967,0.6776,0.7058500000000001,0.2741,0.6291333333333333,0.16566666666666666,0.7988500000000001,0.2435,0.8554999999999999,0.19579999999999997,0.3177,0.6442,0.648,0.46003333333333335,0.3516666666666667,0.24613333333333337,0.4397,0.31194999999999995,0.6778,0.61615,0.5413,0.3564,0.23785,0.7667666666666666,0.6765333333333333,0.4477,0.4749,0.5749333333333334,0.4106666666666667,0.3595,0.33965,0.6404666666666667,0.6604666666666666,0.7566666666666667,0.6528,0.7188333333333333,0.1371,0.6919,0.2724,0.3866,0.5486333333333333,0.7326,0.7984,0.6959,0.2741,0.58165,0.7475,0.81535,0.44575,0.7379,0.27215,0.55755,0.7293000000000001,0.5856,0.24123333333333333,0.77785,0.768,0.70125,0.3036,0.73175,0.30735,0.3273,0.2067,0.21976666666666667,0.6118666666666667,0.48685,0.2401,0.72785,0.75775,0.6758500000000001,0.7605,0.80935,0.2932,0.25234999999999996,0.6126333333333333,0.22715000000000002,0.3449,0.6143,0.46315,0.5720666666666667,0.6828,0.42969999999999997,0.47433333333333333,0.5204,0.3211333333333334,0.39330000000000004,0.7431666666666666,0.43179999999999996,0.5289666666666667,0.35466666666666663,0.2595,0.7990999999999999,0.2116,0.7787,0.6970333333333333,0.7643666666666667,0.6448,0.4658,0.4461333333333333,0.2407,0.12736666666666666,0.5552,0.7293333333333333,0.2501666666666667,0.2765666666666667,0.7119,0.16723333333333334,0.3924,0.57605,0.7194666666666666,0.4913333333333334,0.6728333333333333,0.6958,0.3374,0.2976,0.7533333333333333,0.4490666666666667,0.5573,0.2648666666666667,0.7103,0.26413333333333333,0.7574000000000001,0.7256333333333334,0.23650000000000002,0.6667666666666666,0.40923333333333334,0.22863333333333336,0.8038333333333333,0.33089999999999997,0.41906666666666664,0.7466666666666667,0.6733,0.3873,0.22316666666666668,0.7671333333333333,0.18195,0.4517333333333334
2023-07-02,0.84095,0.7268,0.646825,0.814125,0.7077249999999999,0.7792749999999999,0.77735,0.785925,0.344425,0.21585,0.698675,0.1246,0.09112500000000001,0.4094,0.78395,0.265125,0.2868,0.2388,0.77125,0.739925,0.29305,0.5969,0.1835,0.838225,0.23475000000000001,0.87095,0.19335,0.3177,0.6892,0.6158,0.4263,0.4127,0.2997,0.5375,0.326175,0.77185,0.668,0.4798,0.3579,0.2564,0.7493,0.6574,0.5208,0.5625,0.5299,0.427,0.4629,0.4564,0.7225,0.6448,0.7641,0.7522,0.6871,0.1426,0.7451,0.2424,0.4627,0.6328,0.7157,0.8214,0.6653,0.2851,0.6184,0.8028,0.8325,0.4264,0.8055,0.2603,0.6215,0.7647,0.6582,0.22676666666666664,0.8373,0.8307,0.7919,0.3332,0.7748,0.3043,0.38330000000000003,0.2564,0.2955333333333333,0.7037333333333333,0.2567,0.2249,0.7988,0.7921,0.6303,0.7906,0.8349,0.2701,0.2294,0.5921,0.2666,0.3536,0.7706,0.2271,0.6453333333333333,0.768,0.3389,0.5203666666666666,0.483,0.4603666666666667,0.498,0.7956333333333333,0.5028999999999999,0.6428333333333334,0.4571333333333333,0.2458,0.7926,0.1415,0.8406,0.7519666666666667,0.8053333333333333,0.7461,0.5607,0.5111666666666667,0.2177,0.11413333333333334,0.6275,0.7963666666666667,0.23793333333333336,0.2638333333333333,0.7823,0.16616666666666666,0.3369,0.7139,0.7943333333333333,0.6133666666666667,0.7555666666666667,0.7735,0.3204,0.2599,0.8138666666666666,0.5450333333333334,0.6636,0.2853333333333333,0.7396,0.24726666666666666,0.8075,0.7999666666666666,0.2176,0.7547333333333334,0.5531666666666667,0.2064666666666667,0.8355666666666667,0.4395,0.5535333333333332,0.8011333333333334,0.732,0.5254,0.20143333333333333,0.8124666666666667,0.1779,0.5809666666666667
2023-07-07,0.8943,0.758,0.7517,0.8395,0.755,0.8501,0.835,0.8462,0.2704,0.2368,0.7496,0.1353,0.0814,0.2188,0.8545,0.2457,0.3295,0.4687,0.8649,0.774,0.312,0.8952,0.1283,0.8776,0.226,0.8864,0.1909,0.3153,0.8469,0.8006,0.5833,0.4404,0.3855,0.6353,0.3404,0.8659,0.2807,0.6039,0.3896,0.2756,0.8817,0.8233,0.6497,0.6806,0.6406,0.3986,0.5366,0.5789,0.8254,0.7792,0.8083,0.8126,0.7592,0.139,0.7992,0.2468,0.568,0.7977,0.7729,0.8855,0.8625,0.2832,0.6659,0.8715,0.4923,0.3873,0.8887,0.228,0.6831,0.857,0.7962,0.2123,0.8902,0.8803,0.8705,0.3593,0.8322,0.2695,0.4393,0.1584,0.3713,0.7956,0.8195,0.2562,0.8621,0.838,0.9012,0.8205,0.6406,0.2208,0.2204,0.7894,0.2264,0.4876,0.8448,0.8705,0.7186,0.8532,0.2481,0.5664,0.7523,0.5996,0.6027,0.8481,0.574,0.7567,0.5596,0.2378,0.6268,0.216,0.9025,0.8069,0.8463,0.8474,0.6568,0.5762,0.1947,0.1009,0.6998,0.8634,0.2257,0.2511,0.8527,0.1651,0.7605,0.5072,0.8692,0.7354,0.8383,0.8512,0.3034,0.2222,0.8744,0.641,0.7699,0.3058,0.7689,0.2304,0.8576,0.8743,0.1987,0.8427,0.6971,0.1843,0.8673,0.7182,0.688,0.8556,0.7907,0.805,0.1797,0.8578,0.2152,0.7102
2023-07-12,0.8188,0.7362,0.7296,0.7596,0.6677,0.7758,0.7426,0.7748,0.2402,0.2364,0.6488,0.183,0.1001,0.1912,0.7784,0.215,0.2507,0.431,0.8191,0.7268,0.3257,0.8067,0.1155,0.7976,0.2195,0.7885,0.1886,0.2908,0.7661,0.7503,0.5431,0.364,0.2789,0.538,0.3167,0.8155,0.4133,0.5155,0.3069,0.1515,0.804,0.7304,0.6362,0.639,0.5077,0.3187,0.4741,0.5108,0.7543,0.6977,0.7322,0.7628,0.6792,0.1598,0.7291,0.2799,0.4941,0.7427,0.6965,0.8048,0.7792,0.2796,0.5417,0.779,0.3945,0.304,0.8002,0.1795,0.5849,0.7525,0.7277,0.1979,0.799,0.7927,0.7784,0.3346,0.7506,0.2382,0.5189,0.168,0.3806,0.7079,0.7582,0.2897,0.7712,0.7727,0.8127,0.7708,0.2946,0.2295,0.21,0.7078,0.3196,0.5864,0.7671,0.7809,0.6273,0.7557,0.2059,0.4975,0.6772,0.5289,0.685,0.7567,0.642,0.6627,0.6079,0.2373,0.2742,0.2111,0.7888,0.703,0.7545,0.7726,0.6717,0.6216,0.2053,0.1131,0.6353,0.7689,0.2466,0.2721,0.7578,0.1605,0.7163,0.4563,0.7782,0.6819,0.7385,0.7532,0.282,0.2016,0.7625,0.5698,0.7156,0.5233,0.6725,0.23,0.7532,0.816,0.226,0.7913,0.68,0.1919,0.7867,0.6097,0.6788,0.7732,0.2601,0.7332,0.1842,0.2892,0.3034,0.6856
2023-07-17,0.8139,0.7688,0.3076,0.7552,0.7027,0.7948,0.7391,0.7745,0.257,0.2932,0.6543,0.2445,0.0875,0.1963,0.7766,0.2063,0.2488,0.4523,0.3118,0.8047,0.3378,0.8021,0.0623,0.7941,0.2304,0.8125,0.2076,0.3251,0.7686,0.7559,0.5376,0.4804,0.2881,0.6943,0.2894,0.3474,0.6134,0.5275,0.3266,0.14,0.8231,0.7458,0.6704,0.678,0.5193,0.3346,0.5758,0.5257,0.7776,0.7127,0.7506,0.3657,0.7063,0.2895,0.7246,0.3357,0.5936,0.7774,0.671,0.8197,0.7866,0.3029,0.5627,0.8089,0.6969,0.2968,0.7944,0.2198,0.596,0.7895,0.755,0.1958,0.553,0.7408,0.8006,0.3538,0.7535,0.2403,0.6764,0.2656,0.3175,0.7161,0.7599,0.3736,0.7834,0.7935,0.8069,0.7757,0.5606,0.2239,0.2062,0.7328,0.4143,0.6945,0.7741,0.8155,0.6123,0.7635,0.1969,0.5377,0.689,0.5474,0.7466,0.7656,0.7587,0.7393,0.6954,0.2388,0.5247,0.2143,0.8016,0.7258,0.7671,0.8351,0.7281,0.7047,0.224,0.1103,0.654,0.7869,0.2714,0.2877,0.7636,0.1565,0.7619,0.471,0.8038,0.7752,0.7642,0.7824,0.2989,0.19,0.8012,0.609,0.7521,0.6753,0.6851,0.1837,0.7717,0.8485,0.2458,0.805,0.783,0.2105,0.7863,0.6032,0.7705,0.8044,0.4622,0.7316,0.2018,0.491,0.373,0.7881
2023-07-22,0.579,0.4315,0.2193,0.6523,0.5115,0.6274,0.5435,0.4429,0.2892,0.345,0.5705,0.3103,0.1284,0.2263,0.479,0.2332,0.28,0.3793,0.3091,0.6937,0.3332,0.7011,0.3262,0.4151,0.2583,0.671,0.3206,0.4062,0.6224,0.5015,0.4792,0.38225,0.26,0.5426,0.3119,0.313,0.6171,0.4415,0.1543,0.1308,0.77545,0.7194,0.4763,0.49355000000000004,0.3485,0.38995,0.423,0.2447,0.3828,0.3915,0.6571,0.2635,0.6811,0.39805,0.6552250000000001,0.3916,0.70665,0.6882,0.67045,0.79025,0.3987,0.31875,0.5129,0.6738,0.5918,0.30920000000000003,0.617,0.2911,0.5293,0.6853,0.6207,0.2175,0.2038,0.2083,0.6721,0.337,0.6346,0.23705,0.6283,0.3484,0.38405,0.6271,0.6575,0.3808,0.711,0.707,0.7088,0.7092999999999999,0.6425,0.2126,0.2031,0.6339,0.3757,0.5111,0.7034,0.6977,0.4825,0.6578,0.2428,0.492,0.6027,0.5694,0.6834,0.6605,0.5655,0.6365,0.5443,0.2025,0.6525,0.2259,0.6021,0.6627,0.7,0.4122,0.634,0.6154,0.2509,0.1145,0.501,0.607,0.2906,0.2964,0.6321,0.1473,0.7091,0.4311,0.733,0.7026,0.6996,0.7179,0.3027,0.198,0.6947,0.6023,0.7114,0.6601,0.6294,0.1923,0.6639,0.7938,0.2914,0.7586,0.7559,0.2116,0.6926,0.5951,0.7457,0.6806,0.5034,0.6911,0.2128,0.49,0.4687,0.6236
2023-07-27,0.7297,0.6152,0.4367,0.6961,0.6958,0.7757,0.6864,0.7328,0.3392,0.4204,0.6375,0.4065,0.188,0.2259,0.7241,0.297,0.2673,0.3512,0.3897,0.5228,0.2764,0.3712,0.622,0.6985,0.2484,0.4629,0.2275,0.45613333333333334,0.3538,0.3644,0.4669,0.2841,0.2319,0.8056,0.2908,0.4538,0.339,0.5318,0.4352,0.2805,0.7278,0.693,0.4925333333333333,0.3091,0.5542,0.4453,0.2702,0.3632,0.7509,0.6242,0.7313,0.5409,0.6559,0.5066,0.58585,0.4475,0.8197,0.7428,0.6699,0.7608,0.7029,0.3346,0.3324,0.688,0.5609,0.3216,0.4396,0.4727,0.6407,0.5777,0.7312,0.2059,0.4681,0.3595,0.4369,0.3081,0.2877,0.2338,0.3835,0.4443,0.4506,0.4149,0.3753,0.4257,0.6386,0.6816,0.5721,0.6429,0.7174,0.2358,0.2156,0.5973,0.3204,0.3715,0.6372,0.6015,0.3796,0.6838,0.3184,0.6507,0.653,0.6627666666666667,0.249,0.4318,0.6399,0.5227,0.6373,0.262,0.6803,0.2269,0.6787,0.6628,0.6773,0.7357,0.3453,0.64,0.26753333333333335,0.10783333333333334,0.3882,0.5181,0.3441,0.3278333333333333,0.4217,0.15103333333333332,0.7652333333333333,0.2028,0.6408,0.7736,0.7179666666666666,0.4605,0.196,0.1909,0.4394,0.5623,0.7194,0.7538,0.6374666666666666,0.1966,0.7288,0.8057,0.2829,0.6903,0.7029,0.2374,0.7316,0.2703,0.3077,0.7664,0.6554,0.2994,0.2212,0.6699,0.2803,0.3651
2023-08-01,0.76955,0.62165,0.5679000000000001,0.6305499999999999,0.6876,0.77935,0.6625,0.7463,0.3765,0.4906,0.64795,0.52115,0.1336,0.23879999999999998,0.72805,0.31965,0.28615,0.3146,0.5658,0.7103,0.3349,0.5547,0.5695,0.58375,0.31925000000000003,0.6066499999999999,0.333,0.5060666666666667,0.5361,0.3923,0.5497,0.51345,0.4862,0.7924,0.3015,0.6007,0.5422,0.5893,0.42974999999999997,0.21505000000000002,0.47650000000000003,0.62515,0.5087666666666667,0.36535,0.59545,0.4477,0.53155,0.5738,0.7341,0.4335,0.6998,0.6782,0.68105,0.64495,0.516475,0.5034000000000001,0.8175,0.71925,0.67925,0.77145,0.5882999999999999,0.35045000000000004,0.32394999999999996,0.45814999999999995,0.6932,0.37785,0.5087999999999999,0.54935,0.6308,0.41059999999999997,0.731,0.2187,0.59465,0.50735,0.53585,0.3033,0.38970000000000005,0.23575000000000002,0.60955,0.563,0.5838,0.493,0.42685,0.4813,0.56545,0.64845,0.6651,0.5765,0.76905,0.2479,0.20845000000000002,0.6369,0.5734,0.5892,0.67825,0.6577999999999999,0.6086,0.7023999999999999,0.3518,0.7284999999999999,0.64985,0.7561333333333333,0.54245,0.54305,0.7528,0.6926000000000001,0.72235,0.23305,0.74505,0.2208,0.7222999999999999,0.6629,0.6546,0.8241499999999999,0.4838,0.71045,0.2841666666666667,0.10116666666666667,0.4448,0.62215,0.3976,0.3592666666666667,0.5669,0.15476666666666666,0.8213666666666666,0.31865,0.6908000000000001,0.81855,0.7363333333333334,0.5735,0.2576,0.18869999999999998,0.6195999999999999,0.6376999999999999,0.72785,0.80785,0.6455333333333333,0.20429999999999998,0.7263999999999999,0.7909999999999999,0.2818,0.7505,0.74665,0.22110000000000002,0.6597500000000001,0.56975,0.5394,0.7685500000000001,0.7304999999999999,0.59585,0.2132,0.74735,0.53085,0.63325
2023-08-06,0.8094,0.6281,0.6991,0.565,0.6794,0.783,0.6386,0.7598,0.4138,0.5608,0.6584,0.6358,0.0792,0.2517,0.732,0.3423,0.305,0.278,0.7419,0.8978,0.3934,0.7382,0.517,0.469,0.3901,0.7504,0.4385,0.556,0.7184,0.4202,0.6325,0.7428,0.7405,0.7792,0.3122,0.7476,0.7454,0.6468,0.4243,0.1496,0.2252,0.5573,0.525,0.4216,0.6367,0.4501,0.7929,0.7844,0.7173,0.2428,0.6683,0.8155,0.7062,0.7833,0.4471,0.5593,0.8153,0.6957,0.6886,0.7821,0.4737,0.3663,0.3155,0.2283,0.8255,0.4341,0.578,0.626,0.6209,0.2435,0.7308,0.2315,0.7212,0.6552,0.6348,0.2985,0.4917,0.2377,0.8356,0.6817,0.717,0.5711,0.4784,0.5369,0.4923,0.6153,0.7581,0.5101,0.8207,0.26,0.2013,0.6765,0.8264,0.8069,0.7193,0.7141,0.8376,0.721,0.3852,0.8063,0.6467,0.8495,0.8359,0.6543,0.8657,0.8625,0.8074,0.2041,0.8098,0.2147,0.7659,0.663,0.6319,0.9126,0.6223,0.7809,0.3008,0.0945,0.5014,0.7262,0.4511,0.3907,0.7121,0.1585,0.8775,0.4345,0.7408,0.8635,0.7547,0.6865,0.3192,0.1865,0.7998,0.7131,0.7363,0.8619,0.6536,0.212,0.724,0.7763,0.2807,0.8107,0.7904,0.2048,0.5879,0.8692,0.7711,0.7707,0.8056,0.8923,0.2052,0.8248,0.7814,0.9014
2023-08-11,0.7508,0.5951,0.6747,0.4533,0.5981,0.3389,0.5292,0.6915,0.4224,0.5371,0.5724,0.641,0.0836,0.2655,0.6366,0.3326,0.3332,0.2235,0.7271,0.8612,0.4059,0.1996,0.5622,0.2102,0.3644,0.6725,0.4283,0.5795,0.2661,0.4137,0.6232,0.7059,0.7303,0.7562,0.2666,0.7479,0.2748,0.5597,0.331,0.1406,0.1748,0.1944,0.4724,0.4006,0.554,0.3459,0.7794,0.7954,0.7008,0.2163,0.5637,0.8088,0.6697,0.7858,0.4089,0.5665,0.7796,0.1718,0.6551,0.7302,0.1903,0.3163,0.299,0.1923,0.3013,0.428,0.3035,0.5964,0.495,0.1857,0.2498,0.2596,0.6815,0.6393,0.5257,0.2821,0.4078,0.2428,0.8087,0.6164,0.6907,0.4691,0.4348,0.5605,0.3969,0.5452,0.6861,0.4071,0.2593,0.2907,0.1964,0.61,0.8212,0.7846,0.6269,0.6436,0.826,0.6293,0.4048,0.7799,0.5608,0.8301,0.8,0.5652,0.8431,0.8505,0.8124,0.2065,0.2809,0.2199,0.6981,0.5714,0.5407,0.8692,0.5748,0.748,0.3277,0.1,0.4167,0.6611,0.4623,0.4145,0.6231,0.1565,0.8506,0.4251,0.6713,0.8298,0.6779,0.5908,0.3237,0.1917,0.7543,0.6176,0.659,0.8349,0.6161,0.2214,0.6335,0.7311,0.2953,0.7451,0.7466,0.2147,0.4506,0.8228,0.7281,0.6857,0.2777,0.8457,0.2148,0.3034,0.7827,0.8526
2023-08-16,0.7387,0.5979,0.6631,0.4077,0.5554,0.2967,0.4715,0.6773,0.4233,0.5232,0.5353,0.6975,0.0422,0.286,0.6097,0.3162,0.3568,0.182,0.6978,0.8753,0.4424,0.1585,0.6618,0.1762,0.3347,0.624,0.4189,0.619,0.2225,0.4291,0.5466,0.773,0.8122,0.7934,0.2604,0.7355,0.4018,0.5403,0.3178,0.1314,0.1556,0.1663,0.4622,0.4246,0.5356,0.3348,0.8149,0.8428,0.7739,0.2149,0.5086,0.7897,0.6726,0.8147,0.382,0.6086,0.8051,0.1343,0.6598,0.7112,0.1639,0.3022,0.3032,0.1831,0.494,0.4501,0.1759,0.6175,0.4481,0.1677,0.2166,0.2906,0.6249,0.5961,0.4506,0.2491,0.3838,0.2427,0.8368,0.607,0.7631,0.4253,0.4144,0.5949,0.3664,0.5205,0.6416,0.3594,0.3731,0.3345,0.1875,0.5906,0.8678,0.8423,0.5644,0.4735,0.8645,0.5702,0.4375,0.8202,0.5085,0.882,0.8334,0.5281,0.8641,0.8763,0.8378,0.2001,0.366,0.2163,0.6681,0.5379,0.4839,0.8761,0.5581,0.793,0.3367,0.0752,0.3214,0.6308,0.4985,0.409,0.3192,0.1408,0.8596,0.4161,0.6333,0.84,0.6281,0.5409,0.3259,0.1793,0.7401,0.5899,0.6368,0.8707,0.6006,0.2238,0.5651,0.7069,0.2974,0.7059,0.7597,0.2069,0.3869,0.8636,0.7333,0.6234,0.3452,0.8784,0.2072,0.3731,0.8108,0.8824
2023-08-21,0.7034,0.6008,0.5054,0.3802,0.518,0.3329,0.4083,0.6449,0.4336,0.5128,0.4917,0.7168,0.0471,0.3291,0.5617,0.3187,0.3901,0.1389,0.5546,0.8845,0.5219,0.1589,0.763,0.1754,0.3312,0.4667,0.4125,0.6588,0.231,0.4627,0.5239,0.8156,0.8558,0.8121,0.2528,0.7095,0.4975,0.5496,0.3283,0.1629,0.1533,0.1655,0.4541,0.4546,0.5463,0.3383,0.8367,0.8819,0.8141,0.2422,0.4721,0.7593,0.6813,0.8205,0.3734,0.6467,0.8326,0.1241,0.6687,0.6757,0.1704,0.3017,0.3461,0.2099,0.6441,0.4735,0.1753,0.6245,0.4097,0.1855,0.2357,0.3553,0.5688,0.5534,0.2102,0.2597,0.383,0.2606,0.8573,0.5793,0.8192,0.2283,0.4199,0.6362,0.3662,0.5035,0.587,0.3207,0.5452,0.4031,0.1988,0.5613,0.905,0.8657,0.5091,0.2376,0.8986,0.249,0.4807,0.8441,0.4587,0.9239,0.8572,0.2297,0.8849,0.9029,0.8681,0.2067,0.5288,0.2373,0.6194,0.5129,0.4424,0.8764,0.4492,0.8356,0.3069,0.081,0.3404,0.2836,0.3148,0.1684,0.2673,0.1455,0.8621,0.3972,0.2907,0.8359,0.5801,0.4895,0.3543,0.1979,0.7078,0.5792,0.6446,0.8811,0.5864,0.2558,0.4865,0.634,0.3252,0.6464,0.7655,0.235,0.3677,0.8446,0.7405,0.3023,0.5087,0.8551,0.2357,0.5659,0.8298,0.8697
2023-08-26,0.3387,0.4137,0.288,0.3211,0.2914,0.3678,0.2284,0.3268,0.433,0.5191,0.2819,0.662,0.0585,0.2043,0.309,0.3246,0.4108,0.1398,0.2718,0.8341,0.523,0.1511,0.7313,0.1816,0.3405,0.2367,0.4128,0.6453,0.2432,0.1853,0.4529,0.7645,0.8038,0.7483,0.2257,0.2538,0.5266,0.5113,0.323,0.209,0.1524,0.1749,0.4408,0.4367,0.5156,0.3463,0.7833,0.8227,0.769,0.2577,0.3793,0.2616,0.6407,0.7779,0.3334,0.6354,0.7567,0.1167,0.6185,0.2989,0.1709,0.3217,0.3717,0.2302,0.6713,0.4784,0.1806,0.5942,0.3332,0.2064,0.1392,0.4029,0.2328,0.2427,0.2063,0.2589,0.3362,0.2621,0.7967,0.5636,0.7928,0.2179,0.362,0.5999,0.3072,0.4234,0.2854,0.2855,0.6157,0.4231,0.2113,0.299,0.8695,0.8053,0.4497,0.1778,0.8706,0.2242,0.4951,0.7884,0.2755,0.8835,0.8007,0.212,0.8411,0.8661,0.8253,0.2156,0.5902,0.1787,0.2708,0.4574,0.3895,0.8166,0.3271,0.7652,0.153,0.0895,0.2503,0.2298,0.1866,0.1443,0.2615,0.1541,0.8129,0.2987,0.2493,0.8051,0.5141,0.265,0.2652,0.2127,0.3325,0.5361,0.6282,0.8356,0.5512,0.257,0.4021,0.4923,0.3438,0.5635,0.7311,0.2301,0.3398,0.7888,0.7221,0.2339,0.5554,0.806,0.26,0.6305,0.7999,0.8235
2023-08-31,0.2452,0.4416,0.451,0.3724,0.2157,0.4615,0.2152,0.2578,0.5031,0.5955,0.2081,0.702,0.0876,0.2017,0.2543,0.3727,0.511,0.1781,0.4393,0.8174,0.5859,0.1578,0.7441,0.2269,0.4013,0.201,0.4918,0.6916,0.2724,0.2245,0.6198,0.7541,0.7988,0.7476,0.2973,0.4271,0.5919,0.6417,0.424,0.2404,0.1797,0.2116,0.5342,0.5377,0.6326,0.4531,0.7478,0.7996,0.7734,0.1453,0.4405,0.4684,0.7257,0.8237,0.3542,0.7007,0.7867,0.1248,0.7004,0.2115,0.1736,0.4189,0.4499,0.2451,0.7023,0.5606,0.1952,0.7056,0.3737,0.2408,0.1335,0.4782,0.3056,0.3066,0.1945,0.3028,0.3598,0.3116,0.8117,0.6759,0.8297,0.2145,0.3694,0.6335,0.3346,0.4628,0.2462,0.2672,0.6811,0.5178,0.2234,0.2673,0.8696,0.79,0.4504,0.142,0.884,0.2195,0.5871,0.7837,0.2586,0.9034,0.8047,0.2055,0.8337,0.8707,0.8727,0.2132,0.6768,0.1753,0.1923,0.5017,0.4177,0.8777,0.2968,0.7886,0.1495,0.1029,0.2797,0.2063,0.1856,0.1498,0.299,0.1652,0.8374,0.2188,0.2502,0.8097,0.5824,0.2371,0.2924,0.2561,0.2529,0.6556,0.7369,0.8445,0.6148,0.3013,0.4095,0.5122,0.3932,0.6061,0.7885,0.2315,0.3624,0.7935,0.7542,0.1821,0.6504,0.8012,0.2893,0.7147,0.8446,0.8236
2023-09-05,0.2311,0.5107,0.597,0.3426,0.2173,0.4943,0.232,0.2481,0.5349,0.5695,0.2069,0.7533,0.0843,0.1515,0.2422,0.3681,0.5477,0.1456,0.7447,0.8233,0.6467,0.1599,0.7914,0.2001,0.3979,0.2059,0.4875,0.6648,0.3116,0.1527,0.6933,0.7951,0.8382,0.7476,0.309,0.685,0.6092,0.5976,0.3671,0.2655,0.1492,0.1347,0.4801,0.5796,0.586,0.4085,0.785,0.8227,0.8039,0.1337,0.3896,0.6909,0.7198,0.8153,0.3333,0.4937,0.7923,0.0988,0.6995,0.2093,0.1499,0.4221,0.4904,0.2795,0.7227,0.5781,0.1785,0.704,0.3338,0.2592,0.1239,0.5301,0.4779,0.5028,0.2031,0.2708,0.335,0.3085,0.8186,0.6415,0.8441,0.2171,0.3789,0.2814,0.3004,0.428,0.2454,0.2506,0.726,0.5104,0.1765,0.2492,0.8621,0.7798,0.4493,0.1628,0.8964,0.2201,0.5798,0.7801,0.2401,0.9058,0.7759,0.2083,0.8194,0.8699,0.8632,0.1421,0.7328,0.1313,0.2011,0.4777,0.3791,0.8592,0.2166,0.7615,0.1498,0.1006,0.2485,0.2299,0.1774,0.1365,0.3252,0.1541,0.7757,0.1642,0.2809,0.7887,0.5292,0.2495,0.2597,0.2762,0.2734,0.6446,0.6763,0.8185,0.6056,0.3222,0.3575,0.4854,0.4213,0.5652,0.7248,0.1231,0.3457,0.763,0.6985,0.1983,0.6804,0.7755,0.3137,0.7234,0.8489,0.7943
2023-09-10,0.233,0.5235,0.6454,0.3291,0.2196,0.4783,0.1924,0.2579,0.5204,0.5203,0.1971,0.7535,0.0815,0.1444,0.2472,0.3621,0.5526,0.1371,0.8044,0.7748,0.5848,0.1539,0.7749,0.1979,0.3916,0.1941,0.4789,0.3586,0.3136,0.1437,0.73,0.7512,0.8078,0.6964,0.3127,0.7496,0.2951,0.5831,0.3409,0.259,0.1244,0.1252,0.4306,0.568,0.5654,0.3791,0.7331,0.7903,0.7645,0.1095,0.3439,0.755,0.7013,0.7916,0.2943,0.3323,0.7301,0.0834,0.6724,0.2206,0.1266,0.4113,0.4898,0.2876,0.3005,0.5609,0.1479,0.6779,0.2986,0.2656,0.1092,0.5042,0.5073,0.5408,0.185,0.2554,0.3203,0.3134,0.7667,0.6045,0.8184,0.1766,0.3598,0.1874,0.2874,0.3689,0.1842,0.2389,0.3203,0.4997,0.1356,0.2539,0.8388,0.7326,0.4174,0.1513,0.8748,0.2227,0.5797,0.7275,0.2392,0.8895,0.7036,0.2127,0.7645,0.8285,0.852,0.1319,0.3516,0.1237,0.2043,0.2219,0.3367,0.8129,0.2281,0.7056,0.1406,0.0979,0.2584,0.2376,0.1545,0.1283,0.34,0.1527,0.6044,0.161,0.2956,0.7553,0.4784,0.2626,0.1774,0.3011,0.2947,0.6196,0.6241,0.7877,0.6018,0.3466,0.3294,0.4606,0.4399,0.5296,0.5245,0.1177,0.324,0.7093,0.5621,0.2004,0.326,0.7308,0.337,0.3269,0.8037,0.7398
2023-09-15,0.23883333333333334,0.5481333333333334,0.6631666666666667,0.2851666666666667,0.21796666666666667,0.3623,0.17053333333333331,0.27540000000000003,0.5078333333333334,0.46236666666666665,0.20196666666666666,0.7482333333333333,0.08533333333333333,0.15603333333333333,0.25306666666666666,0.35306666666666664,0.5042666666666666,0.12743333333333334,0.8043666666666667,0.7547333333333334,0.5921333333333333,0.15606666666666666,0.7487333333333334,0.2031,0.3793666666666667,0.18246666666666667,0.4570666666666667,0.30136666666666667,0.33613333333333334,0.13593333333333332,0.6427,0.7249333333333333,0.7808666666666666,0.6761666666666667,0.2985333333333333,0.7540666666666667,0.42679999999999996,0.5928333333333333,0.3934333333333333,0.30056666666666665,0.13193333333333332,0.12916666666666668,0.45403333333333334,0.5161333333333333,0.5749666666666666,0.43116666666666664,0.7144,0.7753,0.7594333333333333,0.11726666666666667,0.292,0.7656333333333334,0.6947666666666666,0.7376333333333334,0.26533333333333337,0.2695666666666667,0.7069666666666666,0.09406666666666667,0.6811666666666667,0.2304,0.13773333333333332,0.4208,0.49333333333333335,0.2796666666666667,0.416525,0.5684,0.149,0.6448333333333333,0.25689999999999996,0.26103333333333334,0.11786666666666666,0.4577333333333333,0.5216666666666666,0.5656333333333333,0.18143333333333334,0.23486666666666667,0.27759999999999996,0.3176,0.7446666666666667,0.5249,0.7976666666666666,0.17403333333333335,0.36013333333333336,0.1817,0.2843,0.3082666666666667,0.1848,0.2172,0.42932499999999996,0.5128333333333334,0.14183333333333334,0.26006666666666667,0.8288333333333333,0.7052,0.39525,0.1635,0.865,0.2083,0.5442666666666667,0.7082666666666667,0.22916666666666666,0.8706999999999999,0.6632,0.19806666666666667,0.7302666666666666,0.7945333333333333,0.7518333333333334,0.13606666666666667,0.31196666666666667,0.1283,0.2071,0.17966666666666664,0.2793,0.6945,0.2102,0.5523333333333333,0.149,0.09046666666666667,0.24230000000000002,0.2314,0.16726666666666667,0.13213333333333332,0.29385,0.1518,0.5434333333333333,0.14525,0.27473333333333333,0.7327666666666667,0.47296666666666665,0.24136666666666667,0.1706,0.26044999999999996,0.25443333333333334,0.5029,0.5182333333333333,0.7723333333333333,0.6127666666666667,0.2998,0.28900000000000003,0.43683333333333335,0.3931,0.48729999999999996,0.4455,0.12079999999999999,0.2738,0.6783666666666667,0.4626,0.1864,0.43123333333333336,0.7072666666666667,0.28300000000000003,0.4519333333333333,0.7134333333333334,0.7162000000000001
2023-09-20,0.24466666666666667,0.5727666666666666,0.6809333333333333,0.24123333333333333,0.21633333333333332,0.24630000000000005,0.14866666666666667,0.2929,0.4952666666666667,0.4044333333333333,0.20683333333333334,0.7429666666666667,0.08916666666666667,0.16766666666666666,0.25893333333333335,0.34403333333333336,0.4559333333333333,0.11776666666666667,0.8043333333333333,0.7346666666666667,0.5994666666666667,0.15823333333333334,0.7225666666666667,0.20829999999999999,0.3671333333333333,0.17083333333333334,0.4352333333333333,0.2441333333333333,0.35866666666666663,0.12816666666666665,0.5554,0.6986666666666667,0.7539333333333333,0.6559333333333334,0.28436666666666666,0.7585333333333334,0.5585,0.6025666666666666,0.4459666666666666,0.34213333333333334,0.13946666666666666,0.13313333333333333,0.47746666666666665,0.46426666666666666,0.5845333333333333,0.48323333333333335,0.6957,0.7603,0.7543666666666666,0.12503333333333333,0.2401,0.7762666666666667,0.6882333333333334,0.6836666666666666,0.23636666666666667,0.20683333333333334,0.6838333333333333,0.10473333333333333,0.6899333333333333,0.2402,0.14886666666666667,0.4303,0.4968666666666666,0.2717333333333333,0.53255,0.5759,0.1501,0.6117666666666667,0.2152,0.2564666666666667,0.12653333333333333,0.41126666666666667,0.5360333333333334,0.5904666666666666,0.17786666666666667,0.21433333333333335,0.2349,0.32180000000000003,0.7226333333333333,0.44530000000000003,0.7769333333333334,0.17146666666666666,0.36046666666666666,0.17600000000000002,0.2812,0.24763333333333334,0.1854,0.1955,0.53835,0.5259666666666667,0.14806666666666665,0.2662333333333333,0.8188666666666666,0.6778,0.3731,0.1757,0.8552000000000001,0.1939,0.5088333333333334,0.6890333333333333,0.21913333333333335,0.8519,0.6228,0.18343333333333334,0.6960333333333334,0.7605666666666667,0.6516666666666666,0.14023333333333332,0.2723333333333333,0.13290000000000002,0.2099,0.13743333333333332,0.2219,0.5761,0.1923,0.3990666666666667,0.1574,0.08303333333333333,0.2262,0.2252,0.18003333333333332,0.13596666666666668,0.24770000000000003,0.1509,0.48246666666666665,0.1295,0.2538666666666667,0.7102333333333333,0.46753333333333336,0.22013333333333335,0.1638,0.2198,0.21416666666666667,0.3862,0.41236666666666666,0.7569666666666667,0.6237333333333334,0.253,0.24860000000000002,0.41306666666666664,0.3463,0.44499999999999995,0.3665,0.1239,0.2236,0.6474333333333334,0.36310000000000003,0.1724,0.5364666666666666,0.6837333333333333,0.22899999999999998,0.5769666666666666,0.6231666666666666,0.6926
2023-09-25,0.2505,0.5974,0.6987,0.1973,0.2147,0.1303,0.1268,0.3104,0.4827,0.3465,0.2117,0.7377,0.093,0.1793,0.2648,0.335,0.4076,0.1081,0.8043,0.7146,0.6068,0.1604,0.6964,0.2135,0.3549,0.1592,0.4134,0.1869,0.3812,0.1204,0.4681,0.6724,0.727,0.6357,0.2702,0.763,0.6902,0.6123,0.4985,0.3837,0.147,0.1371,0.5009,0.4124,0.5941,0.5353,0.677,0.7453,0.7493,0.1328,0.1882,0.7869,0.6817,0.6297,0.2074,0.1441,0.6607,0.1154,0.6987,0.25,0.16,0.4398,0.5004,0.2638,0.6485749999999999,0.5834,0.1512,0.5787,0.1735,0.2519,0.1352,0.3648,0.5504,0.6153,0.1743,0.1938,0.1922,0.326,0.7006,0.3657,0.7562,0.1689,0.3608,0.1703,0.2781,0.187,0.186,0.1738,0.647375,0.5391,0.1543,0.2724,0.8089,0.6504,0.35095,0.1879,0.8454,0.1795,0.4734,0.6698,0.2091,0.8331,0.5824,0.1688,0.6618,0.7266,0.5515,0.1444,0.2327,0.1375,0.2127,0.0952,0.1645,0.4577,0.1744,0.2458,0.1658,0.0756,0.2101,0.219,0.1928,0.1398,0.20155,0.15,0.4215,0.1665,0.233,0.6877,0.4621,0.1989,0.157,0.17915,0.1739,0.2695,0.3065,0.7416,0.6347,0.2062,0.2082,0.3893,0.2995,0.4027,0.2875,0.127,0.1734,0.6165,0.2636,0.1584,0.6417,0.6602,0.175,0.702,0.5329,0.669
2023-09-30,0.243,0.5671,0.403,0.1634,0.2078,0.1129,0.0991,0.3083,0.379,0.2712,0.1999,0.6363,0.0752,0.156,0.2578,0.2778,0.1759,0.0904,0.4356,0.4276,0.5122,0.1439,0.6076,0.196,0.2892,0.1397,0.332,0.1419,0.3223,0.1082,0.4589,0.5917,0.6601,0.5652,0.2733,0.4176,0.6527,0.5604,0.4314,0.3431,0.1255,0.1226,0.3943,0.4246,0.5366,0.4774,0.5979,0.6845,0.685,0.1081,0.1549,0.42,0.6412,0.5025,0.1799,0.1285,0.5926,0.0923,0.6593,0.2593,0.1267,0.3728,0.4422,0.2676,0.7646,0.5126,0.126,0.4491,0.1378,0.2373,0.0996,0.2694,0.3834,0.4413,0.1595,0.1069,0.1587,0.2742,0.6292,0.2281,0.6658,0.1592,0.3224,0.1434,0.2373,0.1547,0.1632,0.1297,0.7564,0.443,0.1331,0.2498,0.7389,0.5817,0.3288,0.1577,0.7708,0.1606,0.3719,0.4953,0.2097,0.7666,0.5442,0.1942,0.4312,0.6294,0.3855,0.1235,0.7461,0.1421,0.162,0.0855,0.1377,0.3272,0.2401,0.5639,0.132,0.0945,0.1094,0.1382,0.1546,0.1197,0.1554,0.1486,0.3653,0.1187,0.1505,0.3743,0.3813,0.1511,0.1275,0.1385,0.1408,0.4762,0.2156,0.6862,0.6124,0.1594,0.1496,0.376,0.1755,0.3341,0.2085,0.1301,0.1421,0.4164,0.2196,0.1322,0.6851,0.4585,0.1461,0.7355,0.3798,0.3547
2023-10-05,0.14834999999999998,0.2937,0.2591,0.18744285714285713,0.1115,0.06365,0.05445,0.17620000000000002,0.20435,0.14635,0.10675,0.3288,0.0431,0.1025,0.17104999999999998,0.14335,0.0969,0.058899999999999994,0.28,0.22144999999999998,0.27335,0.0859,0.32345,0.1322,0.1479,0.07949999999999999,0.17265,0.07615,0.17834999999999998,0.07885,0.24955,0.3272,0.35785,0.3013,0.16155,0.2505,0.35519999999999996,0.31670000000000004,0.24145,0.1867,0.0833,0.074,0.20365,0.23324999999999999,0.34495,0.30474999999999997,0.32095,0.37475,0.3945,0.0686,0.08850000000000001,0.2303,0.6487142857142857,0.29319999999999996,0.19117142857142858,0.07165,0.3037,0.05345,0.6658857142857143,0.14379999999999998,0.0734,0.1942,0.24195,0.15145,0.40304999999999996,0.26805,0.06265,0.23255000000000003,0.08940000000000001,0.13055,0.0578,0.1487,0.2117,0.24115000000000003,0.09125,0.05245,0.07995000000000001,0.136,0.34299999999999997,0.13045,0.3646,0.09190000000000001,0.17765,0.09705,0.12085,0.0804,0.08545000000000001,0.0805,0.3848,0.22515,0.07785,0.13019999999999998,0.39195,0.3106,0.16465,0.08895,0.4131,0.17064285714285712,0.19185,0.2518,0.2191,0.4088,0.29225,0.09620000000000001,0.2266,0.34745,0.19435,0.07285,0.37805,0.0639,0.08750000000000001,0.05435,0.0764,0.3162,0.11850000000000001,0.28159999999999996,0.07795,0.0548,0.05505,0.077,0.16875714285714286,0.13424285714285714,0.0742,0.09115000000000001,0.197,0.055400000000000005,0.0764,0.18910000000000002,0.19865,0.07650000000000001,0.0756,0.0708,0.08695,0.24065,0.11185,0.3634,0.3246,0.075,0.08510000000000001,0.1929,0.10535,0.17975,0.21328571428571427,0.0658,0.07475,0.42538571428571426,0.22519999999999998,0.07780000000000001,0.35700000000000004,0.4707571428571429,0.0782,0.39280000000000004,0.18965,0.19125
2023-10-10,0.0537,0.0203,0.1152,0.21148571428571428,0.0152,0.0144,0.0098,0.0441,0.0297,0.0215,0.0136,0.0213,0.011,0.049,0.0843,0.0089,0.0179,0.0274,0.1244,0.0153,0.0345,0.0279,0.0393,0.0684,0.0066,0.0193,0.0133,0.0104,0.0344,0.0495,0.0402,0.0627,0.0556,0.0374,0.0498,0.0834,0.0577,0.073,0.0515,0.0303,0.0411,0.0254,0.013,0.0419,0.1533,0.1321,0.044,0.065,0.104,0.0291,0.0221,0.0406,0.6562285714285714,0.0839,0.20244285714285715,0.0148,0.0148,0.0146,0.6724714285714286,0.0283,0.0201,0.0156,0.0417,0.0353,0.0415,0.0235,-0.0007,0.016,0.041,0.0238,0.016,0.028,0.04,0.041,0.023,-0.002,0.0012,-0.0022,0.0568,0.0328,0.0634,0.0246,0.0329,0.0507,0.0044,0.0061,0.0077,0.0313,0.0132,0.0073,0.0226,0.0106,0.045,0.0395,0.0005,0.0202,0.0554,0.18068571428571428,0.0118,0.0083,0.2285,0.051,0.0403,-0.0018,0.022,0.0655,0.0032,0.0222,0.01,-0.0143,0.013,0.0232,0.0151,0.30519999999999997,-0.0031,-0.0007,0.0239,0.0151,0.0007,0.0158,0.1829142857142857,0.1487857142857143,-0.007,0.0337,0.0287,-0.0079,0.0023,0.0039,0.016,0.0019,0.0237,0.0031,0.0331,0.0051,0.0081,0.0406,0.0368,-0.0094,0.0206,0.0098,0.0352,0.0254,0.21807142857142855,0.0015,0.0074,0.4343714285714286,0.23079999999999998,0.0234,0.0289,0.48301428571428573,0.0103,0.0501,-0.0005,0.0278
2023-10-15,0.08494,0.1002,0.24230000000000002,0.23552857142857142,0.07028000000000001,0.05686000000000001,0.04242,0.07576,0.0702,0.07135999999999999,0.06531999999999999,0.07184,0.038299999999999994,0.07505999999999999,0.11676,0.056100000000000004,0.058660000000000004,0.0523,0.2646,0.12726,0.10816,0.060300000000000006,0.09,0.12028,0.05396000000000001,0.06014,0.054759999999999996,0.05412,0.07880000000000001,0.08202000000000001,0.1522,0.12112,0.1164,0.10178000000000001,0.11635999999999999,0.21174,0.21486000000000002,0.18103999999999998,0.15628,0.09378,0.07446,0.06237999999999999,0.059699999999999996,0.15901999999999997,0.24406,0.22866,0.11156,0.12722,0.18002,0.06854,0.06098,0.16002000000000002,0.6637428571428571,0.10232,0.2137142857142857,0.0552,0.08854000000000001,0.15804,0.6790571428571429,0.06645999999999999,0.05752,0.09328000000000002,0.08198,0.08032,0.20906000000000002,0.06301999999999999,0.041,0.052660000000000005,0.0745,0.07646000000000001,0.07785999999999998,0.09267999999999998,0.11706,0.19155999999999998,0.06024,0.07626,0.05102,0.04342,0.10824,0.06482,0.10547999999999999,0.06762,0.1003,0.0931,0.05174,0.051219999999999995,0.06704,0.09374000000000002,0.18832,0.08584000000000001,0.06,0.062259999999999996,0.09618,0.08432,0.0414,0.07096000000000001,0.13188,0.19072857142857141,0.06716000000000001,0.0848,0.2379,0.10342,0.0902,0.03912,0.09197999999999998,0.12422,0.06867999999999999,0.0619,0.18722000000000003,0.035559999999999994,0.051399999999999994,0.04824,0.056060000000000006,0.29419999999999996,0.0399,0.09001999999999999,0.06222,0.04084,0.04058,0.05622,0.19707142857142856,0.16332857142857143,0.042660000000000003,0.0706,0.11178,0.028519999999999993,0.0471,0.10912000000000001,0.06872,0.044419999999999994,0.06404,0.053579999999999996,0.08126,0.04522,0.05058,0.11407999999999999,0.16923999999999997,0.0398,0.06806000000000001,0.05846,0.07978,0.06738,0.22285714285714284,0.04434,0.045700000000000005,0.44335714285714284,0.23639999999999997,0.06674,0.1943,0.4952714285714286,0.05648,0.21124,0.04828,0.09838
2023-10-20,0.11618,0.18009999999999998,0.36940000000000006,0.25957142857142856,0.12536000000000003,0.09932,0.07504000000000001,0.10742,0.1107,0.12122,0.11703999999999999,0.12238,0.06559999999999999,0.10111999999999999,0.14922000000000002,0.10330000000000002,0.09942000000000001,0.0772,0.40480000000000005,0.23922000000000002,0.18182,0.0927,0.1407,0.17215999999999998,0.10132000000000001,0.10097999999999999,0.09622,0.09784000000000001,0.1232,0.11454000000000002,0.2642,0.17954000000000003,0.1772,0.16616000000000003,0.18291999999999997,0.34008000000000005,0.37202,0.28908,0.26106,0.15726,0.10782,0.09935999999999998,0.1064,0.27613999999999994,0.33482,0.32522,0.17912,0.18944,0.25604,0.10798,0.09986,0.27944,0.6712571428571429,0.12073999999999999,0.2249857142857143,0.09559999999999999,0.16228,0.30148,0.6856428571428571,0.10461999999999999,0.09494,0.17096000000000003,0.12226000000000001,0.12534,0.37662,0.10253999999999999,0.0827,0.08932000000000001,0.10799999999999998,0.12912,0.13971999999999998,0.15735999999999997,0.19412000000000001,0.3421199999999999,0.09748000000000001,0.15452,0.10084000000000001,0.08904000000000001,0.15968,0.09684000000000001,0.14755999999999997,0.11063999999999999,0.16770000000000002,0.1355,0.09908,0.09633999999999998,0.12638000000000002,0.15618,0.36344,0.16438000000000003,0.0974,0.11392,0.14736,0.12914,0.0823,0.12172000000000001,0.20836000000000002,0.20077142857142857,0.12252000000000003,0.1613,0.24730000000000002,0.15584,0.1401,0.08004000000000001,0.16195999999999997,0.18294,0.13416,0.1016,0.36444000000000004,0.08542,0.08979999999999999,0.07328,0.09702000000000001,0.2832,0.08289999999999999,0.18073999999999998,0.10054,0.06658,0.08046,0.09664,0.2112285714285714,0.17787142857142857,0.09232,0.10750000000000001,0.19486,0.06493999999999998,0.09190000000000001,0.21434,0.12144,0.08693999999999999,0.10438,0.10406,0.12942,0.08534,0.09306,0.18755999999999998,0.30167999999999995,0.089,0.11552000000000001,0.10711999999999999,0.12436,0.10936000000000001,0.22764285714285715,0.08718,0.084,0.45234285714285716,0.242,0.11008,0.35969999999999996,0.5075285714285714,0.10266000000000002,0.37238,0.09706000000000001,0.16896
2023-10-25,0.14742,0.26,0.49650000000000005,0.2836142857142857,0.18044,0.14178000000000002,0.10766,0.13907999999999998,0.15119999999999997,0.17107999999999998,0.16876,0.17292000000000002,0.0929,0.12717999999999996,0.18168,0.1505,0.14018,0.1021,0.545,0.35118,0.25548,0.12510000000000002,0.19140000000000001,0.22403999999999996,0.14868,0.14182,0.13768,0.14156000000000002,0.16760000000000003,0.14706000000000002,0.3762,0.23796000000000003,0.238,0.23054000000000002,0.24947999999999998,0.46841999999999995,0.52918,0.39712,0.36584,0.22074,0.14118,0.13634,0.1531,0.39325999999999994,0.42557999999999996,0.42178,0.24668,0.25166,0.33206,0.14742,0.13874,0.3988600000000001,0.6787714285714286,0.13916,0.23625714285714283,0.13599999999999998,0.23602,0.44492000000000004,0.6922285714285714,0.14278,0.13235999999999998,0.24864000000000003,0.16254000000000002,0.17036,0.54418,0.14206,0.12440000000000001,0.12598,0.1415,0.18178,0.20157999999999998,0.22203999999999996,0.27118000000000003,0.4926799999999999,0.13472,0.23278,0.15066000000000002,0.13466,0.21111999999999997,0.12886,0.18963999999999998,0.15366,0.23510000000000003,0.17789999999999997,0.14642,0.14146,0.18572,0.21862000000000004,0.53856,0.24292000000000005,0.1348,0.16557999999999998,0.19854,0.17396,0.12319999999999999,0.17248000000000002,0.28484000000000004,0.2108142857142857,0.17788000000000004,0.23779999999999998,0.25670000000000004,0.20825999999999997,0.19,0.12096,0.23193999999999998,0.24165999999999999,0.19964000000000004,0.1413,0.54166,0.13527999999999998,0.12819999999999998,0.09832,0.13798,0.2722,0.1259,0.27146000000000003,0.13885999999999998,0.09232000000000001,0.12034000000000002,0.13706,0.22538571428571427,0.1924142857142857,0.14198,0.1444,0.27793999999999996,0.10135999999999998,0.1367,0.31956000000000007,0.17415999999999998,0.12946,0.14472000000000002,0.15453999999999998,0.17758,0.12546,0.13554,0.26103999999999994,0.4341199999999999,0.13820000000000002,0.16298,0.15578,0.16894,0.15134,0.23242857142857143,0.13002,0.1223,0.4613285714285714,0.2476,0.15342,0.5251,0.5197857142857143,0.14884,0.53352,0.14584,0.23953999999999998
2023-10-30,0.17865999999999999,0.3399,0.6236,0.30765714285714285,0.23552000000000003,0.18424000000000001,0.14028000000000002,0.17074,0.1917,0.22093999999999997,0.22047999999999998,0.22346,0.12019999999999997,0.15324,0.21414,0.19770000000000001,0.18094000000000002,0.127,0.6852,0.46314,0.32914,0.15750000000000003,0.2421,0.27591999999999994,0.19604000000000002,0.18266,0.17914,0.18528,0.21200000000000002,0.17958000000000002,0.48819999999999997,0.29638000000000003,0.2988,0.29492,0.31604,0.5967600000000001,0.6863400000000001,0.5051599999999999,0.47062000000000004,0.28422000000000003,0.17454,0.17331999999999997,0.1998,0.51038,0.51634,0.51834,0.31424,0.31388,0.40808,0.18686000000000003,0.17762,0.5182800000000001,0.6862857142857143,0.15758,0.2475285714285714,0.1764,0.30976,0.58836,0.6988142857142857,0.18094,0.16978000000000001,0.32632000000000005,0.20282,0.21538000000000002,0.71174,0.18158,0.1661,0.16264,0.175,0.23444000000000004,0.26343999999999995,0.28672,0.34824,0.6432399999999999,0.17196,0.31104,0.20048000000000002,0.18028,0.26256,0.16088,0.23171999999999998,0.19668,0.3025,0.2203,0.19376,0.18657999999999997,0.24506000000000003,0.28106000000000003,0.71368,0.32146,0.17220000000000002,0.21724,0.24972,0.21878,0.1641,0.22324000000000002,0.36132000000000003,0.22085714285714286,0.23324000000000006,0.31429999999999997,0.2661,0.26068,0.2399,0.16188000000000002,0.30191999999999997,0.30038,0.26511999999999997,0.181,0.7188800000000001,0.18513999999999997,0.1666,0.12336,0.17894000000000002,0.2612,0.1689,0.36218,0.17718,0.11806000000000001,0.16022,0.17748,0.2395428571428571,0.20695714285714287,0.19164,0.18130000000000002,0.36102,0.13777999999999999,0.18150000000000002,0.42478000000000005,0.22688000000000003,0.17198,0.18506,0.20501999999999998,0.22574,0.16558,0.17802,0.33451999999999993,0.56656,0.1874,0.21044000000000002,0.20443999999999998,0.21352000000000002,0.19332000000000002,0.2372142857142857,0.17285999999999999,0.1606,0.47031428571428574,0.2532,0.19676,0.6905,0.5320428571428572,0.19502000000000003,0.69466,0.19462000000000002,0.31012
2023-11-04,0.2099,0.4198,0.7507,0.3317,0.2906,0.2267,0.1729,0.2024,0.2322,0.2708,0.2722,0.274,0.1475,0.1793,0.2466,0.2449,0.2217,0.1519,0.8254,0.5751,0.4028,0.1899,0.2928,0.3278,0.2434,0.2235,0.2206,0.229,0.2564,0.2121,0.6002,0.3548,0.3596,0.3593,0.3826,0.7251,0.8435,0.6132,0.5754,0.3477,0.2079,0.2103,0.2465,0.6275,0.6071,0.6149,0.3818,0.3761,0.4841,0.2263,0.2165,0.6377,0.6938,0.176,0.2588,0.2168,0.3835,0.7318,0.7054,0.2191,0.2072,0.404,0.2431,0.2604,0.8793,0.2211,0.2078,0.1993,0.2085,0.2871,0.3253,0.3514,0.4253,0.7938,0.2092,0.3893,0.2503,0.2259,0.314,0.1929,0.2738,0.2397,0.3699,0.2627,0.2411,0.2317,0.3044,0.3435,0.8888,0.4,0.2096,0.2689,0.3009,0.2636,0.205,0.274,0.4378,0.2309,0.2886,0.3908,0.2755,0.3131,0.2898,0.2028,0.3719,0.3591,0.3306,0.2207,0.8961,0.235,0.205,0.1484,0.2199,0.2502,0.2119,0.4529,0.2155,0.1438,0.2001,0.2179,0.2537,0.2215,0.2413,0.2182,0.4441,0.1742,0.2263,0.53,0.2796,0.2145,0.2254,0.2555,0.2739,0.2057,0.2205,0.408,0.699,0.2366,0.2579,0.2531,0.2581,0.2353,0.242,0.2157,0.1989,0.4793,0.2588,0.2401,0.8559,0.5443,0.2412,0.8558,0.2434,0.3807
2023-11-09,0.190475,0.43,0.592975,0.30952,0.2591333333333333,0.21486666666666668,0.17473333333333332,0.18495,0.21107499999999998,0.23485,0.23723333333333332,0.2495666666666667,0.13296666666666668,0.169975,0.24235,0.21086666666666667,0.21764,0.13476666666666667,0.65395,0.54194,0.37656,0.19476666666666667,0.2658666666666667,0.3422,0.20980000000000001,0.19916666666666666,0.19216666666666665,0.21810000000000002,0.23325,0.19587500000000002,0.626725,0.3322333333333333,0.3284333333333333,0.3347,0.2741,0.6341,0.8345666666666667,0.63434,0.532675,0.357875,0.20546,0.21294,0.2652,0.6183749999999999,0.6289199999999999,0.610125,0.35306666666666664,0.3530333333333333,0.44736666666666663,0.19156666666666666,0.20892,0.513575,0.667275,0.17257499999999998,0.24919999999999998,0.21503333333333333,0.37214,0.75068,0.6723750000000001,0.20454999999999998,0.18493333333333334,0.36468,0.2241,0.23650000000000002,0.8647333333333334,0.20033333333333334,0.18556666666666669,0.17743333333333333,0.19824,0.2604,0.35418,0.37316666666666665,0.346175,0.631575,0.19986666666666666,0.45616666666666666,0.21923333333333334,0.21063333333333334,0.2873,0.17629999999999998,0.26386,0.21266666666666667,0.30906666666666666,0.26304,0.2268,0.22053333333333333,0.2664,0.31106,0.8734333333333334,0.3665666666666667,0.205325,0.26646,0.29248,0.25878,0.18936666666666666,0.23686666666666667,0.41552,0.25406666666666666,0.24333333333333335,0.3493,0.2715666666666667,0.3006,0.28054,0.18860000000000002,0.33440000000000003,0.34609999999999996,0.3687,0.217625,0.8846,0.20846666666666666,0.18289999999999998,0.14768,0.21324,0.233225,0.18743333333333334,0.4181,0.212,0.09013333333333334,0.19366666666666665,0.2809333333333333,0.255725,0.228,0.2243,0.18227500000000002,0.4085,0.16736666666666666,0.1997,0.49742000000000003,0.27534000000000003,0.19473333333333334,0.2193,0.24406666666666668,0.26389999999999997,0.19386666666666666,0.20856666666666668,0.3822,0.661825,0.20856666666666668,0.235375,0.23546666666666666,0.2518666666666667,0.214675,0.22806666666666667,0.2079,0.19803333333333334,0.4516,0.2483,0.2329,0.8497250000000001,0.5051,0.2304,0.8464666666666667,0.20966666666666667,0.352
2023-11-14,0.17105,0.4402,0.43525,0.28734,0.22766666666666668,0.20303333333333334,0.17656666666666668,0.16749999999999998,0.18995,0.1989,0.20226666666666665,0.22513333333333332,0.11843333333333333,0.16065,0.2381,0.17683333333333334,0.21358,0.11763333333333334,0.48250000000000004,0.50878,0.35032,0.19963333333333333,0.23893333333333333,0.3566,0.17620000000000002,0.17483333333333334,0.16373333333333334,0.2072,0.2101,0.17965,0.65325,0.3096666666666667,0.2972666666666667,0.3101,0.1656,0.5430999999999999,0.8256333333333333,0.65548,0.48995,0.36805,0.20302,0.21558,0.2839,0.60925,0.65074,0.60535,0.3243333333333333,0.3299666666666667,0.41063333333333335,0.15683333333333332,0.20134,0.38945,0.6407499999999999,0.16915,0.23959999999999998,0.21326666666666666,0.36078,0.76956,0.6393500000000001,0.18999999999999997,0.16266666666666668,0.32536000000000004,0.2051,0.2126,0.8501666666666666,0.17956666666666665,0.16333333333333333,0.1555666666666667,0.18797999999999998,0.2337,0.38306,0.39493333333333336,0.26705,0.46935,0.19053333333333333,0.5230333333333334,0.18816666666666665,0.19536666666666666,0.2606,0.1597,0.25392,0.18563333333333332,0.24823333333333336,0.26338,0.2125,0.20936666666666665,0.2284,0.27862000000000003,0.8580666666666666,0.33313333333333334,0.20105,0.26402,0.28406,0.25396,0.17373333333333332,0.19973333333333332,0.39324000000000003,0.27723333333333333,0.19806666666666667,0.30779999999999996,0.26763333333333333,0.28809999999999997,0.27128,0.1744,0.2969,0.33309999999999995,0.40680000000000005,0.21455000000000002,0.8731,0.18193333333333334,0.1608,0.14696,0.20658,0.21625,0.16296666666666668,0.3833,0.2085,0.036466666666666675,0.18723333333333333,0.34396666666666664,0.25775,0.23450000000000001,0.20729999999999998,0.14635,0.3729,0.16053333333333333,0.1731,0.46484000000000003,0.27108,0.17496666666666666,0.2132,0.23263333333333333,0.2539,0.18203333333333332,0.19663333333333333,0.3564,0.6246499999999999,0.18053333333333332,0.21285,0.21783333333333332,0.24563333333333334,0.19405,0.21413333333333331,0.2001,0.19716666666666666,0.4239,0.23779999999999998,0.2257,0.84355,0.46590000000000004,0.21960000000000002,0.8371333333333333,0.17593333333333333,0.3233
2023-11-19,0.151625,0.4504,0.277525,0.26516,0.1962,0.1912,0.1784,0.15005000000000002,0.168825,0.16295,0.1673,0.2007,0.1039,0.151325,0.23385,0.1428,0.20952,0.1005,0.31105000000000005,0.47562,0.32408000000000003,0.2045,0.212,0.371,0.1426,0.1505,0.1353,0.1963,0.18695,0.163425,0.679775,0.2871,0.2661,0.2855,0.0571,0.45209999999999995,0.8167,0.67662,0.44722500000000004,0.37822500000000003,0.20058,0.21822,0.3026,0.600125,0.6725599999999999,0.600575,0.2956,0.3069,0.3739,0.1221,0.19376000000000002,0.26532500000000003,0.614225,0.165725,0.22999999999999998,0.2115,0.34942,0.78844,0.606325,0.17545,0.1404,0.28604,0.1861,0.1887,0.8356,0.1588,0.1411,0.1337,0.17772,0.207,0.41194,0.4167,0.18792499999999998,0.307125,0.1812,0.5899,0.1571,0.1801,0.2339,0.1431,0.24397999999999997,0.1586,0.1874,0.26372,0.1982,0.1982,0.1904,0.24618,0.8427,0.2997,0.196775,0.26158,0.27564,0.24914,0.1581,0.1626,0.37096,0.3004,0.1528,0.2663,0.2637,0.2756,0.26202,0.1602,0.2594,0.32009999999999994,0.4449,0.211475,0.8616,0.1554,0.1387,0.14624,0.19992,0.19927499999999998,0.1385,0.3485,0.20500000000000002,-0.0172,0.1808,0.407,0.259775,0.241,0.1903,0.11042500000000001,0.33730000000000004,0.1537,0.1465,0.43226,0.26682,0.1552,0.2071,0.2212,0.2439,0.1702,0.1847,0.3306,0.587475,0.1525,0.19032500000000002,0.2002,0.2394,0.173425,0.2002,0.1923,0.1963,0.3962,0.2273,0.2185,0.837375,0.4267,0.2088,0.8278,0.1422,0.2946
2023-11-24,0.1322,0.4606,0.1198,0.24298,0.22475000000000003,0.19415,0.18985000000000002,0.1326,0.1477,0.127,0.20165,0.19585,0.1109,0.142,0.2296,0.1739,0.20546,0.1047,0.1396,0.44245999999999996,0.29784,0.17959999999999998,0.2288,0.38539999999999996,0.1608,0.17845,0.1578,0.1854,0.1638,0.1472,0.7063,0.2628,0.2754,0.3045,0.0308,0.3611,0.8192,0.6977599999999999,0.4045,0.3884,0.19814,0.22086,0.25505,0.591,0.69438,0.5958,0.2975,0.314,0.37360000000000004,0.14185,0.18618,0.1412,0.5877,0.1623,0.22039999999999998,0.18825,0.33805999999999997,0.80732,0.5733,0.1609,0.15139999999999998,0.24672000000000002,0.20015,0.19665,0.8272,0.17905,0.16505,0.13855,0.16746,0.2219,0.44082,0.4941,0.1088,0.1449,0.19645,0.7564,0.173,0.19735000000000003,0.24705,0.16799999999999998,0.23404,0.18460000000000001,0.19240000000000002,0.26406,0.22519999999999998,0.18695,0.20355,0.21374,0.8336,0.3088,0.1925,0.25914,0.26721999999999996,0.24431999999999998,0.1764,0.1795,0.34868000000000005,0.24595,0.1634,0.29135,0.2607,0.2631,0.25276,0.16785,0.2579,0.3071,0.538,0.2084,0.8496,0.17135,0.1468,0.14552,0.19326,0.1823,0.147,0.3423,0.2015,-0.0021,0.1959,0.2133,0.2618,0.2475,0.18205,0.0745,0.3017,0.1473,0.1642,0.39968,0.26255999999999996,0.16785,0.201,0.2016,0.2339,0.17309999999999998,0.1931,0.3126,0.5503,0.16815,0.1678,0.17445,0.2238,0.1528,0.18564999999999998,0.18595,0.17585,0.3742,0.20379999999999998,0.2217,0.8312,0.40480000000000005,0.21085,0.7975,0.1254,0.2956
2023-11-29,0.1626,0.4708,0.1446,0.2208,0.2533,0.1971,0.2013,0.1573,0.2077,0.1751,0.236,0.191,0.1179,0.1602,0.2287,0.205,0.2014,0.1542,0.1491,0.4093,0.2716,0.1547,0.2456,0.3998,0.179,0.2064,0.1803,0.1745,0.1907,0.1774,0.7334,0.3052,0.2847,0.3235,0.3636,0.1585,0.8613,0.7189,0.6038,0.214,0.1957,0.2235,0.2075,0.662,0.7162,0.67,0.3187,0.3211,0.3733,0.1616,0.1786,0.1538,0.6798,0.1892,0.2108,0.165,0.3267,0.8262,0.6958,0.1931,0.1624,0.2074,0.2142,0.2046,0.8645,0.1993,0.189,0.1434,0.1572,0.2368,0.4697,0.5715,0.131,0.1386,0.2117,0.4561,0.1889,0.2146,0.2602,0.1929,0.2241,0.2106,0.1974,0.2644,0.2522,0.1757,0.2167,0.1813,0.862,0.3179,0.2087,0.2567,0.2588,0.2395,0.1692,0.1964,0.3264,0.1915,0.174,0.3164,0.2577,0.2506,0.2435,0.1755,0.3033,0.2941,0.5917,0.1906,0.8797,0.1873,0.1793,0.1448,0.1866,0.2135,0.1454,0.3361,0.198,0.1227,0.211,0.1864,0.2529,0.254,0.1738,0.2087,0.3254,0.1572,0.1819,0.3671,0.2583,0.1805,0.2124,0.182,0.2122,0.176,0.2015,0.2946,0.6429,0.1838,0.1997,0.1487,0.2082,0.1814,0.1711,0.1796,0.1554,0.3522,0.1803,0.2019,0.8814,0.3829,0.2129,0.8731,0.1636,0.2966
2023-12-09,0.0096,0.139,0.0208,0.0675,0.043,0.0108,0.0247,0.0057,0.0385,0.0049,0.0463,0.0359,0.0197,0.0217,0.0907,0.0139,0.0565,0.0011,-0.006,0.0888,0.0256,0.0069,0.0604,0.1264,0.0342,0.0962,0.0134,-0.003,0.0292,0.0809,0.255,0.0623,0.28235,0.32220000000000004,0.2348,0.0233,0.572,0.1706,0.2826,0.0164,0.0265,0.0355,0.0272,0.6625000000000001,0.2309,0.38,0.0827,0.0728,0.075,0.029,0.0296,0.0308,0.2545,0.0721,0.0631,-0.0058,0.0718,0.3959,0.1938,0.0562,0.0179,0.02,0.0336,0.0321,0.5861,-0.0173,0.0718,0.0161,0.005,0.0471,0.1561,0.1731,0.0099,0.0029,0.026,0.3365,0.0817,0.0855,0.0883,0.022,0.22615,0.031,0.0536,0.0665,0.1152,0.0243,0.0406,0.0262,0.5998,0.1455,0.0508,0.1457,0.0697,0.1087,0.1851,0.0288,0.1011,0.0365,0.009,0.31975,0.1226,0.1316,0.1024,0.0695,0.0677,0.0836,0.1362,0.0457,0.6711,0.0423,0.0366,0.0472,0.0326,0.1055,0.0801,0.1072,0.0285,0.0297,0.0181,0.0327,0.0535,0.0821,0.0499,0.2914,0.0948,0.056,0.0449,0.1549,0.1209,0.0413,0.0481,0.0511,0.0886,0.0514,0.061,0.1726,0.2163,0.0503,0.067,0.0329,0.0959,0.0527,0.0717,0.043,0.0902,0.1547,0.0554,0.1176,0.4207,0.1603,0.1147,0.5421,0.0615,0.2055
2023-12-14,0.09195,0.3079,0.09119999999999999,0.15050000000000002,0.15389999999999998,0.1082,0.10015,0.09044999999999999,0.1309,0.1081,0.15115,0.11315000000000001,0.08395,0.0944,0.16705,0.11895,0.13665,0.12789999999999999,0.0824,0.20290000000000002,0.138,0.09300000000000001,0.15115,0.29205000000000003,0.11729999999999999,0.22275,0.11609999999999998,0.0878,0.12205,0.2011,0.5186999999999999,0.18285,0.281175,0.32155,0.3035,0.0979,0.7137,0.3879,0.45745,0.10729999999999999,0.10645,0.12025,0.1126,0.6627500000000001,0.4094,0.55135,0.19885,0.19810000000000003,0.2153,0.105,0.13324999999999998,0.09565000000000001,0.4062,0.1989,0.15575,0.0889,0.2045,0.6139,0.38215,0.1758,0.0975,0.11765,0.1255,0.14055,0.70515,0.08755,0.2125,0.093,0.10905000000000001,0.15560000000000002,0.33775,0.42669999999999997,0.08180000000000001,0.09444999999999999,0.16999999999999998,0.4015,0.18615,0.16005000000000003,0.18005,0.1167,0.227175,0.18694999999999998,0.1324,0.1718,0.1732,0.08885000000000001,0.18565,0.10645,0.71155,0.21839999999999998,0.1452,0.19745000000000001,0.16995,0.17735,0.2112,0.11905000000000002,0.20605,0.14865,0.09964999999999999,0.321425,0.1851,0.19855,0.16804999999999998,0.16415,0.18005,0.19155,0.41695,0.12890000000000001,0.7664500000000001,0.11085,0.13665,0.11155000000000001,0.12360000000000002,0.16225,0.1193,0.2052,0.12945,0.07765,0.09985000000000001,0.14245,0.1507,0.18785000000000002,0.11255,0.25355,0.21575,0.10900000000000001,0.15805,0.2217,0.2051,0.14780000000000001,0.1296,0.12125,0.1521,0.11735,0.13524999999999998,0.2152,0.42745,0.13815,0.14179999999999998,0.09849999999999999,0.1521,0.13205,0.1261,0.12455000000000001,0.13415,0.21905,0.11945,0.16494999999999999,0.6431,0.2234,0.16885,0.6966,0.1191,0.24424999999999997
2023-12-19,0.1743,0.4768,0.1616,0.2335,0.2648,0.2056,0.1756,0.1752,0.2233,0.2113,0.256,0.1904,0.1482,0.1671,0.2434,0.224,0.2168,0.2547,0.1708,0.317,0.2504,0.1791,0.2419,0.4577,0.2004,0.3493,0.2188,0.1786,0.2149,0.3213,0.7824,0.3034,0.28,0.3209,0.3722,0.1725,0.8554,0.6052,0.6323,0.1982,0.1864,0.205,0.198,0.663,0.5879,0.7227,0.315,0.3234,0.3556,0.181,0.2369,0.1605,0.5579,0.3257,0.2484,0.1836,0.3372,0.8319,0.5705,0.2954,0.1771,0.2153,0.2174,0.249,0.8242,0.1924,0.3532,0.1699,0.2131,0.2641,0.5194,0.6803,0.1537,0.186,0.314,0.4665,0.2906,0.2346,0.2718,0.2114,0.2282,0.3429,0.2112,0.2771,0.2312,0.1534,0.3307,0.1867,0.8233,0.2913,0.2396,0.2492,0.2702,0.246,0.2373,0.2093,0.311,0.2608,0.1903,0.3231,0.2476,0.2655,0.2337,0.2588,0.2924,0.2995,0.6977,0.2121,0.8618,0.1794,0.2367,0.1759,0.2146,0.219,0.1585,0.3032,0.2304,0.1256,0.1816,0.2522,0.2479,0.2936,0.1752,0.2157,0.3367,0.162,0.2712,0.2885,0.2893,0.2543,0.2111,0.1914,0.2156,0.1833,0.2095,0.2578,0.6386,0.226,0.2166,0.1641,0.2083,0.2114,0.1805,0.2061,0.1781,0.2834,0.1835,0.2123,0.8655,0.2865,0.223,0.8511,0.1767,0.283
2023-12-24,0.1647,0.4391,0.1486,0.2274,0.2547,0.1667,0.1456,0.1632,0.209,0.1705,0.2438,0.1677,0.128,0.1497,0.2282,0.1912,0.1915,0.2353,0.1596,0.2904,0.2116,0.1744,0.2192,0.4283,0.1708,0.3451,0.187,0.1581,0.1823,0.2887,0.7477,0.2845,0.2521,0.2863,0.3535,0.1499,0.8235,0.5278,0.5908,0.1555,0.1612,0.1728,0.1715,0.6373,0.5172,0.6809,0.2843,0.2893,0.3104,0.1466,0.2415,0.1383,0.5105,0.3071,0.2376,0.1608,0.3028,0.8091,0.5216,0.281,0.1472,0.1882,0.1757,0.2311,0.7783,0.1603,0.3349,0.1446,0.2135,0.2285,0.4649,0.636,0.1412,0.1768,0.2961,0.4473,0.2737,0.2201,0.246,0.1705,0.2081,0.3173,0.1891,0.2361,0.1974,0.1385,0.3098,0.1557,0.7722,0.2777,0.2051,0.2245,0.25,0.2372,0.2446,0.1692,0.2791,0.2504,0.1637,0.2823,0.2282,0.2418,0.227,0.2505,0.2689,0.2732,0.668,0.1847,0.8174,0.1445,0.2355,0.1524,0.2098,0.1853,0.1437,0.2727,0.2053,0.1195,0.1452,0.2492,0.2178,0.2605,0.1528,0.2039,0.2859,0.1441,0.2689,0.2661,0.2529,0.2562,0.1798,0.1696,0.1876,0.1775,0.1819,0.2459,0.5803,0.2099,0.1841,0.1364,0.1804,0.2111,0.1497,0.1705,0.187,0.2652,0.1501,0.1988,0.8244,0.2651,0.1974,0.8,0.1454,0.2652
2023-12-29,0.17555,0.45555,0.16045,0.251175,0.27005,0.1654,0.145225,0.17367500000000002,0.200975,0.1683,0.2585,0.16475,0.12405,0.156025,0.230825,0.18605,0.191775,0.25565,0.17385,0.289725,0.20980000000000001,0.19295,0.21957500000000002,0.43567500000000003,0.1826,0.38235,0.179525,0.155675,0.18084999999999998,0.324425,0.7529750000000001,0.28762499999999996,0.253025,0.28895,0.3577,0.1481,0.81955,0.509375,0.6043499999999999,0.153325,0.161875,0.17172500000000002,0.17035,0.648025,0.5023,0.6951999999999999,0.28454999999999997,0.2898,0.31272500000000003,0.14402500000000001,0.2727,0.13492500000000002,0.5099499999999999,0.34954999999999997,0.261975,0.1585,0.302775,0.8041,0.521075,0.31622500000000003,0.1441,0.18845,0.17457499999999998,0.249375,0.748575,0.15855,0.37487499999999996,0.14045000000000002,0.24545,0.247375,0.46215,0.6541250000000001,0.159075,0.19987500000000002,0.31684999999999997,0.44094999999999995,0.29817499999999997,0.212775,0.24717499999999998,0.15715,0.20627500000000001,0.34700000000000003,0.19979999999999998,0.220825,0.19367499999999999,0.136325,0.33642500000000003,0.153225,0.738475,0.279675,0.204425,0.2215,0.24795,0.236375,0.271675,0.16815,0.27790000000000004,0.27645000000000003,0.160325,0.280675,0.2261,0.24364999999999998,0.226875,0.278375,0.267775,0.2736,0.677475,0.192025,0.788575,0.14005,0.262325,0.150625,0.242375,0.18545,0.1515,0.2723,0.20735,0.12025,0.145725,0.2814,0.221225,0.26785000000000003,0.150175,0.199925,0.2852,0.14100000000000001,0.303575,0.265575,0.2543,0.283775,0.183475,0.169375,0.187475,0.193875,0.1736,0.24455,0.579875,0.2194,0.18405000000000002,0.13705,0.179825,0.24145,0.148,0.165025,0.21975,0.264225,0.150125,0.2073,0.819675,0.26295,0.18995,0.7886,0.14452500000000001,0.2679
2024-01-03,0.1864,0.472,0.1723,0.27495,0.2854,0.1641,0.14485,0.18415,0.19295,0.16610000000000003,0.2732,0.1618,0.1201,0.16235,0.23345,0.1809,0.19205,0.276,0.1881,0.28905000000000003,0.20800000000000002,0.2115,0.21995,0.44305,0.19440000000000002,0.4196,0.17204999999999998,0.15325,0.1794,0.36014999999999997,0.7582500000000001,0.29074999999999995,0.25395,0.29159999999999997,0.3619,0.14629999999999999,0.8156,0.49095,0.6179,0.15115,0.16255,0.17065000000000002,0.16920000000000002,0.65875,0.4874,0.7095,0.2848,0.2903,0.31505,0.14145000000000002,0.3039,0.13155,0.5094,0.392,0.28635,0.1562,0.30275,0.7991,0.52055,0.35145000000000004,0.14100000000000001,0.1887,0.17345,0.26765,0.71885,0.1568,0.41485,0.1363,0.2774,0.26625,0.45940000000000003,0.67225,0.17695,0.22295,0.3376,0.4346,0.32265,0.20545,0.24835,0.1438,0.20445000000000002,0.37670000000000003,0.2105,0.20554999999999998,0.18995,0.13415,0.36305000000000004,0.15075,0.70475,0.28165,0.20375,0.2185,0.2459,0.23554999999999998,0.29875,0.1671,0.2767,0.30250000000000005,0.15695,0.27905,0.22399999999999998,0.2455,0.22675,0.30624999999999997,0.26665,0.274,0.68695,0.19935,0.7597499999999999,0.1356,0.28914999999999996,0.14885,0.27495,0.1856,0.1593,0.27190000000000003,0.2094,0.121,0.14625,0.3136,0.22465000000000002,0.2752,0.14755000000000001,0.19595,0.2845,0.13790000000000002,0.33825,0.26505,0.25570000000000004,0.31135,0.18714999999999998,0.16915,0.18735,0.21025,0.1653,0.2432,0.57945,0.2289,0.184,0.1377,0.17925000000000002,0.2718,0.14629999999999999,0.15955000000000003,0.2525,0.26325,0.15015,0.2158,0.8149500000000001,0.26080000000000003,0.1825,0.7772,0.14365,0.2706
2024-01-08,0.19725,0.48845,0.18415,0.298725,0.30074999999999996,0.1628,0.14447500000000002,0.194625,0.184925,0.16390000000000002,0.2879,0.15885,0.11615,0.168675,0.23607499999999998,0.17575000000000002,0.192325,0.29635,0.20234999999999997,0.288375,0.2062,0.23004999999999998,0.220325,0.45042499999999996,0.2062,0.45685,0.164575,0.150825,0.17795,0.395875,0.763525,0.293875,0.254875,0.29425,0.3661,0.1445,0.81165,0.47252500000000003,0.6314500000000001,0.14897500000000002,0.163225,0.169575,0.16805,0.669475,0.47250000000000003,0.7238,0.28505,0.2908,0.31737499999999996,0.138875,0.3351,0.12817499999999998,0.50885,0.43445,0.31072500000000003,0.1539,0.302725,0.7941,0.520025,0.386675,0.1379,0.18895,0.172325,0.28592500000000004,0.689125,0.15505,0.45482500000000003,0.13215,0.30935,0.285125,0.45665,0.690375,0.194825,0.246025,0.35835,0.42825,0.347125,0.198125,0.249525,0.13045,0.202625,0.4064,0.2212,0.190275,0.186225,0.131975,0.389675,0.14827500000000002,0.671025,0.283625,0.203075,0.2155,0.24384999999999998,0.234725,0.325825,0.16605,0.27549999999999997,0.32855,0.15357500000000002,0.277425,0.2219,0.24735000000000001,0.22662500000000002,0.334125,0.265525,0.2744,0.696425,0.206675,0.7309249999999999,0.13115,0.315975,0.147075,0.307525,0.18575,0.1671,0.2715,0.21145,0.12175,0.146775,0.3458,0.228075,0.28254999999999997,0.144925,0.191975,0.2838,0.1348,0.372925,0.264525,0.2571,0.338925,0.190825,0.168925,0.18722499999999997,0.226625,0.157,0.24185,0.579025,0.2384,0.18395,0.13835,0.178675,0.30215000000000003,0.1446,0.15407500000000002,0.28525,0.262275,0.150175,0.2243,0.810225,0.25865,0.17504999999999998,0.7658,0.14277499999999999,0.2733
2024-01-13,0.2081,0.5049,0.196,0.3225,0.3161,0.1615,0.1441,0.2051,0.1769,0.1617,0.3026,0.1559,0.1122,0.175,0.2387,0.1706,0.1926,0.3167,0.2166,0.2877,0.2044,0.2486,0.2207,0.4578,0.218,0.4941,0.1571,0.1484,0.1765,0.4316,0.7688,0.297,0.2558,0.2969,0.3703,0.1427,0.8077,0.4541,0.645,0.1468,0.1639,0.1685,0.1669,0.6802,0.4576,0.7381,0.2853,0.2913,0.3197,0.1363,0.3663,0.1248,0.5083,0.4769,0.3351,0.1516,0.3027,0.7891,0.5195,0.4219,0.1348,0.1892,0.1712,0.3042,0.6594,0.1533,0.4948,0.128,0.3413,0.304,0.4539,0.7085,0.2127,0.2691,0.3791,0.4219,0.3716,0.1908,0.2507,0.1171,0.2008,0.4361,0.2319,0.175,0.1825,0.1298,0.4163,0.1458,0.6373,0.2856,0.2024,0.2125,0.2418,0.2339,0.3529,0.165,0.2743,0.3546,0.1502,0.2758,0.2198,0.2492,0.2265,0.362,0.2644,0.2748,0.7059,0.214,0.7021,0.1267,0.3428,0.1453,0.3401,0.1859,0.1749,0.2711,0.2135,0.1225,0.1473,0.378,0.2315,0.2899,0.1423,0.188,0.2831,0.1317,0.4076,0.264,0.2585,0.3665,0.1945,0.1687,0.1871,0.243,0.1487,0.2405,0.5786,0.2479,0.1839,0.139,0.1781,0.3325,0.1429,0.1486,0.318,0.2613,0.1502,0.2328,0.8055,0.2565,0.1676,0.7544,0.1419,0.276
2024-01-18,0.21245,0.1331,0.20400000000000001,0.33515,0.32499999999999996,0.028,0.0607,0.2111,0.17965,0.0317,0.31094999999999995,0.0189,0.0308,0.0575,0.23475000000000001,0.17085,0.0388,0.1015,0.2274,0.2883,0.2087,0.0429,0.0662,0.4014,0.22505,0.51555,0.16049999999999998,0.15439999999999998,0.18314999999999998,0.45585,0.771,0.30179999999999996,0.2611,0.30825,0.1177,0.1455,0.398,0.447,0.6463,0.1533,0.17054999999999998,0.16945,0.1723,0.6836500000000001,0.45,0.74125,0.2895,0.29510000000000003,0.32845,0.14229999999999998,0.38745,0.0196,0.50835,0.49774999999999997,0.3522,0.15525,0.3067,0.7897000000000001,0.5219499999999999,0.4393,0.1419,0.19025,0.17495,0.3133,0.4497,0.1565,0.5217,0.13190000000000002,0.36585,0.3185,0.45785,0.7138,0.0302,0.2883,0.38865,0.5563,0.38549999999999995,0.1935,0.25139999999999996,0.1257,0.2038,0.45335000000000003,0.2394,0.1817,0.1832,0.13535,0.43620000000000003,0.14695000000000003,0.3902,0.2851,0.19215,0.21234999999999998,0.25075,0.2318,0.3679,0.17025,0.2835,0.3755,0.15739999999999998,0.28475,0.2226,0.24559999999999998,0.22295,0.38385,0.2656,0.2801,0.6973,0.22035,0.3988,0.0873,0.36035,0.1486,0.36155000000000004,0.18430000000000002,0.1201,0.27715,0.21805,0.12129999999999999,0.15155,0.40035,0.24070000000000003,0.27885,0.0742,0.18045,0.2825,0.079,0.43565,0.26405,0.25985,0.39235,0.2002,0.17304999999999998,0.18764999999999998,0.25555,0.149,0.2383,0.57385,0.26005,0.18530000000000002,0.14255,0.17905,0.34795,0.149,0.1528,0.345,0.2619,0.15495,0.2295,0.7960499999999999,0.25745,0.16745,0.7357,0.1452,0.27565
2024-01-23,0.2168,0.5021,0.212,0.3478,0.3339,0.1698,0.1488,0.2171,0.1824,0.1732,0.3193,0.1586,0.1099,0.1861,0.2308,0.1711,0.1978,0.3449,0.2382,0.2889,0.213,0.2799,0.2155,0.345,0.2321,0.537,0.1639,0.1604,0.1898,0.4801,0.7732,0.3066,0.2664,0.3196,0.3736,0.1483,0.7989,0.4399,0.6476,0.1598,0.1772,0.1704,0.1777,0.6871,0.4424,0.7444,0.2937,0.2989,0.3372,0.1483,0.4086,0.1293,0.5084,0.5186,0.3693,0.1589,0.3107,0.7903,0.5244,0.4567,0.149,0.1913,0.1787,0.3224,0.588,0.1597,0.5486,0.1358,0.3904,0.333,0.4618,0.7191,0.2472,0.3075,0.3982,0.4301,0.3994,0.1962,0.2521,0.1343,0.2068,0.4706,0.2469,0.1884,0.1839,0.1409,0.4561,0.1481,0.5593,0.2846,0.1819,0.2122,0.2597,0.2297,0.3894,0.1755,0.2927,0.3964,0.1646,0.2937,0.2254,0.242,0.2194,0.4057,0.2668,0.2854,0.6887,0.2267,0.638,0.1407,0.3779,0.1519,0.383,0.1827,0.2042,0.2832,0.2226,0.1201,0.1558,0.4227,0.2499,0.2678,0.1529,0.1729,0.2819,0.1436,0.4637,0.2641,0.2612,0.4182,0.2059,0.1774,0.1882,0.2681,0.1493,0.2361,0.5691,0.2722,0.1867,0.1461,0.18,0.3634,0.1551,0.157,0.372,0.2625,0.1597,0.2262,0.7866,0.2584,0.1673,0.717,0.1485,0.2753
2024-01-28,0.2162,0.49645,0.21345,0.3316,0.33875,0.1614,0.14205,0.21205,0.1709,0.16449999999999998,0.3244,0.14775,0.10585,0.18295,0.22585,0.16749999999999998,0.1915,0.3426,0.2365,0.28264999999999996,0.20325,0.28069999999999995,0.21,0.34325,0.21905,0.54015,0.15689999999999998,0.1482,0.18009999999999998,0.4862,0.76305,0.29935,0.2601,0.31595,0.36819999999999997,0.14065,0.78115,0.43315000000000003,0.6443,0.15065,0.17295,0.17054999999999998,0.1676,0.6696500000000001,0.433,0.7393,0.28545,0.2919,0.33425,0.13635,0.41335,0.12325,0.50335,0.53355,0.3695,0.15495,0.31115,0.7744500000000001,0.51885,0.4688,0.1364,0.18045,0.17535,0.32010000000000005,0.544,0.15234999999999999,0.55115,0.1274,0.39455,0.33905,0.4512,0.7026,0.25085,0.3197,0.39505,0.4196,0.3971,0.1859,0.2445,0.12290000000000001,0.20505,0.47095,0.24175000000000002,0.17754999999999999,0.17455,0.13155,0.4599,0.1422,0.5163,0.26380000000000003,0.17404999999999998,0.20805,0.24564999999999998,0.2232,0.3922,0.16720000000000002,0.27835,0.3964,0.15405,0.2918,0.22144999999999998,0.23609999999999998,0.21275,0.40754999999999997,0.26234999999999997,0.27475,0.6675,0.22115,0.58955,0.13485,0.3823,0.14385,0.38739999999999997,0.1832,0.20029999999999998,0.2788,0.21515,0.11875,0.14895,0.43069999999999997,0.2591,0.22949999999999998,0.14685,0.1709,0.29125,0.13605,0.4749,0.25545,0.26344999999999996,0.4293,0.20485,0.17095,0.18195,0.26675000000000004,0.14215,0.2278,0.56545,0.2653,0.18185,0.14135,0.17215,0.36719999999999997,0.14334999999999998,0.1516,0.3746,0.2582,0.1481,0.22395,0.7672,0.25515,0.15975,0.69155,0.13929999999999998,0.2701
2024-02-02,0.2156,0.4908,0.2149,0.3154,0.3436,0.153,0.1353,0.207,0.1594,0.1558,0.3295,0.1369,0.1018,0.1798,0.2209,0.1639,0.1852,0.3403,0.2348,0.2764,0.1935,0.2815,0.2045,0.3415,0.206,0.5433,0.1499,0.136,0.1704,0.4923,0.7529,0.2921,0.2538,0.3123,0.3628,0.133,0.7634,0.4264,0.641,0.1415,0.1687,0.1707,0.1575,0.6522,0.4236,0.7342,0.2772,0.2849,0.3313,0.1244,0.4181,0.1172,0.4983,0.5485,0.3697,0.151,0.3116,0.7586,0.5133,0.4809,0.1238,0.1696,0.172,0.3178,0.5,0.145,0.5537,0.119,0.3987,0.3451,0.4406,0.6861,0.2545,0.3319,0.3919,0.4091,0.3948,0.1756,0.2369,0.1115,0.2033,0.4713,0.2366,0.1667,0.1652,0.1222,0.4637,0.1363,0.4733,0.243,0.1662,0.2039,0.2316,0.2167,0.395,0.1589,0.264,0.3964,0.1435,0.2899,0.2175,0.2302,0.2061,0.4094,0.2579,0.2641,0.6463,0.2156,0.5411,0.129,0.3867,0.1358,0.3918,0.1837,0.1964,0.2744,0.2077,0.1174,0.1421,0.4387,0.2683,0.1912,0.1408,0.1689,0.3006,0.1285,0.4861,0.2468,0.2657,0.4404,0.2038,0.1645,0.1757,0.2654,0.135,0.2195,0.5618,0.2584,0.177,0.1366,0.1643,0.371,0.1316,0.1462,0.3772,0.2539,0.1365,0.2217,0.7478,0.2519,0.1522,0.6661,0.1301,0.2649
2024-02-07,0.27721666666666667,0.5315166666666666,0.27136666666666664,0.38838333333333336,0.41241666666666665,0.15845,0.15525,0.27315,0.1775125,0.158775,0.40221666666666667,0.16181666666666666,0.17361666666666664,0.20584999999999998,0.23688333333333333,0.17586249999999998,0.1888,0.40386666666666665,0.30720000000000003,0.28385,0.22591666666666668,0.36043333333333333,0.20921666666666666,0.36995,0.2818833333333333,0.5998166666666667,0.16248333333333334,0.14248333333333335,0.18663333333333332,0.5560333333333334,0.7558166666666667,0.3074,0.25875000000000004,0.3264,0.3755833333333333,0.14313333333333333,0.7855833333333333,0.44111666666666666,0.6595666666666666,0.14955,0.1947333333333333,0.18048333333333333,0.16811666666666666,0.6788166666666666,0.43639999999999995,0.7444166666666666,0.2844,0.2912166666666667,0.3438333333333333,0.14133333333333334,0.48878333333333335,0.12341666666666666,0.5203,0.6070833333333333,0.44081666666666663,0.15498333333333333,0.3164666666666667,0.7767833333333334,0.5360833333333334,0.5496166666666666,0.13346666666666665,0.1848,0.18334999999999999,0.3795,0.53145,0.15398333333333333,0.6099166666666667,0.12836666666666666,0.47175,0.4134,0.48106666666666664,0.7087,0.3355166666666667,0.4089833333333333,0.4441,0.41535,0.46001666666666663,0.18993333333333334,0.24625,0.12358333333333334,0.2028,0.5288666666666667,0.2780666666666667,0.18974999999999997,0.17318333333333336,0.13223333333333334,0.5195333333333333,0.14576666666666666,0.5035,0.26158333333333333,0.17934999999999998,0.2121,0.23361666666666667,0.22073333333333334,0.45645,0.1706666666666667,0.27585000000000004,0.46771666666666667,0.154,0.30071666666666663,0.22915,0.2343,0.20166666666666666,0.4776,0.2679,0.27798333333333336,0.66525,0.26511666666666667,0.5716333333333333,0.13755,0.45818333333333333,0.16228333333333333,0.4597,0.20224999999999999,0.2302,0.28478333333333333,0.21991666666666668,0.12368333333333334,0.1635,0.5039166666666667,0.2946,0.21813333333333335,0.15038333333333334,0.17198333333333332,0.31871666666666665,0.14051666666666668,0.5468999999999999,0.26435,0.29561666666666664,0.5043,0.2356,0.18643333333333334,0.19353333333333333,0.33820000000000006,0.15051666666666666,0.2368,0.5850333333333333,0.31383333333333335,0.1926,0.14976666666666666,0.17853333333333335,0.4364166666666667,0.1464,0.15233333333333332,0.45143333333333335,0.27025,0.14365,0.2776166666666667,0.7680166666666667,0.26888333333333336,0.1641,0.6933666666666667,0.14604999999999999,0.28305
2024-02-12,0.3388333333333333,0.5722333333333334,0.3278333333333333,0.4613666666666667,0.48123333333333335,0.1639,0.17520000000000002,0.3393,0.195625,0.16175,0.4749333333333334,0.1867333333333333,0.2454333333333333,0.2319,0.2528666666666667,0.187825,0.19240000000000002,0.46743333333333337,0.37960000000000005,0.2913,0.25833333333333336,0.4393666666666667,0.21393333333333334,0.39840000000000003,0.3577666666666667,0.6563333333333333,0.17506666666666668,0.14896666666666666,0.20286666666666667,0.6197666666666667,0.7587333333333334,0.32270000000000004,0.2637,0.3405,0.3883666666666667,0.15326666666666666,0.8077666666666666,0.45583333333333337,0.6781333333333334,0.1576,0.22076666666666667,0.19026666666666667,0.17873333333333333,0.7054333333333334,0.4492,0.7546333333333333,0.2916,0.2975333333333333,0.35636666666666666,0.15826666666666667,0.5594666666666667,0.12963333333333332,0.5423,0.6656666666666666,0.5119333333333334,0.15896666666666667,0.3213333333333333,0.7949666666666667,0.5588666666666666,0.6183333333333334,0.14313333333333333,0.19999999999999998,0.19469999999999998,0.4412,0.5629,0.16296666666666665,0.6661333333333334,0.13773333333333332,0.5448,0.4817,0.5215333333333333,0.7313000000000001,0.41653333333333337,0.48606666666666665,0.4963,0.42160000000000003,0.5252333333333333,0.20426666666666668,0.2556,0.13566666666666666,0.2023,0.5864333333333334,0.31953333333333334,0.2128,0.18116666666666667,0.14226666666666668,0.5753666666666667,0.15523333333333333,0.5337,0.2801666666666667,0.1925,0.2203,0.23563333333333333,0.22476666666666667,0.5179,0.18243333333333334,0.2877,0.5390333333333334,0.16449999999999998,0.31153333333333333,0.2408,0.2384,0.19723333333333334,0.5458000000000001,0.27790000000000004,0.29186666666666666,0.6842,0.3146333333333333,0.6021666666666667,0.1461,0.5296666666666666,0.1887666666666667,0.5276000000000001,0.2208,0.264,0.29516666666666663,0.23213333333333333,0.12996666666666667,0.1849,0.5691333333333333,0.32089999999999996,0.24506666666666665,0.15996666666666667,0.17506666666666668,0.3368333333333333,0.15253333333333333,0.6077,0.2819,0.32553333333333334,0.5682,0.2674,0.20836666666666664,0.21136666666666665,0.41100000000000003,0.16603333333333334,0.2541,0.6082666666666666,0.3692666666666667,0.2082,0.16293333333333335,0.19276666666666667,0.5018333333333334,0.1612,0.15846666666666667,0.5256666666666667,0.2866,0.15080000000000002,0.33353333333333335,0.7882333333333333,0.28586666666666666,0.176,0.7206333333333333,0.162,0.3012
2024-02-17,0.40045000000000003,0.61295,0.3843,0.53435,0.5500499999999999,0.16935,0.19515,0.40545,0.2137375,0.164725,0.54765,0.21165,0.31725,0.25795,0.26885000000000003,0.1997875,0.196,0.531,0.452,0.29875,0.29075,0.5183,0.21865,0.42685,0.43365,0.71285,0.18764999999999998,0.15545,0.2191,0.6835,0.7616499999999999,0.338,0.26865,0.3546,0.40115,0.1634,0.82995,0.47055,0.6967,0.16565,0.24680000000000002,0.20005,0.18935000000000002,0.73205,0.46199999999999997,0.76485,0.2988,0.30384999999999995,0.3689,0.1752,0.63015,0.13585,0.5643,0.7242500000000001,0.58305,0.16294999999999998,0.3262,0.81315,0.58165,0.6870499999999999,0.1528,0.2152,0.20605,0.5029,0.5943499999999999,0.17195,0.72235,0.1471,0.61785,0.55,0.562,0.7539,0.49755000000000005,0.56315,0.5485,0.42785,0.59045,0.21860000000000002,0.26494999999999996,0.14775,0.2018,0.644,0.361,0.23585,0.18915,0.1523,0.6312,0.1647,0.5639,0.29874999999999996,0.20565,0.22849999999999998,0.23765,0.2288,0.57935,0.1942,0.29955,0.61035,0.175,0.32235,0.25245,0.2425,0.1928,0.614,0.2879,0.30574999999999997,0.7031499999999999,0.36415000000000003,0.6327,0.15465,0.60115,0.21525,0.5955,0.23935,0.2978,0.30555,0.24435,0.13624999999999998,0.2063,0.63435,0.34719999999999995,0.272,0.16955,0.17815,0.35495,0.16455,0.6685,0.29945,0.35545,0.6321,0.2992,0.2303,0.22920000000000001,0.4838,0.18155,0.2714,0.6315,0.42469999999999997,0.2238,0.1761,0.20700000000000002,0.56725,0.176,0.1646,0.5999,0.30295,0.15795,0.38945,0.80845,0.30285,0.1879,0.7479,0.17795,0.31935
2024-02-22,0.4620666666666667,0.6536666666666666,0.44076666666666664,0.6073333333333333,0.6188666666666667,0.1748,0.2151,0.4716,0.23185,0.16770000000000002,0.6203666666666667,0.23656666666666665,0.3890666666666666,0.28400000000000003,0.2848333333333334,0.21175,0.1996,0.5945666666666667,0.5244,0.30619999999999997,0.3231666666666667,0.5972333333333333,0.22336666666666666,0.4553,0.5095333333333334,0.7693666666666666,0.20023333333333332,0.16193333333333335,0.23533333333333334,0.7472333333333334,0.7645666666666666,0.3533,0.2736,0.36869999999999997,0.4139333333333333,0.17353333333333332,0.8521333333333333,0.4852666666666667,0.7152666666666666,0.1737,0.27283333333333337,0.20983333333333332,0.19996666666666668,0.7586666666666666,0.47479999999999994,0.7750666666666667,0.306,0.31016666666666665,0.3814333333333333,0.19213333333333332,0.7008333333333334,0.14206666666666667,0.5862999999999999,0.7828333333333334,0.6541666666666667,0.16693333333333332,0.3310666666666667,0.8313333333333334,0.6044333333333334,0.7557666666666667,0.16246666666666665,0.2304,0.2174,0.5646,0.6258,0.18093333333333333,0.7785666666666666,0.15646666666666667,0.6909000000000001,0.6183000000000001,0.6024666666666667,0.7765,0.5785666666666667,0.6402333333333333,0.6007,0.4341,0.6556666666666666,0.23293333333333333,0.2743,0.15983333333333333,0.2013,0.7015666666666667,0.40246666666666664,0.2589,0.19713333333333335,0.16233333333333333,0.6870333333333333,0.17416666666666666,0.5941,0.3173333333333333,0.2188,0.2367,0.23966666666666667,0.23283333333333334,0.6408,0.2059666666666667,0.3114,0.6816666666666666,0.1855,0.33316666666666667,0.2641,0.2466,0.18836666666666665,0.6822,0.2979,0.3196333333333333,0.7221,0.4136666666666667,0.6632333333333333,0.1632,0.6726333333333333,0.24173333333333336,0.6634,0.2579,0.3316,0.31593333333333334,0.25656666666666667,0.14253333333333332,0.2277,0.6995666666666667,0.37349999999999994,0.29893333333333333,0.17913333333333334,0.18123333333333333,0.37306666666666666,0.17656666666666668,0.7293,0.317,0.38536666666666664,0.696,0.331,0.2522333333333333,0.24703333333333333,0.5566,0.19706666666666667,0.28869999999999996,0.6547333333333334,0.4801333333333333,0.2394,0.18926666666666667,0.22123333333333334,0.6326666666666667,0.1908,0.17073333333333332,0.6741333333333334,0.3193,0.1651,0.4453666666666667,0.8286666666666667,0.31983333333333336,0.1998,0.7751666666666667,0.19390000000000002,0.3375
2024-02-27,0.5236833333333334,0.6943833333333334,0.4972333333333333,0.6803166666666667,0.6876833333333332,0.18025,0.23505,0.5377500000000001,0.2499625,0.170675,0.6930833333333334,0.2614833333333333,0.4608833333333333,0.31005000000000005,0.3008166666666667,0.22371249999999998,0.20320000000000002,0.6581333333333333,0.5968,0.31365,0.35558333333333336,0.6761666666666666,0.22808333333333333,0.48375,0.5854166666666667,0.8258833333333333,0.21281666666666665,0.16841666666666666,0.25156666666666666,0.8109666666666667,0.7674833333333333,0.36860000000000004,0.27854999999999996,0.3828,0.4267166666666667,0.18366666666666667,0.8743166666666666,0.4999833333333334,0.7338333333333333,0.18175,0.29886666666666667,0.21961666666666665,0.21058333333333334,0.7852833333333333,0.4876,0.7852833333333333,0.31320000000000003,0.31648333333333334,0.39396666666666663,0.20906666666666668,0.7715166666666666,0.14828333333333332,0.6083,0.8414166666666667,0.7252833333333333,0.17091666666666666,0.3359333333333333,0.8495166666666667,0.6272166666666666,0.8244833333333332,0.17213333333333333,0.24559999999999998,0.22875,0.6262999999999999,0.65725,0.18991666666666668,0.8347833333333333,0.16583333333333333,0.7639499999999999,0.6866,0.6429333333333334,0.7991,0.6595833333333334,0.7173166666666666,0.6529,0.44035,0.7208833333333333,0.2472666666666667,0.28364999999999996,0.17191666666666666,0.2008,0.7591333333333333,0.4439333333333333,0.28195,0.20511666666666667,0.17236666666666667,0.7428666666666667,0.18363333333333332,0.6243,0.33591666666666664,0.23195,0.2449,0.24168333333333333,0.23686666666666667,0.70225,0.21773333333333333,0.32325000000000004,0.7529833333333333,0.19599999999999998,0.3439833333333333,0.27575,0.25070000000000003,0.18393333333333334,0.7504,0.3079,0.3335166666666667,0.74105,0.4631833333333334,0.6937666666666668,0.17174999999999999,0.7441166666666666,0.26821666666666666,0.7313000000000001,0.27645,0.3654,0.32631666666666664,0.2687833333333334,0.14881666666666665,0.24910000000000002,0.7647833333333333,0.3998,0.32586666666666664,0.18871666666666667,0.18431666666666668,0.3911833333333333,0.18858333333333333,0.7901,0.33455,0.41528333333333334,0.7599,0.3628,0.27416666666666667,0.2648666666666667,0.6294,0.21258333333333335,0.306,0.6779666666666667,0.5355666666666667,0.255,0.20243333333333335,0.23546666666666666,0.6980833333333333,0.2056,0.17686666666666667,0.7483666666666666,0.33565,0.17225000000000001,0.5012833333333333,0.8488833333333333,0.33681666666666665,0.2117,0.8024333333333333,0.20984999999999998,0.35565
2024-03-03,0.5853,0.7351,0.5537,0.7533,0.7565,0.1857,0.255,0.6039,0.268075,0.17365,0.7658,0.2864,0.5327,0.3361,0.3168,0.235675,0.2068,0.7217,0.6692,0.3211,0.388,0.7551,0.2328,0.5122,0.6613,0.8824,0.2254,0.1749,0.2678,0.8747,0.7704,0.3839,0.2835,0.3969,0.4395,0.1938,0.8965,0.5147,0.7524,0.1898,0.3249,0.2294,0.2212,0.8119,0.5004,0.7955,0.3204,0.3228,0.4065,0.226,0.8422,0.1545,0.6303,0.9,0.7964,0.1749,0.3408,0.8677,0.65,0.8932,0.1818,0.2608,0.2401,0.688,0.6887,0.1989,0.891,0.1752,0.837,0.7549,0.6834,0.8217,0.7406,0.7944,0.7051,0.4466,0.7861,0.2616,0.293,0.184,0.2003,0.8167,0.4854,0.305,0.2131,0.1824,0.7987,0.1931,0.6545,0.3545,0.2451,0.2531,0.2437,0.2409,0.7637,0.2295,0.3351,0.8243,0.2065,0.3548,0.2874,0.2548,0.1795,0.8186,0.3179,0.3474,0.76,0.5127,0.7243,0.1803,0.8156,0.2947,0.7992,0.295,0.3992,0.3367,0.281,0.1551,0.2705,0.83,0.4261,0.3528,0.1983,0.1874,0.4093,0.2006,0.8509,0.3521,0.4452,0.8238,0.3946,0.2961,0.2827,0.7022,0.2281,0.3233,0.7012,0.591,0.2706,0.2156,0.2497,0.7635,0.2204,0.183,0.8226,0.352,0.1794,0.5572,0.8691,0.3538,0.2236,0.8297,0.2258,0.3738
2024-03-08,0.62685,0.67445,0.6013,0.6772499999999999,0.6447499999999999,0.19065,0.22215000000000001,0.60415,0.28618750000000004,0.176625,0.7003,0.30345,0.38065,0.36645,0.31735,0.2476375,0.213175,0.62965,0.6918500000000001,0.3235,0.271,0.5506500000000001,0.21735,0.53935,0.5038,0.8146,0.22305,0.175175,0.26994999999999997,0.835,0.7423500000000001,0.31165,0.24689999999999998,0.398175,0.47625,0.22224999999999998,0.85345,0.5324,0.7133,0.17765,0.3865,0.2318,0.225325,0.81685,0.5158,0.7565,0.313,0.32455,0.3625,0.20585,0.8116,0.19605,0.5690500000000001,0.81785,0.7298,0.18525,0.3448,0.855,0.6464000000000001,0.7948999999999999,0.18969999999999998,0.26249999999999996,0.28845,0.6378999999999999,0.6930000000000001,0.20329999999999998,0.864,0.20545,0.8055,0.6133,0.7081500000000001,0.7349,0.7345,0.73715,0.6994,0.42879999999999996,0.811625,0.270025,0.2953,0.17535,0.2028,0.75625,0.4699,0.31355,0.211925,0.25225,0.7463,0.19265,0.65715,0.3446,0.23655,0.247975,0.3674,0.22555,0.6531,0.2291,0.31275,0.67635,0.2212,0.33194999999999997,0.2824,0.23775000000000002,0.1777,0.7804,0.31345,0.32804999999999995,0.7259,0.5395000000000001,0.70065,0.18655,0.77025,0.28554999999999997,0.78005,0.29169999999999996,0.38265,0.30735,0.27085000000000004,0.16235,0.28190000000000004,0.7975,0.38805,0.35805,0.1971,0.176825,0.403875,0.20035,0.81145,0.3409,0.4301,0.69615,0.36475,0.31405,0.2854,0.66125,0.27095,0.30989999999999995,0.6186,0.49644999999999995,0.2704,0.22945,0.246,0.7296,0.22725,0.2067,0.76635,0.3274,0.19490000000000002,0.5655,0.7714,0.32215,0.22715,0.80235,0.21325,0.3521
2024-03-13,0.6684,0.6138,0.6489,0.6012,0.533,0.1956,0.1893,0.6044,0.3043,0.1796,0.6348,0.3205,0.2286,0.3968,0.3179,0.2596,0.21955000000000002,0.5376,0.7145,0.3259,0.154,0.3462,0.2019,0.5665,0.3463,0.7468,0.2207,0.17545,0.2721,0.7953,0.7143,0.2394,0.2103,0.39944999999999997,0.513,0.2507,0.8104,0.5501,0.6742,0.1655,0.4481,0.2342,0.22945,0.8218,0.5312,0.7175,0.3056,0.3263,0.3185,0.1857,0.781,0.2376,0.5078,0.7357,0.6632,0.1956,0.3488,0.8423,0.6428,0.6966,0.1976,0.2642,0.3368,0.5878,0.6973,0.2077,0.837,0.2357,0.774,0.4717,0.7329,0.6481,0.7284,0.6799,0.6937,0.411,0.8371500000000001,0.27845,0.2976,0.16670000000000001,0.2053,0.6958,0.4544,0.3221,0.21075,0.3221,0.6939,0.1922,0.6598,0.3347,0.228,0.24285,0.4911,0.2102,0.5425,0.2287,0.2904,0.5284,0.2359,0.3091,0.2774,0.2207,0.1759,0.7422,0.309,0.3087,0.6918,0.5663,0.677,0.1928,0.7249,0.2764,0.7609,0.2884,0.3661,0.278,0.2607,0.1696,0.2933,0.765,0.35,0.3633,0.1959,0.16625,0.39844999999999997,0.2001,0.772,0.3297,0.415,0.5685,0.3349,0.332,0.2881,0.6203,0.3138,0.2965,0.536,0.4019,0.2702,0.2433,0.2423,0.6957,0.2341,0.2304,0.7101,0.3028,0.2104,0.5738,0.6737,0.2905,0.2307,0.775,0.2007,0.3304
2024-03-18,0.70825,0.7113499999999999,0.6965,0.7013,0.6785,0.20055,0.19319999999999998,0.6775,0.31165,0.2548,0.7166,0.33805,0.18280000000000002,0.4513,0.3667,0.2364,0.22592500000000001,0.5191,0.7806500000000001,0.34245000000000003,0.1767,0.60625,0.21034999999999998,0.59365,0.41575,0.8265,0.21835,0.175725,0.27425,0.84935,0.6692,0.30610000000000004,0.2341,0.400725,0.4319,0.24085,0.8573999999999999,0.5678000000000001,0.6229,0.18230000000000002,0.4112,0.2178,0.233575,0.82675,0.54115,0.6372,0.3064,0.30874999999999997,0.35914999999999997,0.24509999999999998,0.83375,0.21615,0.6071500000000001,0.8240000000000001,0.7583,0.1815,0.35505,0.84785,0.6851,0.8069000000000001,0.1983,0.2693,0.29974999999999996,0.7111,0.7867500000000001,0.1994,0.8761,0.1991,0.82955,0.6698999999999999,0.7408,0.7526,0.79985,0.78715,0.76615,0.43835,0.862675,0.286875,0.288,0.15805,0.2089,0.7934,0.5543,0.34614999999999996,0.209575,0.24585,0.79025,0.1766,0.76275,0.3887,0.22920000000000001,0.237725,0.37085,0.21615,0.70105,0.2136,0.30874999999999997,0.7141,0.2094,0.33309999999999995,0.2734,0.23905,0.17880000000000001,0.8167,0.312,0.32909999999999995,0.70685,0.6268,0.77895,0.181,0.81535,0.24895,0.81,0.29395,0.5016,0.30575,0.26654999999999995,0.16525,0.27765,0.83555,0.43165,0.3791,0.1825,0.155675,0.393025,0.20825,0.8263,0.31015000000000004,0.47064999999999996,0.70965,0.4284,0.2513,0.24415,0.7188,0.23770000000000002,0.2358,0.66855,0.59895,0.23299999999999998,0.2164,0.20925,0.77515,0.2081,0.1977,0.7965,0.27345,0.1895,0.6999,0.79445,0.2814,0.21660000000000001,0.8420000000000001,0.22025,0.30000000000000004
2024-03-23,0.7481,0.8089,0.7441,0.8014,0.824,0.2055,0.1971,0.7506,0.319,0.33,0.7984,0.3556,0.137,0.5058,0.4155,0.2132,0.2323,0.5006,0.8468,0.359,0.1994,0.8663,0.2188,0.6208,0.4852,0.9062,0.216,0.176,0.2764,0.9034,0.6241,0.3728,0.2579,0.402,0.3508,0.231,0.9044,0.5855,0.5716,0.1991,0.3743,0.2014,0.2377,0.8317,0.5511,0.5569,0.3072,0.2912,0.3998,0.3045,0.8865,0.1947,0.7065,0.9123,0.8534,0.1674,0.3613,0.8534,0.7274,0.9172,0.199,0.2744,0.2627,0.8344,0.8762,0.1911,0.9152,0.1625,0.8851,0.8681,0.7487,0.8571,0.8713,0.8944,0.8386,0.4657,0.8882,0.2953,0.2784,0.1494,0.2125,0.891,0.6542,0.3702,0.2084,0.1696,0.8866,0.161,0.8657,0.4427,0.2304,0.2326,0.2506,0.2221,0.8596,0.1985,0.3271,0.8998,0.1829,0.3571,0.2694,0.2574,0.1817,0.8912,0.315,0.3495,0.7219,0.6873,0.8809,0.1692,0.9058,0.2215,0.8591,0.2995,0.6371,0.3335,0.2724,0.1609,0.262,0.9061,0.5133,0.3949,0.1691,0.1451,0.3876,0.2164,0.8806,0.2906,0.5263,0.8508,0.5219,0.1706,0.2002,0.8173,0.1616,0.1751,0.8011,0.796,0.1958,0.1895,0.1762,0.8546,0.1821,0.165,0.8829,0.2441,0.1686,0.826,0.9152,0.2723,0.2025,0.909,0.2398,0.2696
2024-03-28,0.77535,0.7741,0.80315,0.81565,0.84915,0.22349999999999998,0.2212,0.79,0.36955,0.39275000000000004,0.8242,0.4492,0.13295,0.57225,0.401,0.2104,0.23895,0.5044500000000001,0.88235,0.3937,0.2051,0.89535,0.20205,0.61585,0.54265,0.91945,0.215,0.18514999999999998,0.3417,0.91615,0.6396,0.40290000000000004,0.27480000000000004,0.43415000000000004,0.379,0.23395,0.9089499999999999,0.6476500000000001,0.5388,0.2275,0.40890000000000004,0.20625,0.29565,0.77735,0.61415,0.5580499999999999,0.33214999999999995,0.26585000000000003,0.43775,0.38165,0.9033,0.18875,0.7542,0.9257,0.88,0.1734,0.38334999999999997,0.7513,0.7729,0.9288000000000001,0.2357,0.27005,0.24955,0.8642000000000001,0.8918999999999999,0.2125,0.92515,0.15885,0.9014,0.89015,0.75515,0.8324,0.9023,0.9189499999999999,0.8665,0.42269999999999996,0.90515,0.3302,0.2868,0.15375,0.2138,0.90735,0.71,0.43529999999999996,0.22235,0.1832,0.9013,0.17265,0.8854500000000001,0.49369999999999997,0.2402,0.22775,0.26144999999999996,0.2,0.8864000000000001,0.20695000000000002,0.3467,0.9145000000000001,0.18615,0.3839,0.26039999999999996,0.27255,0.1741,0.90635,0.33895,0.37495,0.59675,0.74795,0.8943,0.1709,0.91885,0.2331,0.8714,0.3282,0.71855,0.35995,0.27064999999999995,0.16035,0.2574,0.9135,0.6151,0.3917,0.20455,0.15055000000000002,0.40190000000000003,0.184,0.9007000000000001,0.2609,0.5904,0.87405,0.6023499999999999,0.20600000000000002,0.23265,0.86095,0.17995,0.1769,0.82345,0.83575,0.224,0.21395,0.2047,0.87575,0.2172,0.177,0.8976,0.22625,0.2021,0.85305,0.91395,0.24564999999999998,0.2213,0.90995,0.2756,0.2465
2024-04-02,0.8026,0.7393,0.8622,0.8299,0.8743,0.2415,0.2453,0.8294,0.4201,0.4555,0.85,0.5428,0.1289,0.6387,0.3865,0.2076,0.2456,0.5083,0.9179,0.4284,0.2108,0.9244,0.1853,0.6109,0.6001,0.9327,0.214,0.1943,0.407,0.9289,0.6551,0.433,0.2917,0.4663,0.4072,0.2369,0.9135,0.7098,0.506,0.2559,0.4435,0.2111,0.3536,0.723,0.6772,0.5592,0.3571,0.2405,0.4757,0.4588,0.9201,0.1828,0.8019,0.9391,0.9066,0.1794,0.4054,0.6492,0.8184,0.9404,0.2724,0.2657,0.2364,0.894,0.9076,0.2339,0.9351,0.1552,0.9177,0.9122,0.7616,0.8077,0.9333,0.9435,0.8944,0.3797,0.9221,0.3651,0.2952,0.1581,0.2151,0.9237,0.7658,0.5004,0.2363,0.1968,0.916,0.1843,0.9052,0.5447,0.25,0.2229,0.2723,0.1779,0.9132,0.2154,0.3663,0.9292,0.1894,0.4107,0.2514,0.2877,0.1665,0.9215,0.3629,0.4004,0.4716,0.8086,0.9077,0.1726,0.9319,0.2447,0.8837,0.3569,0.8,0.3864,0.2689,0.1598,0.2528,0.9209,0.7169,0.3885,0.24,0.156,0.4162,0.1516,0.9208,0.2312,0.6545,0.8973,0.6828,0.2414,0.2651,0.9046,0.1983,0.1787,0.8458,0.8755,0.2522,0.2384,0.2332,0.8969,0.2523,0.189,0.9123,0.2084,0.2356,0.8801,0.9127,0.219,0.2401,0.9109,0.3114,0.2234
2024-04-07,0.7324,0.705,0.833,0.7389,0.7466,0.2571,0.2711,0.775,0.2252,0.3771,0.7705,0.2372,0.1807,0.6323,0.2883,0.2107,0.2615,0.4212,0.8623,0.4164,0.1973,0.578,0.3309,0.4045,0.5184,0.8651,0.1884,0.2168,0.3793,0.9176,0.5944,0.3559,0.2572,0.4155,0.4036,0.1604,0.8492,0.703,0.5236,0.2263,0.43274999999999997,0.2178,0.2272,0.6585,0.6424,0.5283,0.3223,0.2149,0.4051,0.234,0.8625,0.1422,0.7263,0.9064,0.846,0.2006,0.3614,0.5372,0.7453,0.9109,0.2031,0.2095,0.202,0.8622,0.8401,0.2457,0.9027,0.1418,0.8881,0.8919,0.6314,0.2254,0.9047,0.9074,0.8525,0.3995,0.8902,0.3795,0.2864,0.147,0.1989,0.903,0.7794,0.272,0.1733,0.1614,0.8899,0.1583,0.859,0.5421,0.1649,0.223,0.2602,0.1707,0.8633,0.1854,0.3505,0.8961,0.1596,0.3828,0.2498,0.2886,0.1577,0.8652,0.331,0.372,0.1998,0.7479,0.8222,0.1817,0.906,0.2203,0.8068,0.3243,0.7468,0.3469,0.1962,0.1705,0.2204,0.8669,0.6757,0.2391,0.2401,0.1682,0.3758,0.15,0.8465,0.2351,0.6018,0.8269,0.6474,0.2195,0.2531,0.8301,0.2,0.184,0.8181,0.5807,0.2359,0.3364,0.2319,0.8365,0.319,0.2127,0.8942,0.19625,0.24635,0.85475,0.89515,0.20345000000000002,0.20274999999999999,0.8953,0.2442,0.1941
2024-04-12,0.6705,0.7212,0.8626,0.7763,0.854,0.2223,0.1722,0.7298,0.159,0.2644,0.8452,0.1878,0.093,0.6579,0.1843,0.1576,0.151,0.4921,0.9061,0.4185,0.1864,0.9179,0.1455,0.2438,0.5878,0.9106,0.1645,0.1692,0.486,0.9077,0.5701,0.275,0.2499,0.2881,0.3622,0.121,0.8225,0.7322,0.505,0.2181,0.422,0.1951,0.2004,0.6612,0.7108,0.5299,0.2366,0.196,0.2757,0.2349,0.8952,0.1094,0.7915,0.9228,0.8852,0.1522,0.2735,0.5746,0.8,0.9259,0.1701,0.2014,0.1913,0.8753,0.8665,0.178,0.9216,0.127,0.8934,0.8928,0.5729,0.1844,0.9201,0.9166,0.8733,0.3616,0.9113,0.256,0.2413,0.1311,0.1852,0.9028,0.8015,0.2424,0.1488,0.1328,0.8928,0.1721,0.8788,0.3544,0.1395,0.2198,0.241,0.1416,0.901,0.1713,0.3357,0.9154,0.1452,0.3713,0.2551,0.2857,0.1195,0.9006,0.3018,0.3704,0.1682,0.7107,0.8672,0.188,0.9178,0.222,0.8088,0.321,0.7954,0.3396,0.1595,0.1394,0.2126,0.9041,0.7669,0.1848,0.2351,0.1363,0.4065,0.1307,0.906,0.1623,0.32,0.8895,0.6601,0.2341,0.2533,0.9036,0.1899,0.1094,0.8471,0.1761,0.228,0.171,0.2306,0.8583,0.2442,0.175,0.8761,0.1841,0.2571,0.8294,0.8776,0.1879,0.1654,0.8797,0.177,0.1648
2024-04-17,0.6794833333333333,0.7077333333333333,0.8625166666666667,0.7337833333333333,0.85725,0.20803333333333332,0.16273333333333334,0.7399333333333333,0.17525000000000002,0.24675000000000002,0.8480333333333333,0.17683333333333334,0.093,0.6579666666666667,0.1809,0.16854999999999998,0.15748333333333334,0.48786666666666667,0.9050166666666667,0.37211666666666665,0.19755,0.9173666666666667,0.1380333333333333,0.2355,0.6029666666666667,0.9056833333333333,0.17766666666666667,0.1657,0.43324999999999997,0.8493833333333333,0.5723166666666667,0.2622666666666667,0.23026666666666668,0.25585,0.36125,0.119,0.8213,0.7108,0.48101666666666665,0.20761666666666667,0.49516666666666664,0.29473333333333335,0.20625,0.6785666666666667,0.7213166666666666,0.5055000000000001,0.21948333333333334,0.1364,0.23573333333333332,0.21201666666666666,0.8905166666666666,0.12536666666666665,0.8008,0.8543333333333333,0.88655,0.15898333333333334,0.24698333333333336,0.6219833333333333,0.8055833333333333,0.8489166666666667,0.15528333333333333,0.2001,0.19021666666666667,0.8685166666666666,0.86995,0.18046666666666666,0.8191833333333333,0.16856666666666667,0.8845166666666666,0.8878833333333334,0.6042666666666666,0.18135,0.9201,0.9168666666666666,0.8708666666666667,0.37324999999999997,0.82835,0.25193333333333334,0.2270333333333333,0.16231666666666666,0.17846666666666666,0.8979666666666667,0.8099666666666666,0.23613333333333333,0.18868333333333331,0.12535,0.8868833333333334,0.19563333333333333,0.8769666666666667,0.37121666666666664,0.13861666666666667,0.33066666666666666,0.2183,0.13558333333333333,0.8938,0.17635,0.2847166666666667,0.7969833333333334,0.19236666666666666,0.3552166666666667,0.3554333333333333,0.2591,0.11386666666666666,0.7815833333333333,0.27525,0.33295,0.16311666666666666,0.7160833333333333,0.8702333333333333,0.17731666666666668,0.8031333333333333,0.20236666666666667,0.7447166666666667,0.29178333333333334,0.7959833333333334,0.3206,0.16551666666666667,0.13233333333333333,0.1999166666666667,0.7875666666666666,0.7852666666666667,0.17003333333333331,0.33283333333333337,0.13271666666666668,0.38566666666666666,0.12628333333333333,0.9017333333333334,0.13051666666666667,0.32355,0.8876,0.6692833333333333,0.33931666666666666,0.35465,0.9015666666666666,0.18015,0.08496666666666666,0.8484666666666666,0.1708,0.3355166666666667,0.1683,0.3309333333333333,0.7959333333333333,0.33421666666666666,0.1745,0.8052833333333334,0.17735,0.3460333333333333,0.8293833333333334,0.8722666666666667,0.18296666666666667,0.1811333333333333,0.8524833333333334,0.17008333333333334,0.15763333333333335
2024-04-22,0.6884666666666667,0.6942666666666666,0.8624333333333334,0.6912666666666667,0.8605,0.19376666666666667,0.15326666666666666,0.7500666666666667,0.1915,0.22910000000000003,0.8508666666666667,0.16586666666666666,0.093,0.6580333333333334,0.1775,0.1795,0.16396666666666668,0.4836333333333333,0.9039333333333334,0.3257333333333333,0.20870000000000002,0.9168333333333334,0.13056666666666666,0.22719999999999999,0.6181333333333333,0.9007666666666666,0.19083333333333333,0.16219999999999998,0.3805,0.7910666666666666,0.5745333333333333,0.24953333333333336,0.21063333333333334,0.22360000000000002,0.3603,0.11699999999999999,0.8201,0.6894,0.45703333333333335,0.19713333333333333,0.5683333333333334,0.39436666666666675,0.21209999999999998,0.6959333333333333,0.7318333333333333,0.4811,0.20236666666666667,0.0768,0.19576666666666664,0.18913333333333335,0.8858333333333334,0.14133333333333334,0.8101,0.7858666666666666,0.8879,0.16576666666666667,0.22046666666666667,0.6693666666666667,0.8111666666666667,0.7719333333333334,0.14046666666666666,0.1988,0.18913333333333332,0.8617333333333334,0.8734000000000001,0.18293333333333334,0.7167666666666667,0.21013333333333334,0.8756333333333333,0.8829666666666667,0.6356333333333333,0.17830000000000001,0.9201,0.9171333333333334,0.8684333333333333,0.38489999999999996,0.7454000000000001,0.24786666666666668,0.21276666666666666,0.19353333333333333,0.17173333333333335,0.8931333333333333,0.8184333333333333,0.22986666666666666,0.22856666666666667,0.1179,0.8809666666666667,0.21916666666666668,0.8751333333333333,0.38803333333333334,0.13773333333333335,0.44153333333333333,0.1956,0.12956666666666666,0.8866,0.1814,0.23373333333333332,0.6785666666666667,0.23953333333333332,0.33913333333333334,0.45576666666666665,0.2325,0.10823333333333333,0.6625666666666666,0.2487,0.2955,0.15803333333333333,0.7214666666666667,0.8732666666666666,0.16663333333333333,0.6884666666666667,0.18273333333333333,0.6806333333333333,0.26256666666666667,0.7965666666666666,0.3016,0.17153333333333334,0.12526666666666667,0.18723333333333333,0.6710333333333334,0.8036333333333333,0.15526666666666666,0.4305666666666667,0.12913333333333332,0.3648333333333333,0.12186666666666668,0.8974666666666666,0.09873333333333333,0.3271,0.8856999999999999,0.6784666666666667,0.44453333333333334,0.45600000000000007,0.8995333333333333,0.1704,0.06053333333333332,0.8498333333333333,0.1655,0.4430333333333334,0.1656,0.4312666666666667,0.7335666666666666,0.42423333333333335,0.174,0.7344666666666666,0.1706,0.4349666666666666,0.8293666666666667,0.8669333333333333,0.17803333333333335,0.19686666666666666,0.8252666666666667,0.16316666666666665,0.15046666666666667
2024-04-27,0.69745,0.6808,0.86235,0.6487499999999999,0.86375,0.1795,0.14379999999999998,0.7602,0.20775,0.21145000000000003,0.8536999999999999,0.15489999999999998,0.093,0.6581,0.17409999999999998,0.19045,0.17045,0.4794,0.9028499999999999,0.27935,0.21985000000000002,0.9163,0.12309999999999999,0.21889999999999998,0.6333,0.89585,0.20400000000000001,0.1587,0.32775,0.73275,0.5767500000000001,0.2368,0.191,0.19135000000000002,0.35935,0.115,0.8189,0.6679999999999999,0.43305,0.18664999999999998,0.6415,0.49400000000000005,0.21794999999999998,0.7132999999999999,0.7423500000000001,0.4567,0.18525,0.017199999999999993,0.1558,0.16625,0.88115,0.1573,0.8194,0.7174,0.88925,0.17254999999999998,0.19395,0.71675,0.8167500000000001,0.69495,0.12564999999999998,0.1975,0.18805,0.85495,0.87685,0.1854,0.61435,0.25170000000000003,0.8667499999999999,0.87805,0.667,0.17525,0.9201,0.9174,0.866,0.39654999999999996,0.66245,0.2438,0.1985,0.22475,0.165,0.8883000000000001,0.8269,0.22360000000000002,0.26844999999999997,0.11044999999999999,0.87505,0.24270000000000003,0.8733,0.40485,0.13685000000000003,0.5524,0.1729,0.12355,0.8794,0.18645,0.18275,0.5601499999999999,0.2867,0.32305,0.5561,0.2059,0.1026,0.54355,0.22215000000000001,0.25805,0.15294999999999997,0.72685,0.8763,0.15595,0.5738,0.1631,0.6165499999999999,0.23335,0.79715,0.2826,0.17754999999999999,0.1182,0.17455,0.5545,0.8220000000000001,0.14049999999999999,0.5283,0.12555,0.344,0.11745,0.8932,0.06695,0.33065,0.8837999999999999,0.68765,0.54975,0.55735,0.8975,0.16065000000000002,0.03609999999999999,0.8512,0.1602,0.55055,0.1629,0.5316,0.6712,0.51425,0.1735,0.66365,0.16385,0.5239,0.82935,0.8616,0.1731,0.21259999999999998,0.79805,0.15625,0.1433
2024-05-02,0.7064333333333334,0.6673333333333333,0.8622666666666666,0.6062333333333333,0.867,0.16523333333333332,0.13433333333333333,0.7703333333333333,0.224,0.19380000000000003,0.8565333333333333,0.14393333333333333,0.093,0.6581666666666667,0.1707,0.2014,0.17693333333333333,0.4751666666666667,0.9017666666666666,0.23296666666666666,0.231,0.9157666666666666,0.11563333333333332,0.2106,0.6484666666666666,0.8909333333333334,0.21716666666666667,0.1552,0.275,0.6744333333333333,0.5789666666666667,0.22406666666666666,0.17136666666666667,0.15910000000000002,0.3584,0.113,0.8177,0.6466,0.40906666666666663,0.17616666666666667,0.7146666666666666,0.5936333333333335,0.2238,0.7306666666666667,0.7528666666666667,0.4323,0.16813333333333333,-0.04240000000000002,0.11583333333333332,0.1433666666666667,0.8764666666666666,0.17326666666666668,0.8287,0.6489333333333334,0.8906,0.17933333333333332,0.16743333333333332,0.7641333333333333,0.8223333333333334,0.6179666666666667,0.11083333333333334,0.19619999999999999,0.18696666666666667,0.8481666666666666,0.8803,0.18786666666666665,0.5119333333333334,0.2932666666666667,0.8578666666666667,0.8731333333333333,0.6983666666666667,0.1722,0.9201,0.9176666666666666,0.8635666666666667,0.4082,0.5795,0.23973333333333333,0.18423333333333333,0.2559666666666667,0.15826666666666667,0.8834666666666667,0.8353666666666666,0.21733333333333335,0.30833333333333335,0.103,0.8691333333333333,0.2662333333333333,0.8714666666666667,0.42166666666666663,0.13596666666666668,0.6632666666666667,0.1502,0.11753333333333332,0.8722,0.1915,0.13176666666666664,0.4417333333333333,0.33386666666666664,0.30696666666666667,0.6564333333333333,0.17930000000000001,0.09696666666666666,0.42453333333333326,0.1956,0.22060000000000002,0.14786666666666665,0.7322333333333333,0.8793333333333333,0.14526666666666666,0.45913333333333334,0.1434666666666667,0.5524666666666667,0.20413333333333333,0.7977333333333334,0.2636,0.18356666666666666,0.11113333333333333,0.1618666666666667,0.4379666666666666,0.8403666666666667,0.1257333333333333,0.6260333333333334,0.12196666666666667,0.32316666666666666,0.11303333333333333,0.8889333333333334,0.03516666666666665,0.3342,0.8819,0.6968333333333333,0.6549666666666667,0.6587000000000001,0.8954666666666666,0.1509,0.011666666666666645,0.8525666666666666,0.1549,0.6580666666666667,0.1602,0.6319333333333333,0.6088333333333333,0.6042666666666666,0.173,0.5928333333333333,0.15710000000000002,0.6128333333333333,0.8293333333333334,0.8562666666666667,0.16816666666666666,0.22833333333333333,0.7708333333333334,0.14933333333333335,0.13613333333333333
2024-05-07,0.7154166666666667,0.6538666666666666,0.8621833333333333,0.5637166666666666,0.8702500000000001,0.15096666666666667,0.12486666666666667,0.7804666666666666,0.24025000000000002,0.17615000000000003,0.8593666666666666,0.13296666666666668,0.093,0.6582333333333333,0.1673,0.21234999999999998,0.18341666666666667,0.4709333333333333,0.9006833333333333,0.18658333333333332,0.24215000000000003,0.9152333333333333,0.10816666666666666,0.2023,0.6636333333333333,0.8860166666666667,0.23033333333333333,0.1517,0.22225,0.6161166666666666,0.5811833333333334,0.21133333333333332,0.15173333333333333,0.12685000000000002,0.35745,0.111,0.8165,0.6252,0.38508333333333333,0.16568333333333335,0.7878333333333334,0.6932666666666667,0.22965,0.7480333333333333,0.7633833333333333,0.40790000000000004,0.15101666666666666,-0.10200000000000004,0.07586666666666667,0.12048333333333336,0.8717833333333334,0.18923333333333334,0.8380000000000001,0.5804666666666667,0.89195,0.18611666666666665,0.14091666666666666,0.8115166666666667,0.8279166666666666,0.5409833333333334,0.09601666666666667,0.1949,0.18588333333333332,0.8413833333333334,0.88375,0.19033333333333333,0.40951666666666664,0.3348333333333333,0.8489833333333333,0.8682166666666666,0.7297333333333333,0.16915,0.9201,0.9179333333333334,0.8611333333333333,0.41985,0.49655000000000005,0.23566666666666666,0.16996666666666665,0.28718333333333335,0.15153333333333335,0.8786333333333334,0.8438333333333333,0.21106666666666668,0.3482166666666666,0.09555,0.8632166666666666,0.2897666666666667,0.8696333333333334,0.43848333333333334,0.13508333333333333,0.7741333333333333,0.1275,0.11151666666666667,0.865,0.19655,0.08078333333333332,0.3233166666666667,0.38103333333333333,0.2908833333333333,0.7567666666666666,0.15269999999999997,0.09133333333333332,0.30551666666666666,0.16904999999999998,0.18314999999999998,0.14278333333333332,0.7376166666666667,0.8823666666666666,0.13458333333333333,0.3444666666666666,0.12383333333333334,0.48838333333333334,0.17491666666666666,0.7983166666666667,0.24459999999999998,0.18958333333333333,0.10406666666666667,0.14918333333333333,0.32143333333333335,0.8587333333333333,0.11096666666666666,0.7237666666666667,0.11838333333333334,0.3023333333333333,0.10861666666666667,0.8846666666666666,0.0033833333333333215,0.33775,0.88,0.7060166666666666,0.7601833333333333,0.7600500000000001,0.8934333333333333,0.14115,-0.012766666666666676,0.8539333333333333,0.1496,0.7655833333333334,0.1575,0.7322666666666666,0.5464666666666667,0.6942833333333334,0.1725,0.5220166666666666,0.15035,0.7017666666666666,0.8293166666666667,0.8509333333333333,0.16323333333333334,0.24406666666666665,0.7436166666666667,0.14241666666666666,0.12896666666666667
2024-05-12,0.7244,0.6404,0.8621,0.5212,0.8735,0.1367,0.1154,0.7906,0.2565,0.1585,0.8622,0.122,0.093,0.6583,0.1639,0.2233,0.1899,0.4667,0.8996,0.1402,0.2533,0.9147,0.1007,0.194,0.6788,0.8811,0.2435,0.1482,0.1695,0.5578,0.5834,0.1986,0.1321,0.0946,0.3565,0.109,0.8153,0.6038,0.3611,0.1552,0.861,0.7929,0.2355,0.7654,0.7739,0.3835,0.1339,-0.1616,0.0359,0.0976,0.8671,0.2052,0.8473,0.512,0.8933,0.1929,0.1144,0.8589,0.8335,0.464,0.0812,0.1936,0.1848,0.8346,0.8872,0.1928,0.3071,0.3764,0.8401,0.8633,0.7611,0.1661,0.9201,0.9182,0.8587,0.4315,0.4136,0.2316,0.1557,0.3184,0.1448,0.8738,0.8523,0.2048,0.3881,0.0881,0.8573,0.3133,0.8678,0.4553,0.1342,0.885,0.1048,0.1055,0.8578,0.2016,0.0298,0.2049,0.4282,0.2748,0.8571,0.1261,0.0857,0.1865,0.1425,0.1457,0.1377,0.743,0.8854,0.1239,0.2298,0.1042,0.4243,0.1457,0.7989,0.2256,0.1956,0.097,0.1365,0.2049,0.8771,0.0962,0.8215,0.1148,0.2815,0.1042,0.8804,-0.0284,0.3413,0.8781,0.7152,0.8654,0.8614,0.8914,0.1314,-0.0372,0.8553,0.1443,0.8731,0.1548,0.8326,0.4841,0.7843,0.172,0.4512,0.1436,0.7907,0.8293,0.8456,0.1583,0.2598,0.7164,0.1355,0.1218
2024-05-17,0.7619,0.7505,0.8382,0.4585,0.82215,0.1964,0.1164,0.8082,0.41025,0.25475,0.8145,0.21945,0.20345000000000002,0.3747,0.2237,0.3517,0.3346,0.3511,0.8562,0.12845,0.35615,0.83795,0.0619,0.3072,0.64365,0.7987,0.41005,0.2229,0.23515000000000003,0.3932,0.592975,0.2082,0.08535,0.14305,0.755,0.4122,0.8077,0.5683,0.37544999999999995,0.19905,0.6784,0.8099,0.34509999999999996,0.6427999999999999,0.681725,0.43435,0.1521,0.2669,0.3109,0.1194,0.79125,0.35765,0.7154,0.50035,0.8458,0.3138,0.06895,0.7802,0.7585999999999999,0.37595,0.10095,0.2889,0.3084,0.7529,0.9005,0.3384,0.2307,0.573,0.70375,0.82575,0.70585,0.21355000000000002,0.7645,0.7571,0.7978,0.7426,0.2193,0.3143,0.17370000000000002,0.4764,0.1671,0.817,0.8121,0.22365000000000002,0.5802499999999999,0.2225,0.707,0.3482,0.6996,0.5597,0.2576,0.8604,0.16505,0.132,0.8006500000000001,0.1896,0.1306,0.2283,0.5358999999999999,0.27375,0.8756999999999999,0.16835,0.1002,0.2227,0.3728,0.3956,0.18364999999999998,0.7012,0.8662,0.1576,0.2572,0.1357,0.3076,0.175475,0.6976,0.2878,0.35,0.1097,0.1327,0.2235,0.7107,0.1417,0.8879,0.1645,0.301975,0.2441,0.8603,0.3464,0.5272,0.775,0.7423,0.8804,0.898,0.8461,0.2645,0.031166666666666676,0.8424,0.2499,0.7391,0.2878,0.8913,0.3525,0.6910499999999999,0.2761,0.313,0.2169,0.8892,0.8203,0.901,0.2936,0.5447,0.854,0.24715,0.184
2024-05-22,0.70495,0.6972,0.7602,0.3698,0.7708,0.218,0.1293,0.7277,0.564,0.351,0.7668,0.3169,0.3139,0.5352,0.25,0.4801,0.3943,0.5666,0.7879,0.1167,0.459,0.7612,0.0231,0.3418,0.6085,0.7163,0.5766,0.2976,0.3008,0.2286,0.60255,0.2178,0.0386,0.1915,0.3279,0.2302,0.7951,0.5327999999999999,0.3898,0.2429,0.8378,0.8296,0.4547,0.5202,0.58955,0.4852,0.1703,0.1717,0.158,0.1412,0.7154,0.5101,0.5835,0.4887,0.7368,0.4857,0.0235,0.7015,0.6837,0.2879,0.1207,0.3688,0.4169,0.7237,0.8589,0.509,0.2172,0.7696,0.5674,0.7882,0.6506,0.261,0.7211,0.6698,0.7269,0.561,0.2083,0.3019,0.1917,0.6344,0.2405,0.7602,0.7719,0.2425,0.7724,0.1352,0.731,0.3248,0.8915,0.572,0.3041,0.9138,0.2253,0.2119,0.7435,0.1776,0.2314,0.2517,0.6436,0.2727,0.8943,0.2106,0.1732,0.2589,-0.0774,0.2631,0.2296,0.447,0.9169,0.1398,0.2769,0.2396,0.2453,0.20525,0.6436,0.2398,0.3419,0.050100000000000006,0.1219,0.2798,0.70665,0.2846,0.9117,0.1535,0.32245,0.2563,0.7578,0.2131,0.4111,0.8348,0.5315,0.8725,0.5746,0.7716,0.3804,0.09953333333333335,0.5499,0.239,0.6757,0.3553,0.9049,0.3538,0.5978,0.1967,0.28896666666666665,0.2902,0.715,0.6537,0.7189,0.2406,0.4772,0.6899,0.3588,0.2462
2024-05-27,0.648,0.7258,0.6995,0.3044,0.6885,0.3439,0.1809,0.696,0.4714,0.3704,0.5824,0.4757,0.393,0.5007,0.5119,0.4873,0.4868,0.2486,0.7493,0.1701,0.4827,0.7025,0.1794,0.46795,0.5497,0.6318,0.569,0.2855,0.422,0.2545,0.612125,0.299,0.10445000000000002,0.2165,0.2022,0.2917,0.8643,0.49729999999999996,0.40415,0.1915,0.8081,0.8154,0.4176,0.48375,0.497375,0.45065,0.20295000000000002,0.23085,0.1564,0.0701,0.6528,0.4109,0.6998000000000001,0.47705,0.6706,0.6043499999999999,0.09110000000000001,0.636,0.7565,0.3204,0.0979,0.4094,0.5112,0.6254,0.8805,0.61845,0.2148,0.5454,0.5773,0.677,0.5862,0.3542,0.6293,0.70885,0.64375,0.3827,0.2243,0.3103,0.1855,0.513,0.1551,0.6273,0.6232,0.1908,0.5144,0.2167,0.5306,0.36329999999999996,0.8558,0.5942,0.47045000000000003,0.9357,0.1919,0.0799,0.6071,0.21,0.3493,0.22465,0.7338,0.23745,0.9183,0.1543,0.0764,0.2134,0.060100000000000015,0.3332,0.0472,0.5943,0.7955,0.1368,0.2215,0.1017,0.2186,0.23502499999999998,0.424,0.2222,0.406,-0.0095,0.1365,0.2044,0.7026,0.2069,0.9308,0.14250000000000002,0.342925,0.2725,0.7116,0.1487,0.56665,0.7271,0.749,0.8466,0.8363,0.661,0.4741,0.1679,0.6999,0.2052,0.81045,0.564,0.9185,0.3207,0.7509,0.1173,0.26493333333333335,0.0891,0.7973,0.7145999999999999,0.8556,0.0959,0.6041,0.4369,0.5165500000000001,0.1931
2024-06-01,0.6637,0.5203,0.6525,0.3257,0.6535,0.6003,0.1111,0.7386,0.7057,0.58,0.6591,0.64,0.6386,0.4662,0.428,0.6037,0.651,0.1779,0.7286,0.1606,0.6782,0.6873,0.1422,0.5941,0.4896,0.3772,0.7406,0.4252,0.4299,0.2804,0.6217,0.2842,0.1703,0.2415,0.3284,0.3973,0.9293,0.4618,0.4185,0.3955,0.9305,0.922,0.6757,0.4473,0.4052,0.4161,0.2356,0.29,0.2246,0.1737,0.2019,0.6321,0.8161,0.4654,0.6194,0.723,0.1587,0.5596,0.8293,0.3529,0.1268,0.45,0.6575,0.2189,0.95,0.7279,0.2517,0.7331,0.1628,0.6579,0.5733,0.5463,0.6751,0.7479,0.5606,0.4787,0.2527,0.4105,0.1718,0.7766,0.09,0.6007,0.6094,0.1996,0.8752,0.1537,0.5362,0.4018,0.9416,0.6164,0.6368,0.9576,0.2686,0.1365,0.5762,0.2089,0.4542,0.1976,0.824,0.2022,0.9423,0.2162,0.1118,0.1679,0.1976,0.4082,0.3358,0.7416,0.9552,0.1338,0.2007,0.1336,0.2604,0.2648,0.3742,0.2046,0.6384,0.0844,0.124,0.1805,0.7404,0.3669,0.9499,0.1315,0.3634,0.5615,0.7179,0.1113,0.7222,0.7305,0.7022,0.9438,0.9343,0.6755,0.6965,0.1016,0.8499,0.3143,0.9452,0.5846,0.9321,0.2876,0.9519,0.0855,0.2409,0.1472,0.948,0.7755,0.9427,0.1282,0.731,0.9446,0.6743,0.14
2024-06-06,0.5327,0.5843,0.3905,0.3287,0.4786,0.6719,0.0817,0.6016,0.7675,0.6405,0.4769,0.6891,0.6984,0.5549,0.4294,0.6305,0.6696,0.2046,0.4878,0.1613,0.665,0.492,0.1048,0.5883,0.342,0.1391,0.7584,0.4892,0.407,0.1848,0.6238,0.3014,0.155,0.2248,0.3129,0.4837,0.9161,0.4291,0.3837,0.4984,0.8025,0.8981,0.7664,0.4883,0.342,0.346,0.1886,0.3039,0.1135,0.1531,0.1669,0.6916,0.8055,0.255,0.4491,0.8194,0.1346,0.3514,0.8264,0.4127,0.1016,0.4338,0.6344,0.205,0.9367,0.5588,0.2375,0.796,0.1214,0.5115,0.4314,0.5584,0.487,0.5282,0.1715,0.4549,0.1984,0.4319,0.1647,0.8268,0.0553,0.1875,0.418,0.2911,0.8441,0.1693,0.1581,0.4263,0.9329,0.6078,0.6973,0.9548,0.3675,0.015,0.1732,0.233,0.4731,0.1866,0.7674,0.1732,0.9348,0.1698,0.0694,0.142,0.1935,0.411,0.4167,0.6903,0.9452,0.0988,0.1876,0.1293,0.2561,0.2453,0.3215,0.1155,0.7408,0.0753,0.1032,0.1609,0.5859,0.3427,0.9408,0.1154,0.3629,0.6553,0.4943,0.0985,0.76,0.5335,0.5976,0.9336,0.9216,0.4817,0.6179,0.1015,0.8494,0.3879,0.9433,0.6634,0.9158,0.3023,0.947,0.0761,0.2347,0.0834,0.944,0.6928,0.9235,0.0774,0.7881,0.9402,0.6614,0.1014
2024-06-11,0.3852,0.6401,0.2635,0.29215,0.3792,0.7225,0.0741,0.4177,0.2551,0.67795,0.3776,0.7342,0.72985,0.2306,0.4523,0.64185,0.558,0.2663,0.3745,0.2475,0.5667,0.3043,0.119,0.6385000000000001,0.30010000000000003,0.1302,0.5067,0.5119,0.3634,0.16749999999999998,0.52555,0.3652,0.1308,0.3158,0.3227,0.5635,0.4582,0.38639999999999997,0.3533,0.4206,0.4966,0.7452,0.654,0.56105,0.31295,0.38165,0.30784999999999996,0.383,0.28925,0.376,0.1663,0.7282,0.78315,0.16925,0.3609,0.6854,0.2049,0.2461,0.79585,0.25225,0.11085,0.47619999999999996,0.6827,0.1994,0.6416,0.3741,0.1884,0.8289,0.1427,0.4204,0.215,0.66105,0.2692,0.3921,0.16060000000000002,0.2824,0.1774,0.453,0.21630000000000002,0.843,0.1098,0.16775,0.32899999999999996,0.3803,0.6316,0.28090000000000004,0.1457,0.4729,0.6679,0.4897,0.6405,0.9188000000000001,0.5657,0.2361,0.1791,0.3429,0.52425,0.1883,0.7787,0.172,0.8887499999999999,0.19185000000000002,0.1458,0.14475,0.21610000000000001,0.47395,0.531,0.4997,0.7185,0.2816,0.18805,0.18045,0.23725000000000002,0.2673,0.29215,0.2586,0.77805,0.231,0.1688,0.17575,0.5282,0.42505,0.7368,0.1857,0.3758,0.6471,0.3178,0.18359999999999999,0.78325,0.3359,0.5472,0.7965,0.8855999999999999,0.3247,0.6212,0.2839,0.8311,0.5261,0.8171,0.6142,0.9019999999999999,0.2823,0.3894,0.292,0.3478,0.10465,0.5158,0.57765,0.7463,0.07965,0.8108500000000001,0.666,0.7233499999999999,0.17970000000000003
2024-06-16,0.3915,0.6959,0.2447,0.2556,0.2798,0.7731,0.0665,0.4287,0.7997,0.7154,0.2783,0.7793,0.7613,0.3055,0.5308,0.6532,0.7608,0.3156,0.2612,0.2237,0.699,0.2437,0.0142,0.6887,0.2582,0.1213,0.8169,0.6244,0.4703,0.1502,0.4273,0.4057,0.1151,0.4321,0.3325,0.6433,0.329,0.3437,0.3229,0.6521,0.6715,0.8351,0.8205,0.6338,0.2839,0.4173,0.4271,0.4621,0.465,0.2132,0.1265,0.7648,0.7608,0.0835,0.2727,0.8509,0.1157,0.2338,0.7653,0.0918,0.1201,0.5186,0.731,0.1938,0.3465,0.5981,0.123,0.8618,0.1383,0.3293,0.3394,0.7637,0.2489,0.256,0.1497,0.5056,0.1564,0.5291,0.2679,0.8592,0.0772,0.148,0.24,0.3709,0.7716,0.3925,0.1333,0.7048,0.3783,0.6168,0.8162,0.8828,0.4182,0.2342,0.1232,0.4528,0.5754,0.19,0.79,0.1708,0.8427,0.2139,0.0828,0.1475,0.2387,0.5369,0.6453,0.5012,0.4843,0.1993,0.1885,0.2316,0.2184,0.313,0.2628,0.1026,0.8153,0.0891,0.2344,0.1906,0.4705,0.5074,0.8673,0.1197,0.448,0.8071,0.242,0.2687,0.8065,0.2826,0.4968,0.6686,0.8496,0.2557,0.7743,0.3588,0.8128,0.6643,0.8927,0.7595,0.8882,0.2623,0.8903,0.1443,0.2101,0.1259,0.8832,0.4625,0.5691,0.0819,0.8336,0.6655,0.7853,0.258
2024-06-21,0.364275,0.7263,0.2252,0.279525,0.255475,0.78305,0.087975,0.40985000000000005,0.815325,0.7570250000000001,0.250625,0.79465,0.737275,0.3309,0.579675,0.6958,0.784575,0.33055,0.2428,0.364925,0.73805,0.22435,0.10650000000000001,0.7314499999999999,0.24317499999999997,0.12195,0.826,0.654825,0.517175,0.20115,0.450225,0.474875,0.15587499999999999,0.5015999999999999,0.33492500000000003,0.7009,0.4573,0.36205,0.347825,0.7050000000000001,0.6934,0.8305,0.835725,0.669525,0.29415,0.4213,0.487525,0.52715,0.55495,0.22835,0.132675,0.792925,0.71375,0.08130000000000001,0.257075,0.86095,0.22342499999999998,0.19720000000000001,0.756475,0.08850000000000001,0.148725,0.595725,0.751125,0.2056,0.48969999999999997,0.650125,0.13755,0.874125,0.140075,0.31427499999999997,0.28559999999999997,0.794725,0.227525,0.2378,0.158075,0.40065000000000006,0.1748,0.4405,0.3351,0.8724,0.081375,0.156175,0.222275,0.45482500000000003,0.789075,0.3987,0.143675,0.745725,0.48160000000000003,0.45215,0.8354250000000001,0.68435,0.479675,0.3129,0.201,0.512025,0.6259,0.2335,0.7083,0.2242,0.6674,0.29800000000000004,0.11725,0.20734999999999998,0.29445,0.578075,0.57345,0.46749999999999997,0.54375,0.3089,0.18525,0.2803,0.254525,0.273625,0.28505,0.18519999999999998,0.8331500000000001,0.089925,0.2451,0.17855,0.4376,0.572375,0.6806,0.122525,0.39085000000000003,0.6886500000000001,0.232425,0.36892499999999995,0.810125,0.26382500000000003,0.491,0.5647,0.6050500000000001,0.2682,0.808375,0.402,0.79975,0.718375,0.84575,0.55975,0.58435,0.35055000000000003,0.6424000000000001,0.23520000000000002,0.2592,0.25075000000000003,0.68365,0.4103,0.5326,0.22490000000000002,0.68055,0.5693,0.62385,0.3305
2024-06-26,0.33705,0.7566999999999999,0.2057,0.30345,0.23115,0.7929999999999999,0.10945,0.391,0.83095,0.7986500000000001,0.22294999999999998,0.81,0.7132499999999999,0.3464666666666667,0.6285499999999999,0.7384,0.80835,0.34550000000000003,0.2244,0.50615,0.7770999999999999,0.20500000000000002,0.1988,0.7742,0.22815,0.1226,0.8351,0.6852499999999999,0.56405,0.2521,0.47315,0.54405,0.19665,0.5710999999999999,0.33735000000000004,0.7585,0.5855999999999999,0.3804,0.37275,0.7579,0.7153,0.8259,0.85095,0.7052499999999999,0.3044,0.4253,0.5479499999999999,0.5922000000000001,0.6449,0.2435,0.13885,0.8210500000000001,0.6667000000000001,0.0791,0.24145,0.871,0.33114999999999994,0.16060000000000002,0.7476499999999999,0.0852,0.17735,0.67285,0.77125,0.21739999999999998,0.6329,0.7021499999999999,0.1521,0.88645,0.14185,0.29925,0.2318,0.82575,0.20615,0.21960000000000002,0.16645,0.2957,0.1932,0.3519,0.4023,0.8855999999999999,0.08555,0.16435,0.20455,0.5387500000000001,0.80655,0.4049,0.15405000000000002,0.7866500000000001,0.5849,0.2875,0.85465,0.4859,0.54115,0.39160000000000006,0.2788,0.5712499999999999,0.6764,0.277,0.6266,0.2776,0.4921,0.3821,0.1517,0.2672,0.3502,0.6192500000000001,0.5016,0.43379999999999996,0.6032,0.4185,0.182,0.329,0.29065,0.23425,0.3073,0.2678,0.851,0.09075,0.2558,0.1665,0.40469999999999995,0.63735,0.4939,0.12535000000000002,0.3337,0.5702,0.22285,0.46914999999999996,0.81375,0.24505,0.4852,0.4608,0.3605,0.2807,0.8424499999999999,0.4452,0.7867,0.77245,0.7988,0.36,0.2805,0.4388,0.3945,0.3261,0.3083,0.3756,0.4841,0.3581,0.4961,0.3679,0.5275,0.4731,0.4624,0.403
2024-07-01,0.309825,0.7871,0.18619999999999998,0.32737499999999997,0.20682499999999998,0.8029499999999999,0.130925,0.37215000000000004,0.846575,0.840275,0.195275,0.82535,0.689225,0.3620333333333333,0.6774249999999999,0.781,0.832125,0.36045,0.206,0.647375,0.8161499999999999,0.18564999999999998,0.2911,0.8169500000000001,0.213125,0.12325,0.8442,0.715675,0.610925,0.30305,0.49607500000000004,0.613225,0.237425,0.6406,0.339775,0.8161,0.7139,0.39875000000000005,0.397675,0.8108,0.7372,0.8212999999999999,0.8661749999999999,0.7409749999999999,0.31465,0.4293,0.608375,0.65725,0.73485,0.25865,0.14502500000000002,0.849175,0.61965,0.0769,0.225825,0.88105,0.4388749999999999,0.124,0.738825,0.0819,0.20597500000000002,0.749975,0.7913749999999999,0.2292,0.7760999999999999,0.754175,0.16665,0.898775,0.143625,0.284225,0.178,0.8567750000000001,0.184775,0.2014,0.174825,0.3863,0.2116,0.2633,0.4695,0.8988,0.089725,0.17252499999999998,0.186825,0.622675,0.824025,0.52095,0.16442500000000002,0.8275750000000001,0.74795,0.27349999999999997,0.873875,0.69745,0.602625,0.47030000000000005,0.2216,0.630475,0.7269,0.3427,0.76495,0.2451,0.6924,0.46620000000000006,0.18614999999999998,0.32525,0.44575,0.660425,0.6822,0.4001,0.76265,0.5368,0.31789999999999996,0.37770000000000004,0.32677500000000004,0.19487500000000002,0.21665,0.19,0.86885,0.09157499999999999,0.26715,0.30435,0.37179999999999996,0.702325,0.7031499999999999,0.128175,0.27655,0.7301,0.213275,0.569375,0.817375,0.226275,0.3995,0.6756,0.5271,0.2345,0.876525,0.48839999999999995,0.7736500000000001,0.8265250000000001,0.75185,0.61565,0.5203,0.5107,0.6507000000000001,0.39790000000000003,0.3056,0.3076,0.69285,0.29395,0.6829000000000001,0.3095,0.70505,0.67805,0.6751,0.4655
2024-07-06,0.2826,0.8175,0.1667,0.3513,0.1825,0.8129,0.1524,0.3533,0.8622,0.8819,0.1676,0.8407,0.6652,0.3776,0.7263,0.8236,0.8559,0.3754,0.1876,0.7886,0.8552,0.1663,0.3834,0.8597,0.1981,0.1239,0.8533,0.7461,0.6578,0.354,0.519,0.6824,0.2782,0.7101,0.3422,0.8737,0.8422,0.4171,0.4226,0.8637,0.7591,0.8167,0.8814,0.7767,0.3249,0.4333,0.6688,0.7223,0.8248,0.2738,0.1512,0.8773,0.5726,0.0747,0.2102,0.8911,0.5466,0.0874,0.73,0.0786,0.2346,0.8271,0.8115,0.241,0.9193,0.8062,0.1812,0.9111,0.1454,0.2692,0.1242,0.8878,0.1634,0.1832,0.1832,0.4769,0.23,0.1747,0.5367,0.912,0.0939,0.1807,0.1691,0.7066,0.8415,0.637,0.1748,0.8685,0.911,0.2595,0.8931,0.909,0.6641,0.549,0.1644,0.6897,0.7774,0.4084,0.9033,0.2126,0.8927,0.5503,0.2206,0.3833,0.5413,0.7016,0.8628,0.3664,0.9221,0.6551,0.4538,0.4264,0.3629,0.1555,0.126,0.1122,0.8867,0.0924,0.2785,0.4422,0.3389,0.7673,0.9124,0.131,0.2194,0.89,0.2037,0.6696,0.821,0.2075,0.3138,0.8904,0.6937,0.1883,0.9106,0.5316,0.7606,0.8806,0.7049,0.8713,0.7601,0.5826,0.9069,0.4697,0.3029,0.2396,0.9016,0.2298,0.8697,0.2511,0.8826,0.883,0.8878,0.528
2024-07-11,0.2797,0.7443,0.1494,0.3811,0.1715,0.7857,0.0857,0.3748,0.8148,0.8276,0.1627,0.8066,0.6395,0.3629,0.7277,0.7637,0.8407,0.41,0.1812,0.8365,0.7944,0.1624,0.4626,0.8404,0.2018,0.1087,0.7867,0.7503,0.5974,0.5344,0.4752,0.6729,0.3153,0.6854,0.351,0.8324,0.8144,0.4372,0.3399,0.8053,0.8105,0.8419,0.8599,0.7645,0.3343,0.3788,0.6893,0.7254,0.8003,0.3846,0.1682,0.851,0.4759,0.0577,0.2174,0.8643,0.575,0.0743,0.7044,0.0619,0.2414,0.7776,0.7473,0.2717,0.9097,0.7218,0.2866,0.8882,0.1516,0.2748,0.121,0.8576,0.1478,0.1699,0.1885,0.4724,0.3032,0.2228,0.6184,0.8908,0.0837,0.1864,0.1707,0.619,0.8247,0.5061,0.1813,0.8265,0.9071,0.3126,0.8725,0.9204,0.7098,0.5463,0.1692,0.7622,0.7833,0.4869,0.8873,0.1871,0.9073,0.6211,0.3327,0.4289,0.719,0.7195,0.8448,0.3042,0.9213,0.7551,0.5788,0.4032,0.4048,0.1347,0.1456,0.0778,0.8709,0.0783,0.3582,0.4873,0.2216,0.7737,0.9179,0.1228,0.205,0.8619,0.1863,0.685,0.7849,0.1793,0.2482,0.8938,0.7295,0.1711,0.8753,0.4237,0.7455,0.864,0.7645,0.841,0.785,0.6569,0.9129,0.5126,0.2769,0.4328,0.8964,0.1987,0.8559,0.4133,0.8506,0.8717,0.8565,0.6687
2024-07-26,0.3497,0.6579,0.1676,0.3527,0.1867,0.6434,0.4575,0.1912,0.7188,0.8151,0.1804,0.7586,0.5896,0.3687,0.7035,0.718,0.8247,0.5816,0.1713,0.9007,0.759,0.2014,0.7457,0.8012,0.3886,0.2298,0.6122,0.7726,0.6638,0.7644,0.5465,0.7953,0.6167,0.8236,0.2445,0.7234,0.2548,0.5065,0.3378,0.7478,0.7592,0.8191,0.8044,0.4654,0.3713,0.346,0.8234,0.8373,0.8789,0.6431,0.2661,0.7927,0.3421,0.1043,0.2145,0.8117,0.8774,0.0869,0.3481,0.0911,0.6143,0.768,0.7187,0.5113,0.3238,0.7273,0.7282,0.8199,0.2515,0.2814,0.1551,0.7956,0.1503,0.1578,0.38,0.5435,0.5823,0.2608,0.7861,0.8065,0.1036,0.4012,0.2781,0.8409,0.7201,0.8242,0.3624,0.821,0.4558,0.1651,0.8019,0.8468,0.8387,0.7664,0.2936,0.8759,0.8607,0.7077,0.8173,0.2017,0.8334,0.8038,0.6599,0.5372,0.8631,0.8253,0.7792,0.1969,0.5662,0.8392,0.7723,0.6125,0.1484,0.16544999999999999,0.1834,0.116,0.8136,0.0889,0.7466,0.6614,0.1834,0.7331,0.8417,0.1387,0.2343,0.8083,0.1966,0.7837,0.3514,0.2068,0.224,0.7989,0.6747,0.2075,0.8311,0.6742,0.6875,0.8217,0.6984,0.7822,0.7457,0.1553,0.8452,0.6789,0.1396,0.7823,0.8483,0.1075,0.6718,0.8091,0.8092,0.6956,0.7987,0.8168
2024-07-31,0.1339,0.5631,0.1578,0.333,0.1783,0.5786,0.4927,0.1252,0.6883,0.7969,0.1873,0.6849,0.4938,0.3317,0.682,0.6815,0.8123,0.5913,0.1556,0.914,0.7499,0.2149,0.7867,0.7768,0.377,0.2599,0.5468,0.7317,0.6434,0.7596,0.583,0.7977,0.6801,0.8354,0.255,0.6231,0.2534,0.5022,0.3461,0.7272,0.3982,0.3183,0.791,0.4523,0.3674,0.3675,0.8406,0.8498,0.8827,0.7159,0.3054,0.7734,0.3211,0.1195,0.2079,0.7964,0.8929,0.086,0.3183,0.0982,0.7287,0.7217,0.7062,0.5639,0.2561,0.6829,0.7645,0.7981,0.2884,0.2851,0.1697,0.7778,0.1456,0.1499,0.4613,0.5561,0.6206,0.1311,0.797,0.7857,0.0944,0.4859,0.3143,0.8526,0.6136,0.8387,0.4383,0.802,0.2455,0.1287,0.7627,0.281,0.8589,0.7944,0.2932,0.878,0.8638,0.7332,0.7829,0.1882,0.2846,0.8301,0.7066,0.5757,0.8688,0.8396,0.7486,0.1816,0.2454,0.8367,0.7779,0.6645,0.1485,0.1757,0.1684,0.1265,0.7572,0.0842,0.7902,0.6883,0.191,0.7094,0.2794,0.1119,0.2464,0.7728,0.2116,0.8007,0.2978,0.2183,0.228,0.2814,0.2804,0.2283,0.8365,0.6846,0.6852,0.7989,0.3159,0.7317,0.3333,0.1516,0.2914,0.7004,0.1569,0.7982,0.2997,0.0969,0.2382,0.8435,0.8033,0.2294,0.7448,0.8139
2024-08-05,0.1844,0.4777,0.2169,0.4029,0.2087,0.5282,0.4728,0.1923,0.6591,0.7608,0.2282,0.627,0.3804,0.3302,0.6593,0.6408,0.729,0.6356,0.1576,0.8353,0.6913,0.3165,0.7469,0.7815,0.2113,0.3994,0.5338,0.707,0.6076,0.848,0.6384,0.7369,0.67,0.8368,0.31,0.6085,0.4047,0.6015,0.391,0.7137,0.5357,0.5043,0.7372,0.5602,0.4461,0.4489,0.8002,0.8289,0.8748,0.7377,0.45,0.7093,0.371,0.157,0.286,0.7495,0.8694,0.1279,0.34025000000000005,0.1386,0.7608,0.7434499999999999,0.703,0.6989,0.527,0.7036,0.8035,0.7494,0.3965,0.3366,0.2458,0.7453,0.1815,0.1538,0.6666,0.6149,0.6763,0.2055,0.7418,0.741,0.1809,0.6234,0.4468,0.7824,0.5651,0.8129,0.6428,0.7291,0.501,0.1874,0.6636,0.6001,0.7858,0.7118,0.36685,0.8152,0.7946,0.7293,0.7023,0.18205,0.5463,0.7215,0.6637,0.623,0.697,0.7584,0.7496,0.205,0.45130000000000003,0.8041,0.77205,0.6118,0.2217,0.2276,0.176,0.12769999999999998,0.6674,0.1275,0.8173,0.6949000000000001,0.19090000000000001,0.6091,0.4623,0.133,0.2968,0.7441500000000001,0.21565,0.8227,0.3322,0.24415,0.2803,0.5537,0.41415,0.27,0.83195,0.727,0.66,0.80795,0.426,0.4696,0.5095999999999999,0.1832,0.5621,0.7142,0.187,0.833,0.5724499999999999,0.1696,0.3055,0.86955,0.7499,0.4438,0.715,0.8126
2024-08-10,0.1324,0.6043,0.1784,0.4825,0.2046,0.4789,0.5967,0.1274,0.6199,0.7743,0.2485,0.5671,0.15,0.197,0.6555,0.6142,0.7958,0.6296,0.1479,0.9132,0.7537,0.3843,0.8283,0.7378,0.136,0.4377,0.1317,0.2545,0.6373,0.8379,0.4174,0.8414,0.7605,0.8738,0.3307,0.4607,0.5657,0.6154,0.3875,0.7451,0.6196,0.7183,0.7301,0.5978,0.4499,0.4255,0.8791,0.8909,0.8854,0.8038,0.5112,0.742,0.3748,0.201,0.1847,0.7615,0.9017,0.1087,0.3622,0.1678,0.8183,0.7652,0.6826,0.7447,0.7286,0.6887,0.8535,0.7638,0.4667,0.3257,0.194,0.7831,0.1479,0.1338,0.707,0.632,0.7601,0.1386,0.8398,0.5283,0.0908,0.7609,0.4866,0.8432,0.4872,0.8564,0.7302,0.1424,0.7112,0.128,0.1132,0.8211,0.8763,0.8236,0.4405,0.9025,0.9064,0.7457,0.7666,0.1759,0.7984,0.8911,0.7937,0.595,0.8854,0.8837,0.7506,0.1877,0.6572,0.8334,0.7662,0.7607,0.1697,0.2324,0.1836,0.1289,0.6976,0.0955,0.8444,0.7015,0.1908,0.6656,0.8323,0.124,0.3148,0.7155,0.2197,0.8447,0.3542,0.27,0.2351,0.826,0.5479,0.3117,0.8274,0.7694,0.6641,0.817,0.5498,0.2075,0.6859,0.1648,0.8328,0.728,0.1754,0.8678,0.8452,0.0972,0.4591,0.8956,0.1693,0.6678,0.1878,0.8684
2024-08-15,0.1484,0.6361,0.2047,0.4874,0.2029,0.398,0.6237,0.1351,0.3651,0.6749,0.2663,0.4525,0.1483,0.183,0.6205,0.3697,0.7248,0.5768,0.1901,0.8906,0.6803,0.1322,0.7969,0.6887,0.14123333333333335,0.4954,0.1436,0.2613,0.5961,0.7805,0.4521,0.7811,0.7359,0.8356,0.3255,0.3179,0.5801,0.5787,0.3401,0.6734,0.6695,0.7885,0.6208,0.4434,0.4381,0.3585,0.842,0.8282,0.8534,0.8422,0.5768,0.6818,0.362,0.1097,0.1963,0.6464,0.8872,0.1262,0.3499,0.1145,0.8396,0.6809,0.3474,0.7776,0.7603,0.6005,0.8308,0.347,0.5231,0.3327,0.1355,0.7411,0.1127,0.1369,0.7523,0.6062,0.7379,0.1595,0.8267,0.4632,0.1021,0.8,0.5285,0.8285,0.3814,0.812,0.7698,0.1459,0.7582,0.1545,0.1117,0.8124,0.8517,0.8232,0.4292,0.8779,0.8856,0.7201,0.7105,0.1844,0.7918,0.8811,0.8084,0.5628,0.8677,0.863,0.6955,0.1891,0.7048,0.8032,0.7414,0.7725,0.182,0.2591,0.1414,0.1312,0.5862,0.0959,0.8222,0.6789,0.1934,0.604,0.8352,0.121,0.3239,0.6411,0.2446,0.8151,0.3839,0.2885,0.2375,0.8309,0.5955,0.3399,0.7831,0.8039,0.6432,0.7816,0.5868,0.1737,0.7068,0.1781,0.8515,0.7117,0.1866,0.8595,0.8636,0.1107,0.5024,0.8853,0.1511,0.7205,0.1595,0.86
2024-08-20,0.15655000000000002,0.5900000000000001,0.23025,0.34395,0.2287,0.36755000000000004,0.64515,0.14815,0.32904999999999995,0.5299,0.3146,0.42205000000000004,0.15725,0.2573,0.5873,0.30045,0.5273,0.5589,0.15875,0.8709,0.5894,0.12795,0.7873,0.64035,0.14646666666666666,0.6052,0.1608,0.26344999999999996,0.5921,0.5345,0.45,0.79015,0.75525,0.8218000000000001,0.3032,0.1981,0.63225,0.5021,0.3688,0.64815,0.69145,0.4386,0.46385,0.5245500000000001,0.4443,0.4176,0.5029,0.82635,0.8337,0.8266,0.4946,0.2739,0.3533,0.1971,0.187,0.4854,0.8727,0.2238,0.376,0.11860000000000001,0.83665,0.54775,0.372,0.5628,0.78855,0.4832,0.8231999999999999,0.302,0.59965,0.38965,0.13785,0.429,0.1137,0.1304,0.4468,0.5998,0.76425,0.1958,0.5603,0.31784999999999997,0.11025,0.8339000000000001,0.5193,0.7967500000000001,0.3121,0.7422,0.8414,0.15389999999999998,0.6487,0.2916,0.11685,0.8302,0.8314,0.79695,0.58005,0.852,0.8641000000000001,0.6889,0.5797,0.20024999999999998,0.8186,0.86075,0.79015,0.6326,0.8114,0.83535,0.5728,0.20115,0.5823,0.7574,0.6159,0.7496499999999999,0.21475,0.2892,0.2513,0.2521,0.4053,0.11280000000000001,0.7356,0.6216,0.20905,0.5649,0.7916,0.136,0.3618,0.51,0.2857,0.645,0.4431,0.3971,0.2491,0.7131,0.5911,0.4496,0.6832,0.3997,0.5104,0.7746,0.6961,0.2898,0.4712,0.2804,0.86375,0.5738,0.3037,0.83985,0.86785,0.2558,0.5422,0.8615999999999999,0.3509,0.6597,0.2325,0.7993
2024-08-25,0.1647,0.5439,0.2558,0.2005,0.2545,0.3371,0.6666,0.1612,0.293,0.3849,0.3629,0.3916,0.1662,0.1952,0.5541,0.2312,0.3298,0.541,0.1274,0.8512,0.4985,0.1237,0.7777,0.592,0.1517,0.715,0.178,0.2656,0.5881,0.7467,0.5141,0.7992,0.7746,0.808,0.2912,0.1866,0.6844,0.6455,0.3613,0.6229,0.7134,0.8183,0.3069,0.6057,0.5017,0.4062,0.8395,0.8245,0.814,0.811,0.7314,0.2754,0.4154,0.1225,0.1777,0.3244,0.8582,0.1782,0.4021,0.1227,0.8337,0.4146,0.2604,0.8369,0.8168,0.5851,0.8156,0.257,0.6762,0.4466,0.1402,0.584,0.1147,0.1239,0.852,0.5934,0.7906,0.2321,0.7674,0.1725,0.1184,0.8678,0.1964,0.765,0.2428,0.7975,0.8622,0.1619,0.8278,0.2205,0.122,0.848,0.8111,0.7707,0.7309,0.8261,0.8426,0.7094,0.6649,0.2161,0.8454,0.8404,0.7719,0.5957,0.8302,0.8077,0.6643,0.2132,0.8127,0.8111,0.7001,0.7268,0.2475,0.3193,0.1592,0.1646,0.2244,0.1297,0.8226,0.6613,0.2247,0.5258,0.8649,0.151,0.3997,0.5477,0.2456,0.7569,0.5023,0.4568,0.265,0.8647,0.7141,0.5821,0.741,0.7921,0.6301,0.7676,0.659,0.1666,0.7601,0.2377,0.876,0.7085,0.227,0.8202,0.8721,0.1508,0.6205,0.8379,0.2047,0.7699,0.187,0.8021
2024-08-30,0.142,0.5388,0.253,0.1741,0.1547,0.3075,0.6431,0.15,0.2829,0.2757,0.1565,0.3512,0.1451,0.176,0.4827,0.2244,0.273,0.464,0.1077,0.816,0.3434,0.099,0.7105,0.4979,0.1351,0.7296,0.1392,0.2151,0.527,0.671,0.4821,0.7547,0.746,0.7714,0.2834,0.1783,0.6429,0.4293,0.3431,0.2563,0.6722,0.7447,0.2515,0.5648,0.4728,0.4064,0.7979,0.7859,0.7736,0.7583,0.7206,0.2567,0.3766,0.1105,0.1489,0.1943,0.8081,0.1857,0.3669,0.106,0.782,0.2189,0.2644,0.7956,0.7607,0.2667,0.7526,0.2478,0.6725,0.2987,0.1207,0.3369,0.092,0.0997,0.8373,0.5477,0.7447,0.239,0.6833,0.1265,0.0948,0.8578,0.1671,0.73,0.2357,0.758,0.8603,0.1422,0.793,0.2275,0.1145,0.8075,0.7699,0.7295,0.7241,0.7819,0.8108,0.5862,0.3696,0.1675,0.8161,0.8047,0.7336,0.5291,0.7851,0.781,0.4372,0.1842,0.7659,0.7939,0.6003,0.671,0.2235,0.313,0.1629,0.1367,0.2032,0.1014,0.7784,0.5807,0.2098,0.4773,0.8271,0.1335,0.3912,0.3314,0.2069,0.7283,0.4892,0.4994,0.2436,0.8321,0.7012,0.6193,0.3089,0.7685,0.6341,0.7232,0.6191,0.116,0.7294,0.1899,0.8534,0.657,0.1615,0.7674,0.8464,0.1286,0.5715,0.7922,0.1916,0.7203,0.1701,0.7682
2024-09-04,0.16895,0.5183,0.2824,0.1719,0.1596,0.32484999999999997,0.5408,0.1426,0.2921,0.2599,0.1574,0.3324,0.1054,0.1732,0.4301,0.2324,0.2631,0.5824,0.0989,0.7718,0.3215,0.0968,0.6053,0.4187,0.1454,0.7511,0.1339,0.1688,0.467,0.6281,0.5307,0.7016,0.6911,0.7345,0.293,0.1852,0.5691,0.3331,0.3525,0.1659,0.6275,0.6921,0.2479,0.5565,0.4574,0.4213,0.7465,0.7305,0.6941,0.6884,0.7335,0.1989,0.3661,0.1152,0.1595,0.1857,0.7457,0.2132,0.35,0.1104,0.7121,0.2051,0.3216,0.7772,0.69,0.2442,0.6487,0.2561,0.6846,0.25025000000000003,0.1196,0.3315,0.0959,0.1014,0.8076,0.3436,0.5013,0.2933,0.5654,0.1486,0.0991,0.88695,0.3475,0.6745,0.24635,0.6461,0.7106,0.1323,0.6542,0.2195,0.1161,0.80775,0.6804,0.6558,0.7762,0.7236,0.7609,0.45695,0.313,0.2243,0.8196000000000001,0.7294,0.6389,0.4249,0.7059,0.6789,0.2736,0.1991,0.6166,0.7041,0.4485,0.5571,0.1619,0.5175,0.1281,0.1474,0.2242,0.1031,0.6758,0.4495,0.1811,0.4347,0.735,0.1511,0.4138,0.2253,0.2062,0.6516,0.4508,0.4633,0.2517,0.7467,0.6209,0.6125,0.2731,0.6805,0.537,0.3371,0.5231,0.1534,0.7063,0.2449,0.7512,0.5789,0.1718,0.6092,0.7394,0.1651,0.4865,0.6441,0.2081,0.6059,0.2032,0.6712
2024-09-09,0.1959,0.7824,0.3178,0.2356,0.2259,0.3422,0.6811,0.2321,0.3524,0.2534,0.1944,0.4453,0.0953,0.2034,0.4857,0.238,0.2547,0.5116,0.1327,0.8549,0.3409,0.1465,0.6331,0.4844,0.1962,0.8728,0.1877,0.1794,0.5906,0.7375,0.726,0.8093,0.8194,0.7796,0.3541,0.1731,0.6143,0.309,0.4965,0.1516,0.711,0.7702,0.2414,0.7077,0.2103,0.5728,0.8408,0.7713,0.8155,0.7972,0.8903,0.1775,0.2098,0.1733,0.1813,0.1586,0.8034,0.3757,0.2187,0.1579,0.8058,0.1744,0.3215,0.9002,0.7531,0.2347,0.783,0.2781,0.8666,0.2018,0.1548,0.2172,0.1235,0.1068,0.9152,0.613,0.7898,0.2247,0.6698,0.1322,0.1269,0.9161,0.2475,0.7566,0.257,0.7653,0.9196,0.1195,0.7781,0.2115,0.126,0.808,0.7516,0.7199,0.8283,0.7881,0.8343,0.3277,0.2664,0.2811,0.8231,0.7975,0.6776,0.4155,0.7382,0.8131,0.2108,0.2245,0.7702,0.7945,0.3507,0.6312,0.2031,0.4468,0.217,0.2526,0.2051,0.0748,0.7348,0.3861,0.2491,0.5757,0.8317,0.1216,0.5857,0.3088,0.2803,0.6819,0.5627,0.4267,0.3351,0.832,0.7672,0.7361,0.2244,0.7904,0.6899,0.2692,0.6763,0.1553,0.7672,0.2133,0.8428,0.6434,0.1545,0.6683,0.8453,0.2049,0.5875,0.6714,0.299,0.7142,0.2629,0.7603
2024-09-14,0.19217499999999998,0.749025,0.30507500000000004,0.2455,0.23085,0.32755,0.639,0.21715,0.319975,0.239825,0.20249999999999999,0.38049999999999995,0.107925,0.223825,0.44072500000000003,0.23157499999999998,0.2501,0.48185000000000006,0.132625,0.8149,0.309425,0.143725,0.61235,0.448625,0.188225,0.88395,0.18225,0.1759,0.540025,0.6067,0.739525,0.779,0.788725,0.756975,0.355425,0.175625,0.6669999999999999,0.2806,0.47204999999999997,0.15807500000000002,0.717,0.78885,0.211,0.728225,0.20525,0.40146666666666664,0.813725,0.76005,0.7933250000000001,0.763,0.7013,0.1682,0.202925,0.16135,0.186275,0.15362499999999998,0.742525,0.3362,0.2126,0.15202500000000002,0.76955,0.166425,0.300225,0.8976999999999999,0.7858499999999999,0.2239,0.66565,0.257,0.6807000000000001,0.21860000000000002,0.147725,0.207975,0.123425,0.11102500000000001,0.9122,0.556775,0.769125,0.22865000000000002,0.6426499999999999,0.13942500000000002,0.124075,0.9143,0.27525,0.74395,0.25345,0.743575,0.78505,0.123775,0.7914,0.22465,0.12990000000000002,0.7397250000000001,0.7169000000000001,0.67875,0.728175,0.7627,0.792375,0.312675,0.24955000000000002,0.26987500000000003,0.7537,0.7444500000000001,0.6287,0.37782499999999997,0.6899,0.7751750000000001,0.20537499999999997,0.23823333333333332,0.788525,0.657275,0.32315,0.6059749999999999,0.2008,0.431675,0.200875,0.24297,0.196075,0.082125,0.69625,0.342425,0.24275,0.47595,0.66608,0.128075,0.57735,0.28335,0.26465,0.6500999999999999,0.596675,0.39488,0.33195,0.7623249999999999,0.738175,0.58325,0.207675,0.748725,0.713325,0.27005,0.71965,0.152075,0.721075,0.21837499999999999,0.775675,0.54815,0.151725,0.640325,0.77725,0.206725,0.649875,0.646775,0.26725,0.73725,0.26505,0.712575
2024-09-19,0.18845,0.71565,0.29235,0.2554,0.2358,0.3129,0.5969,0.20220000000000002,0.28755,0.22625,0.2106,0.3157,0.12055,0.24425000000000002,0.39575000000000005,0.22515,0.2455,0.45210000000000006,0.13255,0.7748999999999999,0.27795,0.14095,0.5916,0.41285,0.18025000000000002,0.8951,0.1768,0.1724,0.48945,0.4759,0.75305,0.7487,0.75805,0.7343500000000001,0.35675,0.17815,0.7196999999999999,0.2522,0.4476,0.16455,0.723,0.8075,0.1806,0.74875,0.2002,0.23013333333333325,0.7866500000000001,0.7487999999999999,0.77115,0.7288,0.5123,0.15889999999999999,0.19605,0.1494,0.19124999999999998,0.14865,0.68165,0.29669999999999996,0.20650000000000002,0.14615,0.7333000000000001,0.15844999999999998,0.27895000000000003,0.8952,0.8186,0.2131,0.5483,0.2359,0.4948,0.2354,0.14065,0.19874999999999998,0.12335,0.11525,0.9092,0.50055,0.74845,0.2326,0.6154999999999999,0.14665,0.12125,0.9125000000000001,0.303,0.7313000000000001,0.2499,0.72185,0.6505,0.12805,0.8047,0.23779999999999998,0.1338,0.6714500000000001,0.6822,0.6376,0.62805,0.7373000000000001,0.7504500000000001,0.29764999999999997,0.23270000000000002,0.25865,0.6843,0.6914,0.5798,0.34014999999999995,0.6416,0.73725,0.19995,0.25196666666666667,0.8068500000000001,0.52005,0.2956,0.58075,0.1985,0.41655,0.18475,0.23334,0.18705,0.08945,0.6577,0.29875,0.2364,0.3762,0.50046,0.13455,0.569,0.2579,0.249,0.6183,0.6306499999999999,0.36306000000000005,0.3288,0.69265,0.70915,0.4304,0.19095,0.70705,0.73675,0.27090000000000003,0.763,0.14884999999999998,0.6749499999999999,0.22344999999999998,0.70855,0.45289999999999997,0.14895,0.61235,0.7092,0.20855,0.7122499999999999,0.62215,0.2355,0.7603,0.2672,0.6648499999999999
2024-09-24,0.184725,0.682275,0.279625,0.2653,0.24075,0.29825,0.5548000000000001,0.18725,0.255125,0.212675,0.2187,0.2509,0.13317500000000002,0.264675,0.350775,0.218725,0.2409,0.42235,0.132475,0.7349,0.246475,0.138175,0.5708500000000001,0.377075,0.172275,0.90625,0.17135,0.1689,0.438875,0.34509999999999996,0.766575,0.7184,0.727375,0.711725,0.35807500000000003,0.180675,0.7724,0.2238,0.42315,0.17102499999999998,0.729,0.8261499999999999,0.1502,0.7692749999999999,0.19515,0.0588,0.759575,0.7375499999999999,0.748975,0.6946,0.32330000000000003,0.1496,0.18917499999999998,0.13745000000000002,0.19622499999999998,0.143675,0.620775,0.2572,0.2004,0.14027499999999998,0.6970500000000001,0.150475,0.257675,0.8927,0.85135,0.2023,0.43095,0.21480000000000002,0.30890000000000006,0.25220000000000004,0.133575,0.189525,0.123275,0.119475,0.9062,0.44432499999999997,0.727775,0.23654999999999998,0.58835,0.15387499999999998,0.118425,0.9107000000000001,0.33075,0.71865,0.24634999999999999,0.700125,0.5159499999999999,0.132325,0.8180000000000001,0.25095,0.1377,0.603175,0.6475,0.59645,0.527925,0.7119,0.708525,0.282625,0.21585000000000001,0.247425,0.6149,0.63835,0.5308999999999999,0.302475,0.5933,0.699325,0.194525,0.2657,0.825175,0.382825,0.26805,0.555525,0.19619999999999999,0.401425,0.168625,0.22371,0.17802500000000002,0.096775,0.61915,0.255075,0.23005,0.27645,0.33483999999999997,0.14102499999999998,0.56065,0.23245,0.23335,0.5865,0.664625,0.33124,0.32565,0.6229750000000001,0.680125,0.27755,0.174225,0.665375,0.7601749999999999,0.27175,0.80635,0.145625,0.628825,0.228525,0.641425,0.35765,0.146175,0.584375,0.6411500000000001,0.210375,0.774625,0.597525,0.20375,0.78335,0.26935000000000003,0.617125
2024-09-29,0.181,0.6489,0.2669,0.2752,0.2457,0.2836,0.5127,0.1723,0.2227,0.1991,0.2268,0.1861,0.1458,0.2851,0.3058,0.2123,0.2363,0.3926,0.1324,0.6949,0.215,0.1354,0.5501,0.3413,0.1643,0.9174,0.1659,0.1654,0.3883,0.2143,0.7801,0.6881,0.6967,0.6891,0.3594,0.1832,0.8251,0.1954,0.3987,0.1775,0.735,0.8448,0.1198,0.7898,0.1901,0.4076,0.7325,0.7263,0.7268,0.6604,0.1343,0.1403,0.1823,0.1255,0.2012,0.1387,0.5599,0.2177,0.1943,0.1344,0.6608,0.1425,0.2364,0.8902,0.8841,0.1915,0.3136,0.1937,0.123,0.269,0.1265,0.1803,0.1232,0.1237,0.9032,0.3881,0.7071,0.2405,0.5612,0.1611,0.1156,0.9089,0.3585,0.706,0.2428,0.6784,0.3814,0.1366,0.8313,0.2641,0.1416,0.5349,0.6128,0.5553,0.4278,0.6865,0.6666,0.2676,0.199,0.2362,0.5455,0.5853,0.482,0.2648,0.545,0.6614,0.1891,0.2199,0.8435,0.2456,0.2405,0.5303,0.1939,0.3863,0.1525,0.21408,0.169,0.1041,0.5806,0.2114,0.2237,0.1767,0.16922000000000004,0.1475,0.5523,0.207,0.2177,0.5547,0.6986,0.29942,0.3225,0.5533,0.6511,0.1247,0.1575,0.6237,0.7836,0.2726,0.8497,0.1424,0.5827,0.2336,0.5743,0.2624,0.1434,0.5564,0.5731,0.2122,0.837,0.5729,0.172,0.8064,0.2715,0.5694
2024-10-04,0.1639,0.6374166666666667,0.26355,0.2894,0.2554666666666667,0.2539166666666667,0.4625666666666667,0.17628333333333335,0.2155,0.20651666666666668,0.24952857142857143,0.18078333333333332,0.14798333333333336,0.2559166666666667,0.3320666666666667,0.2066,0.2205666666666667,0.36093333333333333,0.11541666666666665,0.6437499999999999,0.20846666666666666,0.13765,0.5049428571428571,0.3853333333333333,0.1538,0.8093333333333333,0.1605,0.15389999999999998,0.34595,0.25053333333333333,0.7607,0.6328285714285715,0.6379333333333334,0.6187,0.36315714285714285,0.17751666666666666,0.81265,0.23728333333333332,0.41683333333333333,0.17108333333333334,0.7278666666666667,0.7986,0.11478333333333333,0.7771285714285714,0.23005,0.4365,0.6497166666666667,0.6535666666666666,0.6859333333333333,0.5912499999999999,0.1335,0.13203333333333334,0.17836666666666667,0.10973333333333334,0.19845,0.13156666666666667,0.5480499999999999,0.21665,0.20656666666666668,0.12031666666666666,0.6299571428571429,0.15175714285714284,0.21668333333333334,0.77935,0.8696833333333334,0.17533333333333334,0.28583333333333333,0.1782,0.1364142857142857,0.29742857142857143,0.12673333333333334,0.17463333333333333,0.13095714285714286,0.10495,0.7805,-0.001,0.6276666666666666,0.21423333333333333,0.5143500000000001,0.15973333333333334,0.16027142857142856,0.7881666666666667,0.3491333333333333,0.6671714285714285,0.23116666666666666,0.6429166666666667,0.36915000000000003,0.14182857142857141,0.8245666666666667,0.24785000000000001,0.12485,0.56615,0.5649714285714286,0.5184,0.4078333333333333,0.6478833333333334,0.5869333333333333,0.28598333333333337,0.18245,0.22941666666666666,0.5748666666666666,0.5146166666666667,0.41591666666666666,0.26062857142857143,0.4956666666666667,0.5710666666666666,0.18096666666666666,0.17908333333333334,0.80825,-0.011,0.2077,0.46996666666666664,0.17859999999999998,0.37147142857142856,0.16856666666666667,0.20445,0.18213333333333334,0.10775714285714286,0.5120833333333333,0.19038333333333335,0.23788571428571428,0.17254999999999998,0.0036,0.1531142857142857,0.5221714285714286,-0.0036,0.20101666666666668,0.49166666666666664,0.6881571428571428,0.2676,0.30648333333333333,0.5758,0.6619333333333334,0.12168333333333334,0.13456666666666667,0.5711,0.7809142857142857,0.2743833333333333,0.8473571428571429,0.13693333333333332,0.5980166666666666,0.23465714285714287,0.6035333333333334,0.25218333333333337,0.13143333333333335,0.5025166666666666,0.5734166666666667,0.24245,0.8163499999999999,0.5131666666666667,0.15866666666666665,0.8027142857142857,0.24348333333333336,0.49870000000000003
2024-10-09,0.14679999999999999,0.6259333333333333,0.2602,0.3036,0.2652333333333333,0.22423333333333334,0.4124333333333333,0.1802666666666667,0.2083,0.21393333333333334,0.27225714285714286,0.17546666666666666,0.15016666666666667,0.22673333333333334,0.35833333333333334,0.2009,0.20483333333333334,0.3292666666666667,0.09843333333333332,0.5926,0.20193333333333333,0.1399,0.4597857142857143,0.4293666666666667,0.1433,0.7012666666666667,0.1551,0.1424,0.3036,0.28676666666666667,0.7413,0.5775571428571429,0.5791666666666666,0.5483,0.3669142857142857,0.17183333333333334,0.8001999999999999,0.2791666666666667,0.43496666666666667,0.16466666666666666,0.7207333333333333,0.7524,0.10976666666666667,0.7644571428571428,0.27,0.4654,0.5669333333333333,0.5808333333333333,0.6450666666666667,0.5221,0.1327,0.12376666666666668,0.17443333333333333,0.09396666666666667,0.19569999999999999,0.12443333333333333,0.5362,0.2156,0.21883333333333335,0.10623333333333332,0.5991142857142857,0.16101428571428572,0.19696666666666668,0.6685,0.8552666666666666,0.15916666666666668,0.25806666666666667,0.1627,0.14982857142857142,0.3258571428571429,0.12696666666666667,0.16896666666666665,0.1387142857142857,0.0862,0.6577999999999999,0.020059999999999998,0.5482333333333334,0.18796666666666667,0.4675,0.15836666666666666,0.20494285714285715,0.6674333333333333,0.33976666666666666,0.6283428571428571,0.21953333333333333,0.6074333333333334,0.3569,0.14705714285714286,0.8178333333333334,0.2316,0.1081,0.5974,0.5171428571428571,0.48150000000000004,0.3878666666666667,0.6092666666666666,0.5072666666666666,0.3043666666666667,0.1659,0.22263333333333332,0.6042333333333333,0.44393333333333335,0.34983333333333333,0.25645714285714283,0.44633333333333336,0.48073333333333335,0.17283333333333334,0.1382666666666667,0.773,0.05066000000000001,0.1749,0.4096333333333333,0.1633,0.3566428571428571,0.18463333333333334,0.19482,0.19526666666666667,0.11141428571428572,0.44356666666666666,0.16936666666666667,0.25207142857142856,0.1684,0.12234000000000002,0.1587285714285714,0.4920428571428571,0.03934000000000001,0.18433333333333335,0.4286333333333333,0.6777142857142857,0.23578,0.29046666666666665,0.5983,0.6727666666666666,0.11866666666666667,0.11163333333333333,0.5185,0.7782285714285714,0.27616666666666667,0.8450142857142857,0.13146666666666668,0.6133333333333333,0.2357142857142857,0.6327666666666667,0.2419666666666667,0.11946666666666667,0.44863333333333333,0.5737333333333333,0.2727,0.7957,0.4534333333333333,0.14533333333333331,0.7990285714285714,0.21546666666666667,0.42800000000000005
2024-10-14,0.12969999999999998,0.61445,0.25685,0.31779999999999997,0.275,0.19455,0.3623,0.18425,0.2011,0.22135,0.2949857142857143,0.17015,0.15235,0.19755,0.3846,0.19519999999999998,0.1891,0.2976,0.08145,0.54145,0.19540000000000002,0.14215,0.41462857142857146,0.47340000000000004,0.1328,0.5932,0.1497,0.1309,0.26125,0.32299999999999995,0.7219,0.5222857142857144,0.5204,0.4779,0.37067142857142854,0.16615000000000002,0.78775,0.32104999999999995,0.45309999999999995,0.15825,0.7136,0.7061999999999999,0.10475000000000001,0.7517857142857143,0.30995,0.49429999999999996,0.48415,0.5081,0.6042,0.45294999999999996,0.13190000000000002,0.1155,0.17049999999999998,0.07819999999999999,0.19295,0.11729999999999999,0.52435,0.21455000000000002,0.23110000000000003,0.09215,0.5682714285714286,0.17027142857142857,0.17725,0.55765,0.84085,0.14300000000000002,0.2303,0.1472,0.16324285714285713,0.3542857142857143,0.1272,0.1633,0.14647142857142856,0.06745000000000001,0.5351,0.04112,0.4688,0.1617,0.42065,0.157,0.24961428571428573,0.5467,0.3304,0.5895142857142857,0.20789999999999997,0.57195,0.34465,0.15228571428571427,0.8111,0.21534999999999999,0.09135,0.62865,0.4693142857142857,0.4446,0.3679,0.57065,0.4276,0.32275,0.14935,0.21585,0.6335999999999999,0.37325,0.28375,0.2522857142857143,0.397,0.39039999999999997,0.1647,0.09745000000000001,0.73775,0.11232000000000002,0.1421,0.3493,0.148,0.3418142857142857,0.2007,0.18519,0.2084,0.11507142857142857,0.37505,0.14835,0.26625714285714286,0.16425,0.24108000000000002,0.16434285714285712,0.4619142857142857,0.08228,0.16765,0.3656,0.6672714285714285,0.20396,0.27444999999999997,0.6208,0.6836,0.11565,0.0887,0.4659,0.7755428571428571,0.27795000000000003,0.8426714285714286,0.126,0.62865,0.23677142857142858,0.662,0.23175,0.1075,0.39475,0.57405,0.30295,0.7750499999999999,0.3937,0.132,0.7953428571428571,0.18745,0.3573
2024-10-19,0.11259999999999999,0.6029666666666667,0.2535,0.332,0.28476666666666667,0.16486666666666666,0.31216666666666665,0.18823333333333334,0.1939,0.22876666666666667,0.3177142857142857,0.16483333333333333,0.15453333333333336,0.16836666666666666,0.41086666666666666,0.1895,0.17336666666666667,0.26593333333333335,0.06446666666666666,0.49029999999999996,0.18886666666666668,0.1444,0.36947142857142856,0.5174333333333334,0.12229999999999999,0.4851333333333333,0.1443,0.11939999999999999,0.21889999999999998,0.3592333333333333,0.7025,0.4670142857142857,0.46163333333333334,0.40750000000000003,0.37442857142857144,0.16046666666666667,0.7753,0.36293333333333333,0.4712333333333333,0.15183333333333335,0.7064666666666667,0.6599999999999999,0.09973333333333334,0.7391142857142856,0.3499,0.5232,0.40136666666666665,0.4353666666666666,0.5633333333333332,0.3838,0.1311,0.10723333333333335,0.16656666666666667,0.06243333333333333,0.1902,0.11016666666666666,0.5125,0.2135,0.24336666666666668,0.07806666666666666,0.5374285714285715,0.17952857142857143,0.15753333333333333,0.44680000000000003,0.8264333333333334,0.12683333333333335,0.20253333333333334,0.13169999999999998,0.17665714285714285,0.38271428571428573,0.12743333333333334,0.15763333333333335,0.15422857142857144,0.04870000000000001,0.4124,0.06218,0.3893666666666667,0.13543333333333335,0.3738,0.15563333333333335,0.2942857142857143,0.42596666666666666,0.32103333333333334,0.5506857142857142,0.19626666666666664,0.5364666666666666,0.33240000000000003,0.15751428571428572,0.8043666666666667,0.1991,0.0746,0.6599,0.4214857142857143,0.4077,0.3479333333333333,0.5320333333333334,0.34793333333333337,0.34113333333333334,0.1328,0.20906666666666668,0.6629666666666667,0.30256666666666665,0.21766666666666667,0.2481142857142857,0.3476666666666667,0.30006666666666665,0.15656666666666666,0.05663333333333337,0.7025,0.17398,0.10930000000000001,0.28896666666666665,0.13269999999999998,0.32698571428571427,0.21676666666666666,0.17556,0.22153333333333333,0.11872857142857143,0.30653333333333327,0.12733333333333335,0.28044285714285716,0.1601,0.35982,0.16995714285714286,0.4317857142857143,0.12522,0.15096666666666667,0.30256666666666665,0.6568285714285714,0.17214000000000002,0.25843333333333335,0.6433,0.6944333333333333,0.11263333333333334,0.06576666666666668,0.4133,0.7728571428571429,0.27973333333333333,0.8403285714285714,0.12053333333333334,0.6439666666666667,0.23782857142857142,0.6912333333333334,0.22153333333333333,0.09553333333333333,0.34086666666666665,0.5743666666666667,0.3332,0.7544,0.33396666666666663,0.11866666666666667,0.7916571428571428,0.15943333333333332,0.2866
2024-10-24,0.0955,0.5914833333333332,0.25015,0.3462,0.29453333333333337,0.13518333333333332,0.26203333333333334,0.19221666666666667,0.18669999999999998,0.23618333333333336,0.34044285714285716,0.15951666666666667,0.15671666666666667,0.1391833333333333,0.4371333333333333,0.18380000000000002,0.15763333333333335,0.23426666666666668,0.04748333333333332,0.43915,0.18233333333333335,0.14665,0.32431428571428567,0.5614666666666667,0.11180000000000001,0.37706666666666666,0.1389,0.1079,0.17654999999999998,0.39546666666666663,0.6830999999999999,0.41174285714285713,0.40286666666666665,0.3371,0.3781857142857143,0.15478333333333333,0.7628499999999999,0.4048166666666666,0.4893666666666666,0.14541666666666667,0.6993333333333334,0.6138,0.09471666666666667,0.7264428571428571,0.38985000000000003,0.5520999999999999,0.3185833333333334,0.3626333333333333,0.5224666666666666,0.31465,0.1303,0.09896666666666668,0.16263333333333335,0.04666666666666666,0.18745,0.10303333333333334,0.50065,0.21245,0.2556333333333334,0.06398333333333334,0.5065857142857143,0.18878571428571428,0.13781666666666667,0.33594999999999997,0.8120166666666666,0.11066666666666666,0.17476666666666665,0.11620000000000001,0.19007142857142856,0.41114285714285714,0.12766666666666668,0.15196666666666667,0.1619857142857143,0.029950000000000004,0.28970000000000007,0.08324,0.3099333333333334,0.10916666666666666,0.32695,0.15426666666666666,0.3389571428571429,0.30523333333333336,0.31166666666666665,0.5118571428571428,0.18463333333333332,0.5009833333333333,0.32015,0.16274285714285713,0.7976333333333334,0.18285,0.05785,0.69115,0.3736571428571429,0.3708,0.32796666666666663,0.4934166666666666,0.26826666666666665,0.3595166666666667,0.11624999999999999,0.20228333333333334,0.6923333333333334,0.23188333333333333,0.15158333333333335,0.24394285714285713,0.29833333333333334,0.20973333333333327,0.14843333333333333,0.015816666666666673,0.66725,0.23564000000000002,0.07650000000000001,0.22863333333333336,0.11739999999999999,0.3121571428571428,0.23283333333333334,0.16593,0.23466666666666666,0.12238571428571429,0.23801666666666665,0.10631666666666667,0.29462857142857146,0.15594999999999998,0.47856000000000004,0.17557142857142857,0.4016571428571428,0.16816000000000003,0.1342833333333333,0.23953333333333332,0.6463857142857142,0.14031999999999994,0.24241666666666667,0.6658000000000001,0.7052666666666666,0.10961666666666667,0.042833333333333334,0.36069999999999997,0.7701714285714286,0.28151666666666664,0.8379857142857143,0.11506666666666668,0.6592833333333333,0.23888571428571428,0.7204666666666667,0.21131666666666665,0.08356666666666666,0.2869833333333333,0.5746833333333333,0.36345,0.7337499999999999,0.27423333333333333,0.10533333333333332,0.7879714285714285,0.13141666666666665,0.21589999999999998
2024-10-29,0.0784,0.58,0.2468,0.3604,0.3043,0.1055,0.2119,0.1962,0.1795,0.2436,0.3631714285714286,0.1542,0.1589,0.11,0.4634,0.1781,0.1419,0.2026,0.0305,0.388,0.1758,0.1489,0.2791571428571429,0.6055,0.1013,0.269,0.1335,0.0964,0.1342,0.4317,0.6637,0.3564714285714286,0.3441,0.2667,0.38194285714285714,0.1491,0.7504,0.4467,0.5075,0.139,0.6922,0.5676,0.0897,0.7137714285714285,0.4298,0.581,0.2358,0.2899,0.4816,0.2455,0.1295,0.0907,0.1587,0.0309,0.1847,0.0959,0.4888,0.2114,0.2679,0.0499,0.47574285714285713,0.19804285714285716,0.1181,0.2251,0.7976,0.0945,0.147,0.1007,0.20348571428571427,0.4395714285714286,0.1279,0.1463,0.16974285714285714,0.0112,0.167,0.1043,0.2305,0.0829,0.2801,0.1529,0.38362857142857143,0.1845,0.3023,0.47302857142857135,0.173,0.4655,0.3079,0.16797142857142858,0.7909,0.1666,0.0411,0.7224,0.3258285714285714,0.3339,0.308,0.4548,0.1886,0.3779,0.0997,0.1955,0.7217,0.1612,0.0855,0.23977142857142858,0.249,0.1194,0.1403,-0.025,0.632,0.2973,0.0437,0.1683,0.1021,0.2973285714285714,0.2489,0.1563,0.2478,0.12604285714285715,0.1695,0.0853,0.3088142857142857,0.1518,0.5973,0.18118571428571428,0.37152857142857143,0.2111,0.1176,0.1765,0.6359428571428571,0.1085,0.2264,0.6883,0.7161,0.1066,0.0199,0.3081,0.7674857142857143,0.2833,0.8356428571428571,0.1096,0.6746,0.23994285714285712,0.7497,0.2011,0.0716,0.2331,0.575,0.3937,0.7131,0.2145,0.092,0.7842857142857143,0.1034,0.1452
2024-11-03,0.1788,0.6828,0.2992,0.4526,0.3063,0.1709,0.2887,0.2402,0.1943,0.3067,0.3859,0.168,0.1572,0.2852,0.5157,0.2173,0.1907,0.228,0.1848,0.3905,0.251,0.1355,0.234,0.6868,0.1792,0.3158,0.1864,0.1611,0.1698,0.3923,0.763,0.3012,0.2585,0.2917,0.3857,0.2605,0.8563,0.51,0.6147,0.1891,0.8135,0.7691,0.1745,0.7011,0.4425,0.6094,0.2753,0.3263,0.3318,0.2979,0.2174,0.1898,0.3672,0.2486,0.2316,0.1768,0.2721,0.3002,0.3948,0.2292,0.4449,0.2073,0.1853,0.3203,0.8405,0.1656,0.2465,0.1692,0.2169,0.468,0.1862,0.2144,0.1775,0.1652,0.1611,0.1501,0.3256,0.2008,0.3802,0.1991,0.4283,0.2185,0.3889,0.4342,0.2333,0.3918,0.3886,0.1732,0.8405,0.2761,0.215,0.8425,0.278,0.297,0.32,0.4922,0.2741,0.2399,0.2135,0.2986,0.8253,0.2386,0.2747,0.2356,0.2514,0.2896,0.2505,0.2214,0.8327,0.3901,0.1904,0.3156,0.2189,0.2825,0.4216,0.2669,0.2453,0.1297,0.4038,0.2205,0.323,0.3153,0.8299,0.1868,0.3414,0.2675,0.1883,0.3115,0.6255,0.2468,0.3686,0.8486,0.8334,0.2632,0.2061,0.314,0.7648,0.3073,0.8333,0.2368,0.7886,0.241,0.8124,0.347,0.1886,0.373,0.8207,0.2615,0.8554,0.334,0.242,0.7806,0.3418,0.2761
2024-11-08,0.19285,0.70775,0.33035000000000003,0.37195,0.3368,0.1849,0.29575,0.2566,0.21100000000000002,0.30989999999999995,0.41235,0.1608,0.1726,0.2583,0.5366500000000001,0.2249,0.19735,0.2052,0.18059999999999998,0.32220000000000004,0.23945,0.14935,0.23755,0.6034999999999999,0.18275,0.3307,0.2102,0.175,0.1903,0.30605,0.77725,0.31755,0.26305,0.30315000000000003,0.39235,0.307,0.87175,0.5460499999999999,0.6312500000000001,0.22139999999999999,0.8231999999999999,0.77545,0.1925,0.728,0.46304999999999996,0.6601,0.2799,0.3306,0.32825,0.30505,0.22615000000000002,0.20174999999999998,0.38375000000000004,0.2082,0.2539,0.18615,0.26455,0.3105,0.4144,0.19899999999999998,0.36605,0.21960000000000002,0.20129999999999998,0.32889999999999997,0.8489,0.1804,0.25315,0.17099999999999999,0.20165,0.4748,0.2087,0.2243,0.18864999999999998,0.17335,0.1661,0.1609,0.3281,0.22345,0.38925,0.19085000000000002,0.50005,0.216,0.38725,0.41255,0.2429,0.35419999999999996,0.3081,0.19045,0.8495,0.2892,0.20865,0.8533,0.2837,0.3062,0.25465,0.45635000000000003,0.29075,0.2485,0.22549999999999998,0.31445,0.8384,0.25,0.2855,0.25445,0.2583,0.30735,0.2576,0.21555000000000002,0.8384499999999999,0.3915,0.2057,0.3307,0.22985,0.28695,0.4905,0.28475,0.2595,0.13465,0.34405,0.20485,0.28525,0.2634,0.84485,0.1797,0.34614999999999996,0.3024,0.18255,0.32275,0.6435,0.22169999999999998,0.33814999999999995,0.8649,0.8538,0.23165,0.1903,0.3236,0.7783500000000001,0.32015000000000005,0.8527,0.25565000000000004,0.80145,0.25225,0.8271,0.3517,0.19165,0.3403,0.83565,0.2599,0.871,0.31475,0.22615,0.78565,0.3363,0.28900000000000003
2024-11-13,0.2069,0.7327,0.3615,0.2913,0.3673,0.1989,0.3028,0.273,0.2277,0.3131,0.4388,0.1536,0.188,0.2314,0.5576,0.2325,0.204,0.1824,0.1764,0.2539,0.2279,0.1632,0.2411,0.5202,0.1863,0.3456,0.234,0.1889,0.2108,0.2198,0.7915,0.3339,0.2676,0.3146,0.399,0.3535,0.8872,0.5821,0.6478,0.2537,0.8329,0.7818,0.2105,0.7549,0.4836,0.7108,0.2845,0.3349,0.3247,0.3122,0.2349,0.2137,0.4003,0.1678,0.2762,0.1955,0.257,0.3208,0.434,0.1688,0.2872,0.2319,0.2173,0.3375,0.8573,0.1952,0.2598,0.1728,0.1864,0.4816,0.2312,0.2342,0.1998,0.1815,0.1711,0.1717,0.3306,0.2461,0.3983,0.1826,0.5718,0.2135,0.3856,0.3909,0.2525,0.3166,0.2276,0.2077,0.8585,0.3023,0.2023,0.8641,0.2894,0.3154,0.1893,0.4205,0.3074,0.2571,0.2375,0.3303,0.8515,0.2614,0.2963,0.2733,0.2652,0.3251,0.2647,0.2097,0.8442,0.3929,0.221,0.3458,0.2408,0.2914,0.5594,0.3026,0.2737,0.1396,0.2843,0.1892,0.2475,0.2115,0.8598,0.1726,0.3509,0.3373,0.1768,0.334,0.6615,0.1966,0.3077,0.8812,0.8742,0.2001,0.1745,0.3332,0.7919,0.333,0.8721,0.2745,0.8143,0.2635,0.8418,0.3564,0.1947,0.3076,0.8506,0.2583,0.8866,0.2955,0.2103,0.7907,0.3308,0.3019
2024-11-18,0.21425,0.70645,0.37170000000000003,0.2858,0.32765,0.19945000000000002,0.29664999999999997,0.27880000000000005,0.2257,0.29335,0.3597,0.16599999999999998,0.1834,0.2272,0.4659,0.23655,0.21195,0.18035,0.1888,0.2619,0.23504999999999998,0.1708,0.2617,0.513,0.1946,0.32135,0.22360000000000002,0.19125,0.24639999999999998,0.23045,0.8048500000000001,0.3204,0.2697,0.32465,0.40080000000000005,0.37655,0.8769,0.5865,0.6291500000000001,0.28859999999999997,0.80155,0.7506,0.21875,0.7269,0.3377,0.68845,0.28485,0.32775,0.3174,0.3066,0.23504999999999998,0.21125,0.28955,0.18675,0.2585,0.2002,0.26644999999999996,0.26389999999999997,0.3228,0.19085000000000002,0.2964,0.23825000000000002,0.25439999999999996,0.33625000000000005,0.81885,0.22065,0.23954999999999999,0.196,0.19595,0.40464999999999995,0.26385,0.2365,0.21725,0.19415,0.1931,0.1754,0.29645,0.21885000000000002,0.373,0.19745000000000001,0.5882000000000001,0.2353,0.32275,0.36505,0.2472,0.3123,0.22970000000000002,0.2623,0.81735,0.2654,0.2023,0.8331,0.2875,0.3107,0.20265,0.3807,0.31484999999999996,0.25825,0.23275,0.30820000000000003,0.81635,0.27205,0.29585,0.2779,0.27635,0.3264,0.22725,0.22115,0.79985,0.3803,0.23570000000000002,0.32775,0.24935000000000002,0.32155,0.5944499999999999,0.29274999999999995,0.2561,0.1619,0.2767,0.20224999999999999,0.26744999999999997,0.2306,0.82355,0.19485,0.38039999999999996,0.35635,0.19485000000000002,0.3308,0.6501,0.20455,0.28395,0.8559,0.8495999999999999,0.2089,0.18825,0.3284,0.766,0.32535000000000003,0.8504499999999999,0.28575,0.7886500000000001,0.2375,0.8108500000000001,0.34665,0.17535,0.30084999999999995,0.819,0.27015,0.86455,0.29464999999999997,0.21625,0.77075,0.26815,0.3042
2024-11-23,0.2216,0.6802,0.3819,0.2803,0.288,0.2,0.2905,0.2846,0.2237,0.2736,0.2806,0.1784,0.1788,0.223,0.3742,0.2406,0.2199,0.1783,0.2012,0.2699,0.2422,0.1784,0.2823,0.5058,0.2029,0.2971,0.2132,0.1936,0.282,0.2411,0.8182,0.3069,0.2718,0.3347,0.4026,0.3996,0.8666,0.5909,0.6105,0.3235,0.7702,0.7194,0.227,0.6989,0.1918,0.6661,0.2852,0.3206,0.3101,0.301,0.2352,0.2088,0.1788,0.2057,0.2408,0.2049,0.2759,0.207,0.2116,0.2129,0.3056,0.2446,0.2915,0.335,0.7804,0.2461,0.2193,0.2192,0.2055,0.3277,0.2965,0.2388,0.2347,0.2068,0.2151,0.1791,0.2623,0.1916,0.3477,0.2123,0.6046,0.2571,0.2599,0.3392,0.2419,0.308,0.2318,0.3169,0.7762,0.2285,0.2023,0.8021,0.2856,0.306,0.216,0.3409,0.3223,0.2594,0.228,0.2861,0.7812,0.2827,0.2954,0.2825,0.2875,0.3277,0.1898,0.2326,0.7555,0.3677,0.2504,0.3097,0.2579,0.3517,0.6295,0.2829,0.2385,0.1842,0.2691,0.2153,0.2874,0.2497,0.7873,0.2171,0.4099,0.3754,0.2129,0.3276,0.6387,0.2125,0.2602,0.8306,0.825,0.2177,0.202,0.3236,0.7401,0.3177,0.8288,0.297,0.763,0.2115,0.7799,0.3369,0.156,0.2941,0.7874,0.282,0.8425,0.2938,0.2222,0.7508,0.2055,0.3065
2024-11-28,0.1997,0.582125,0.3608,0.2472,0.24122499999999997,0.17825000000000002,0.25615,0.24995,0.19475,0.23035,0.24515,0.15637500000000001,0.1485,0.1968,0.306525,0.24906666666666666,0.20285,0.16544999999999999,0.17604999999999998,0.243025,0.23020000000000002,0.16045,0.25245,0.436775,0.17099999999999999,0.25065,0.18195,0.162775,0.25305,0.224075,0.7861,0.306025,0.255125,0.33266666666666667,0.3902,0.40390000000000004,0.773625,0.474925,0.575975,0.330325,0.736775,0.6813,0.198325,0.65755,0.1714,0.604,0.27525,0.3096,0.29985,0.288025,0.2372,0.1925,0.166375,0.183875,0.2892571428571428,0.20787,0.26065,0.2122,0.2003,0.18865,0.28225,0.24174285714285715,0.30693333333333334,0.31217500000000004,0.683675,0.2783,0.187575,0.20825,0.19896666666666665,0.324025,0.29983333333333334,0.23622500000000002,0.25115,0.179925,0.2122666666666667,0.152425,0.24284999999999998,0.1868,0.32430000000000003,0.215575,0.6046,0.24905,0.2621,0.326525,0.22255,0.282675,0.23316666666666666,0.321275,0.681675,0.1952,0.19187500000000002,0.73495,0.27554285714285714,0.30456666666666665,0.191,0.3122,0.282425,0.2756,0.20765,0.33737500000000004,0.7339249999999999,0.2671,0.29315,0.31245,0.27135,0.34095,0.14845,0.219375,0.67785,0.3426,0.23861428571428572,0.28822499999999995,0.2391,0.3218666666666667,0.6034499999999999,0.26539999999999997,0.238825,0.161925,0.1957,0.21872999999999998,0.296575,0.249025,0.7495,0.20565,0.40468,0.418875,0.2054857142857143,0.313425,0.6278750000000001,0.20718571428571428,0.244225,0.796475,0.795825,0.19742500000000002,0.23917500000000003,0.307825,0.712425,0.297925,0.803225,0.28025,0.72755,0.1978,0.743325,0.31124999999999997,0.1797,0.28112499999999996,0.749725,0.27207499999999996,0.49895,0.27925,0.23125,0.73575,0.181225,0.2969
2024-12-03,0.1778,0.48405,0.3397,0.2141,0.19444999999999998,0.1565,0.2218,0.2153,0.1658,0.1871,0.2097,0.13435,0.11819999999999999,0.1706,0.23884999999999998,0.25753333333333334,0.18580000000000002,0.15259999999999999,0.15089999999999998,0.21614999999999998,0.2182,0.14250000000000002,0.2226,0.36775,0.1391,0.2042,0.1507,0.13195,0.22409999999999997,0.20705,0.754,0.30515000000000003,0.23845,0.33063333333333333,0.3778,0.4082,0.68065,0.35895,0.54145,0.33715,0.7033499999999999,0.6432,0.16965000000000002,0.6162,0.151,0.5419,0.2653,0.2986,0.28959999999999997,0.27505,0.2392,0.17620000000000002,0.15394999999999998,0.16205,0.3377142857142857,0.21084,0.2454,0.21739999999999998,0.189,0.1644,0.2589,0.23888571428571428,0.32236666666666663,0.28935,0.58695,0.3105,0.15585,0.1973,0.19243333333333332,0.32035,0.30316666666666664,0.23365000000000002,0.2676,0.15305000000000002,0.20943333333333333,0.12575000000000003,0.2234,0.182,0.3009,0.21885,0.6046,0.241,0.2643,0.31384999999999996,0.2032,0.25735,0.23453333333333334,0.32565,0.5871500000000001,0.1619,0.18145,0.6678,0.2654857142857143,0.3031333333333333,0.166,0.2835,0.24255,0.2918,0.18730000000000002,0.38865000000000005,0.68665,0.2515,0.2909,0.3424,0.2552,0.35419999999999996,0.1071,0.20615,0.6002,0.3175,0.22682857142857143,0.26675,0.2203,0.29203333333333337,0.5773999999999999,0.24789999999999998,0.23915,0.13965,0.1223,0.22216,0.30574999999999997,0.24835000000000002,0.7117,0.19419999999999998,0.39946,0.46235000000000004,0.19807142857142856,0.29925,0.6170500000000001,0.20187142857142856,0.22825,0.7623500000000001,0.76665,0.17715,0.27635,0.29205000000000003,0.68475,0.27815,0.77765,0.2635,0.6920999999999999,0.1841,0.70675,0.28559999999999997,0.20340000000000003,0.26815,0.7120500000000001,0.26215,0.1554,0.2647,0.2403,0.7207,0.15694999999999998,0.2873
2024-12-08,0.15589999999999998,0.38597499999999996,0.3186,0.181,0.147675,0.13475,0.18745,0.18064999999999998,0.13685,0.14385,0.17425000000000002,0.11232500000000001,0.08789999999999999,0.1444,0.17117499999999997,0.266,0.16875,0.13975,0.12575,0.18927499999999997,0.2062,0.12455000000000001,0.19274999999999998,0.298725,0.1072,0.15775,0.11945,0.10112499999999999,0.19515,0.190025,0.7219,0.304275,0.221775,0.3286,0.3654,0.4125,0.587675,0.242975,0.506925,0.34397500000000003,0.669925,0.6051,0.14097500000000002,0.57485,0.1306,0.4798,0.25535,0.2876,0.27935,0.262075,0.2412,0.15990000000000001,0.14152499999999998,0.140225,0.3861714285714285,0.21381,0.23015,0.2226,0.1777,0.14015,0.23554999999999998,0.23602857142857142,0.3378,0.266525,0.490225,0.3427,0.12412499999999999,0.18635000000000002,0.1859,0.316675,0.3065,0.231075,0.28404999999999997,0.12617499999999998,0.2066,0.09907500000000001,0.20395,0.1772,0.27749999999999997,0.222125,0.6046,0.23295,0.2665,0.30117499999999997,0.18385,0.23202499999999998,0.2359,0.330025,0.492625,0.1286,0.17102499999999998,0.60065,0.25542857142857145,0.30169999999999997,0.14100000000000001,0.2548,0.202675,0.308,0.16695,0.439925,0.639375,0.2359,0.28864999999999996,0.37234999999999996,0.23904999999999998,0.36745,0.10575000000000001,0.192925,0.5225500000000001,0.2924,0.21504285714285715,0.245275,0.2015,0.2622,0.55135,0.2304,0.239475,0.11737500000000001,0.16235,0.22558999999999998,0.314925,0.247675,0.6739,0.18275,0.39424,0.505825,0.19065714285714286,0.28507499999999997,0.606225,0.19655714285714287,0.212275,0.728225,0.737475,0.156875,0.31352500000000005,0.276275,0.657075,0.258375,0.752075,0.24675,0.65665,0.1704,0.6701750000000001,0.25995,0.22710000000000002,0.255175,0.6743750000000001,0.252225,0.44855,0.25015,0.24935000000000002,0.70565,0.132675,0.2777
2024-12-13,0.134,0.2879,0.2975,0.1479,0.1009,0.113,0.1531,0.146,0.1079,0.1006,0.1388,0.0903,0.0576,0.1182,0.1035,0.27446666666666664,0.1517,0.1269,0.1006,0.1624,0.1942,0.1066,0.1629,0.2297,0.0753,0.1113,0.0882,0.0703,0.1662,0.173,0.6898,0.3034,0.2051,0.32656666666666667,0.353,0.4168,0.4947,0.127,0.4724,0.3508,0.6365,0.567,0.1123,0.5335,0.1102,0.4177,0.2454,0.2766,0.2691,0.2491,0.2432,0.1436,0.1291,0.1184,0.43462857142857136,0.21678,0.2149,0.2278,0.1664,0.1159,0.2122,0.23317142857142859,0.35323333333333334,0.2437,0.3935,0.3749,0.0924,0.1754,0.17936666666666667,0.313,0.30983333333333335,0.2285,0.3005,0.0993,0.20376666666666668,0.0724,0.1845,0.1724,0.2541,0.2254,0.6046,0.22490000000000002,0.2687,0.2885,0.1645,0.2067,0.23726666666666665,0.3344,0.3981,0.0953,0.1606,0.5335,0.24537142857142857,0.3002666666666667,0.116,0.2261,0.1628,0.3242,0.1466,0.4912,0.5921,0.2203,0.2864,0.4023,0.2229,0.3807,0.1044,0.1797,0.4449,0.2673,0.20325714285714286,0.2238,0.1827,0.23236666666666667,0.5253,0.21289999999999998,0.2398,0.0951,0.2024,0.22902,0.3241,0.247,0.6361,0.1713,0.38902,0.5493,0.18324285714285715,0.2709,0.5954,0.19124285714285716,0.1963,0.6941,0.7083,0.1366,0.3507,0.2605,0.6294,0.2386,0.7265,0.23,0.6212,0.1567,0.6336,0.2343,0.2508,0.2422,0.6367,0.2423,0.7417,0.2356,0.2584,0.6906,0.1084,0.2681
2024-12-18,0.16885,0.45075,0.368,0.22000000000000003,0.23065000000000002,0.1713,0.2134,0.19574999999999998,0.16870000000000002,0.2015,0.25395,0.17285,0.13824999999999998,0.18505,0.19274999999999998,0.2829333333333333,0.18814999999999998,0.1714,0.13555,0.24665,0.22960000000000003,0.2001,0.1954,0.26565,0.1331,0.18469999999999998,0.11958333333333335,0.11016666666666666,0.2207333333333333,0.19495,0.7122999999999999,0.30955,0.23135,0.32453333333333334,0.3813,0.46235000000000004,0.6729999999999999,0.3004,0.5186,0.4103,0.6474,0.58495,0.18605,0.5515,0.2101,0.4579,0.268,0.2931,0.27636666666666665,0.26875,0.2452,0.157,0.14215,0.1508,0.48308571428571423,0.21975,0.23865000000000003,0.21760000000000002,0.1712,0.1506,0.2339,0.23031428571428572,0.36866666666666664,0.2923,0.42088333333333333,0.4071,0.1343,0.2589,0.17283333333333334,0.3137,0.31316666666666665,0.22195,0.2657,0.1306,0.20093333333333332,0.08836666666666668,0.21084999999999998,0.19369999999999998,0.28859999999999997,0.2819,0.62075,0.21685000000000001,0.25634999999999997,0.30425,0.21150000000000002,0.22315000000000002,0.23863333333333334,0.37805,0.52755,0.17245,0.20375,0.53735,0.23531428571428573,0.29883333333333334,0.12836666666666668,0.2587,0.20693333333333336,0.2791666666666667,0.17443333333333333,0.40253333333333335,0.54765,0.241,0.28415,0.34053333333333335,0.2312,0.33996666666666664,0.13565,0.20615,0.4957,0.25125,0.19147142857142857,0.24985,0.2124,0.20253333333333332,0.5406500000000001,0.1954,0.35450000000000004,0.1207,0.27975,0.23245,0.36635,0.3049,0.59295,0.1846,0.38380000000000003,0.51595,0.17582857142857145,0.27964999999999995,0.60215,0.18592857142857144,0.2119,0.6648666666666667,0.7017,0.15106666666666665,0.34850000000000003,0.2712,0.5606,0.22735,0.6951499999999999,0.24780000000000002,0.60485,0.28325,0.54445,0.24686666666666668,0.2168,0.24985000000000002,0.595,0.21885,0.7061,0.24548333333333333,0.24763333333333334,0.6617500000000001,0.1444,0.27881666666666666
2024-12-23,0.2037,0.6136,0.4385,0.2921,0.3604,0.2296,0.2737,0.2455,0.2295,0.3024,0.3691,0.2554,0.2189,0.2519,0.282,0.2914,0.2246,0.2159,0.1705,0.3309,0.265,0.2936,0.2279,0.3016,0.19090000000000001,0.2581,0.1509666666666667,0.15003333333333335,0.27526666666666666,0.2169,0.7348,0.3157,0.2576,0.3225,0.4096,0.5079,0.8513,0.4738,0.5648,0.4698,0.6583,0.6029,0.2598,0.5695,0.31,0.4981,0.2906,0.3096,0.28363333333333335,0.2884,0.2472,0.1704,0.1552,0.1832,0.5315428571428571,0.22272,0.2624,0.2074,0.176,0.1853,0.2556,0.22745714285714286,0.3841,0.3409,0.44826666666666665,0.4393,0.1762,0.3424,0.1663,0.3144,0.3165,0.2154,0.2309,0.1619,0.1981,0.10433333333333333,0.2372,0.215,0.3231,0.3384,0.6369,0.2088,0.244,0.32,0.2585,0.2396,0.24,0.4217,0.657,0.2496,0.2469,0.5412,0.22525714285714288,0.2974,0.14073333333333335,0.2913,0.25106666666666666,0.2341333333333333,0.20226666666666668,0.3138666666666667,0.5032,0.2617,0.2819,0.27876666666666666,0.2395,0.29923333333333335,0.1669,0.2326,0.5465,0.2352,0.17968571428571428,0.2759,0.2421,0.1727,0.556,0.1779,0.4692,0.1463,0.3571,0.23587999999999998,0.4086,0.3628,0.5498,0.1979,0.37858,0.4826,0.16841428571428574,0.2884,0.6089,0.18061428571428573,0.2275,0.6356333333333334,0.6951,0.16553333333333334,0.3463,0.2819,0.4918,0.2161,0.6638,0.2656,0.5885,0.4098,0.4553,0.25943333333333335,0.1828,0.2575,0.5533,0.1954,0.6705,0.2553666666666667,0.23686666666666667,0.6329,0.1804,0.2895333333333333
2024-12-28,0.179,0.5519,0.4038,0.2648,0.3263,0.2278,0.2532,0.2155,0.2276,0.2684,0.3218,0.2221,0.1989,0.2512,0.2719,0.2339,0.1887,0.2074,0.1739,0.2663,0.2653,0.2103,0.2152,0.2961,0.2487,0.2734,0.18235,0.1899,0.3298,0.1975,0.6821,0.2827,0.2391,0.3021,0.378,0.4793,0.839275,0.1457,0.5467,0.4075,0.5716,0.4803,0.270775,0.5427,0.1455,0.4797,0.2572,0.2844,0.2909,0.2561,0.1762,0.1423,0.1342,0.1638,0.58,0.22569,0.2513,0.1577,0.1605,0.1649,0.2267,0.2246,0.3632,0.2445,0.47565,0.317,0.1604,0.2928,0.1431,0.2742,0.2797,0.1673,0.2194,0.1332,0.1699,0.1203,0.2201,0.2298,0.2662,0.3036,0.6208,0.1856,0.1972,0.2848,0.2484,0.2348,0.1681,0.4095,0.5102,0.2567,0.2237,0.506,0.2152,0.2626,0.1531,0.2598,0.2952,0.1891,0.2301,0.2252,0.4833,0.2331,0.2387,0.217,0.2478,0.2585,0.1304,0.1846,0.4891,0.2843,0.1679,0.232,0.2059,0.202575,0.6557,0.1604,0.2414,0.1644,0.2678,0.23931,0.366,0.3499,0.5172,0.0821,0.37336,0.3605,0.161,0.2538,0.6123000000000001,0.1753,0.242125,0.6064,0.69055,0.18,0.1786,0.2697,0.53125,0.2843,0.65935,0.2756,0.580775,0.3705,0.476875,0.272,0.17454999999999998,0.26515,0.54775,0.206575,0.6860999999999999,0.26525,0.22610000000000002,0.6305000000000001,0.2164,0.30025
2025-01-02,0.1867,0.5615,0.4261,0.2828,0.36436666666666667,0.25456666666666666,0.261,0.22473333333333334,0.24603333333333333,0.2820666666666667,0.35656666666666664,0.24926666666666666,0.23743333333333333,0.27476666666666666,0.283,0.25276666666666664,0.19716666666666668,0.22826666666666667,0.18376666666666666,0.2824333333333333,0.2813,0.246,0.2241,0.30743333333333334,0.2794333333333333,0.26203333333333334,0.21373333333333336,0.22976666666666667,0.3669,0.21123333333333333,0.6775666666666667,0.3036666666666667,0.25683333333333336,0.32103333333333334,0.38866666666666666,0.5090333333333333,0.82725,0.1586,0.5620333333333333,0.42066666666666663,0.5620666666666667,0.47583333333333333,0.28175,0.5547,0.1564333333333333,0.4960666666666667,0.2771,0.3045,0.31193333333333334,0.2704666666666667,0.1983,0.15906666666666666,0.14653333333333335,0.17676666666666666,0.5163,0.22866,0.2672333333333333,0.1859,0.17443333333333333,0.17933333333333332,0.2379,0.24066666666666667,0.3951,0.2631,0.5030333333333333,0.33666666666666667,0.17563333333333334,0.3288666666666667,0.1615,0.30356666666666665,0.2965333333333333,0.1863,0.24553333333333335,0.14823333333333333,0.18516666666666667,0.13293333333333335,0.23166666666666666,0.25533333333333336,0.27796666666666664,0.33963333333333334,0.6414,0.20129999999999998,0.21096666666666666,0.3006333333333333,0.27453333333333335,0.24853333333333336,0.18603333333333333,0.4508,0.5210333333333333,0.2882,0.2587333333333333,0.4967666666666667,0.23723333333333332,0.2774333333333333,0.1683,0.27746666666666664,0.31653333333333333,0.2055,0.25993333333333335,0.26483333333333337,0.47453333333333336,0.24903333333333333,0.2583333333333333,0.23713333333333333,0.26726666666666665,0.28450000000000003,0.15256666666666666,0.20596666666666666,0.496,0.3025,0.19736666666666666,0.2488,0.2265,0.23245,0.6678,0.1852,0.2786,0.16153333333333333,0.2657,0.24273999999999998,0.4043333333333333,0.39113333333333333,0.5138,0.1195,0.36814,0.40636666666666665,0.20033333333333334,0.27430000000000004,0.6157,0.20343333333333333,0.25675,0.607,0.6859999999999999,0.20743333333333333,0.19773333333333334,0.2815666666666667,0.5707,0.2796,0.6549,0.28559999999999997,0.5730500000000001,0.3312,0.49844999999999995,0.28456666666666663,0.1663,0.27280000000000004,0.5422,0.21775,0.7017,0.27513333333333334,0.21533333333333335,0.6281,0.2524,0.31096666666666667
2025-01-07,0.1944,0.5710999999999999,0.4484,0.30079999999999996,0.4024333333333333,0.2813333333333333,0.2688,0.23396666666666666,0.2644666666666667,0.29573333333333335,0.3913333333333333,0.2764333333333333,0.2759666666666667,0.29833333333333334,0.29410000000000003,0.27163333333333334,0.20563333333333333,0.24913333333333335,0.19363333333333332,0.29856666666666665,0.2973,0.2817,0.233,0.31876666666666664,0.31016666666666665,0.25066666666666665,0.24511666666666668,0.2696333333333333,0.40399999999999997,0.22496666666666668,0.6730333333333334,0.32463333333333333,0.2745666666666667,0.33996666666666664,0.3993333333333333,0.5387666666666666,0.815225,0.1715,0.5773666666666667,0.43383333333333335,0.5525333333333333,0.47136666666666666,0.292725,0.5667,0.16736666666666666,0.5124333333333334,0.297,0.3246,0.33296666666666663,0.2848333333333333,0.22039999999999998,0.17583333333333334,0.15886666666666666,0.18973333333333334,0.4526,0.23163,0.2831666666666667,0.2141,0.18836666666666668,0.19376666666666667,0.2491,0.2567333333333333,0.427,0.2817,0.5304166666666666,0.35633333333333334,0.19086666666666666,0.36493333333333333,0.1799,0.33293333333333336,0.3133666666666667,0.2053,0.27166666666666667,0.16326666666666667,0.20043333333333332,0.14556666666666668,0.24323333333333336,0.28086666666666665,0.28973333333333334,0.3756666666666667,0.662,0.217,0.2247333333333333,0.3164666666666667,0.30066666666666664,0.2622666666666667,0.20396666666666666,0.4921,0.5318666666666666,0.3197,0.2937666666666667,0.4875333333333333,0.25926666666666665,0.2922666666666667,0.1835,0.29513333333333336,0.3378666666666667,0.22190000000000001,0.2897666666666667,0.30446666666666666,0.46576666666666666,0.2649666666666667,0.27796666666666664,0.25726666666666664,0.28673333333333334,0.3105,0.17473333333333332,0.22733333333333333,0.5029,0.3207,0.2268333333333333,0.2656,0.2471,0.26232500000000003,0.6799,0.21,0.31579999999999997,0.15866666666666665,0.2636,0.24617,0.44266666666666665,0.4323666666666667,0.5104,0.15689999999999998,0.36292,0.4522333333333333,0.2396666666666667,0.2948,0.6191,0.23156666666666667,0.271375,0.6076,0.68145,0.23486666666666664,0.21686666666666665,0.2934333333333333,0.61015,0.2749,0.65045,0.2956,0.565325,0.2919,0.520025,0.2971333333333333,0.15805,0.28045000000000003,0.5366500000000001,0.228925,0.7173,0.28501666666666664,0.20456666666666667,0.6256999999999999,0.2884,0.3216833333333333
2025-01-12,0.2021,0.5807,0.4707,0.3188,0.4405,0.3081,0.2766,0.2432,0.2829,0.3094,0.4261,0.3036,0.3145,0.3219,0.3052,0.2905,0.2141,0.27,0.2035,0.3147,0.3133,0.3174,0.2419,0.3301,0.3409,0.2393,0.2765,0.3095,0.4411,0.2387,0.6685,0.3456,0.2923,0.3589,0.41,0.5685,0.8032,0.1844,0.5927,0.447,0.543,0.4669,0.3037,0.5787,0.1783,0.5288,0.3169,0.3447,0.354,0.2992,0.2425,0.1926,0.1712,0.2027,0.3889,0.2346,0.2991,0.2423,0.2023,0.2082,0.2603,0.2728,0.4589,0.3003,0.5578,0.376,0.2061,0.401,0.1983,0.3623,0.3302,0.2243,0.2978,0.1783,0.2157,0.1582,0.2548,0.3064,0.3015,0.4117,0.6826,0.2327,0.2385,0.3323,0.3268,0.276,0.2219,0.5334,0.5427,0.3512,0.3288,0.4783,0.2813,0.3071,0.1987,0.3128,0.3592,0.2383,0.3196,0.3441,0.457,0.2809,0.2976,0.2774,0.3062,0.3365,0.1969,0.2487,0.5098,0.3389,0.2563,0.2824,0.2677,0.2922,0.692,0.2348,0.353,0.1558,0.2615,0.2496,0.481,0.4736,0.507,0.1943,0.3577,0.4981,0.279,0.3153,0.6225,0.2597,0.286,0.6082,0.6769,0.2623,0.236,0.3053,0.6496,0.2702,0.646,0.3056,0.5576,0.2526,0.5416,0.3097,0.1498,0.2881,0.5311,0.2401,0.7329,0.2949,0.1938,0.6233,0.3244,0.3324
2025-01-17,0.1627,0.5197,0.4182,0.2392,0.3582,0.236,0.2457,0.1852,0.2331,0.2544,0.3504,0.2296,0.2283,0.2573,0.2451,0.2367,0.1725,0.2176,0.151,0.2819,0.2648,0.2333,0.2151,0.2769,0.2961,0.1469,0.2321,0.2324,0.3339,0.1973,0.6265,0.3143,0.2654,0.3258,0.3799,0.511,0.7768,0.1449,0.5646,0.4017,0.4824,0.3953,0.2327,0.5427,0.1389,0.5056,0.288,0.3148,0.3254,0.2698,0.1714,0.1338,0.1297,0.1601,0.2954,0.1751,0.2744,0.2065,0.1542,0.1605,0.2273,0.2042,0.3909,0.1973,0.5189,0.3192,0.1555,0.336,0.145,0.2838,0.2934,0.1663,0.2297,0.1357,0.1561,0.12,0.1838,0.2248,0.2691,0.3466,0.6302,0.1744,0.182,0.2993,0.2574,0.2469,0.1697,0.46,0.5039,0.2613,0.2737,0.4095,0.2624,0.2786,0.1488,0.2855,0.3293,0.1813,0.2717,0.3077,0.3942,0.2508,0.261,0.2055,0.2833,0.307,0.145,0.191,0.4747,0.2458,0.1977,0.2523,0.2047,0.2357,0.6378,0.1599,0.2923,0.1362,0.2343,0.187,0.392,0.3831,0.4304,0.1761,0.2941,0.4381,0.1935,0.2816,0.5846,0.1884,0.2208,0.5336,0.6046,0.1859,0.175,0.2698,0.6234,0.2369,0.5534,0.2361,0.4666,0.216,0.4627,0.2407,0.1205,0.2499,0.4526,0.1713,0.7062,0.2607,0.1568,0.5855,0.2664,0.2936
2025-01-22,0.16440000000000002,0.5345500000000001,0.4458,0.253525,0.39855,0.26144999999999996,0.247625,0.190525,0.25285,0.271675,0.388675,0.259275,0.263975,0.28145,0.251975,0.2481,0.173975,0.23349999999999999,0.15575,0.2858,0.28004999999999997,0.2641,0.217725,0.27825,0.31547499999999995,0.146125,0.2518,0.253475,0.3609,0.2081,0.6330499999999999,0.31675000000000003,0.26870000000000005,0.328625,0.3906,0.547775,0.7736000000000001,0.1512,0.579375,0.428725,0.47965,0.406325,0.25465,0.565,0.143075,0.5190750000000001,0.289825,0.31420000000000003,0.3257,0.274425,0.17875,0.13705,0.13285000000000002,0.164775,0.335875,0.18282500000000002,0.279625,0.222275,0.159525,0.1623,0.2306,0.2104,0.420125,0.2034,0.5364,0.341275,0.1599,0.377975,0.147925,0.304025,0.30245,0.17005,0.24495,0.13779999999999998,0.161325,0.121525,0.18245,0.2531,0.27132500000000004,0.3916,0.6423,0.17957499999999998,0.185,0.3016,0.2832,0.236775,0.17445,0.5061,0.519575,0.291825,0.30615000000000003,0.41845,0.26195,0.280775,0.150225,0.29012499999999997,0.3263,0.189475,0.306525,0.330675,0.404575,0.256825,0.261125,0.21362499999999998,0.286275,0.312,0.12084999999999999,0.19905,0.49607500000000004,0.230425,0.202225,0.233325,0.215775,0.239375,0.641325,0.16535,0.329175,0.1387,0.16855,0.2052,0.43472500000000003,0.42835,0.42762500000000003,0.177175,0.29884999999999995,0.454875,0.2074,0.28695000000000004,0.59185,0.20405,0.24645,0.5363249999999999,0.618975,0.19875,0.18462499999999998,0.27812499999999996,0.629525,0.23335,0.55715,0.24585,0.47497500000000004,0.23324999999999999,0.462975,0.250475,0.118625,0.25405,0.4514,0.17400000000000002,0.7302000000000001,0.2673,0.15805,0.60675,0.32370000000000004,0.300175
2025-01-27,0.16610000000000003,0.5494,0.4734,0.26785,0.43889999999999996,0.2869,0.24955,0.19585,0.2726,0.28895000000000004,0.42694999999999994,0.28895,0.29964999999999997,0.3056,0.25885,0.2595,0.17545,0.2494,0.1605,0.28969999999999996,0.2953,0.2949,0.22035,0.27959999999999996,0.33485,0.14535,0.2715,0.27454999999999996,0.3879,0.21889999999999998,0.6396,0.31920000000000004,0.272,0.33145,0.4013,0.58455,0.7704,0.1575,0.59415,0.45575000000000004,0.4769,0.41735,0.2766,0.5872999999999999,0.14725,0.5325500000000001,0.29164999999999996,0.3136,0.326,0.27905,0.1861,0.1403,0.136,0.16945,0.37634999999999996,0.19055,0.28485,0.23804999999999998,0.16485,0.1641,0.2339,0.21660000000000001,0.44935,0.20950000000000002,0.5539000000000001,0.36334999999999995,0.1643,0.41995000000000005,0.15084999999999998,0.32425000000000004,0.3115,0.1738,0.2602,0.1399,0.16654999999999998,0.12304999999999999,0.18109999999999998,0.2814,0.27355,0.4366,0.6544,0.18475,0.188,0.3039,0.309,0.22665000000000002,0.1792,0.5522,0.53525,0.32235,0.3386,0.4274,0.2615,0.28295000000000003,0.15165,0.29474999999999996,0.32330000000000003,0.19765,0.34135,0.35365,0.41495,0.26285000000000003,0.26125,0.22175,0.28925,0.317,0.0967,0.2071,0.51745,0.21505,0.20675,0.21435,0.22685,0.24305,0.64485,0.1708,0.36605,0.1412,0.1028,0.2234,0.47745,0.4736,0.42485,0.17825000000000002,0.3036,0.47165,0.2213,0.2923,0.5991,0.2197,0.2721,0.53905,0.6333500000000001,0.2116,0.19424999999999998,0.28645,0.63565,0.2298,0.5609,0.2556,0.48335,0.2505,0.46325,0.26025,0.11674999999999999,0.2582,0.4502,0.17670000000000002,0.7542,0.27390000000000003,0.1593,0.628,0.381,0.30675
2025-02-01,0.1678,0.5642499999999999,0.501,0.282175,0.47924999999999995,0.31235,0.251475,0.201175,0.29235,0.306225,0.465225,0.318625,0.335325,0.32975,0.265725,0.2709,0.176925,0.2653,0.16525,0.29359999999999997,0.31055,0.3257,0.222975,0.28095,0.35422499999999996,0.144575,0.2912,0.29562499999999997,0.4149,0.2297,0.64615,0.32165,0.2753,0.334275,0.41200000000000003,0.621325,0.7672,0.1638,0.608925,0.482775,0.47414999999999996,0.428375,0.29855,0.6096,0.15142499999999998,0.546025,0.293475,0.313,0.32630000000000003,0.283675,0.19345,0.14355,0.13915,0.17412499999999997,0.416825,0.19827499999999998,0.29007499999999997,0.253825,0.170175,0.1659,0.2372,0.2228,0.47857500000000003,0.2156,0.5714,0.38542499999999996,0.16870000000000002,0.46192500000000003,0.153775,0.34447500000000003,0.32055,0.17754999999999999,0.27545000000000003,0.14200000000000002,0.17177499999999998,0.12457499999999999,0.17975,0.30970000000000003,0.275775,0.4816,0.6665,0.189925,0.191,0.3062,0.3348,0.216525,0.18395,0.5982999999999999,0.550925,0.352875,0.37105,0.43634999999999996,0.26105,0.285125,0.153075,0.299375,0.32030000000000003,0.20582499999999998,0.376175,0.376625,0.42532499999999995,0.268875,0.261375,0.229875,0.292225,0.322,0.12925,0.21515,0.538825,0.199675,0.211275,0.19537500000000002,0.237925,0.246725,0.648375,0.17625,0.40292500000000003,0.1437,0.1829,0.24159999999999998,0.5201749999999999,0.51885,0.422075,0.179325,0.30835,0.488425,0.2352,0.29764999999999997,0.6063500000000001,0.23535,0.29775,0.541775,0.647725,0.22445,0.203875,0.294775,0.641775,0.22625,0.56465,0.26535000000000003,0.49172499999999997,0.26775,0.46352499999999996,0.270025,0.114875,0.26235,0.44899999999999995,0.1794,0.7782,0.2805,0.16055,0.64925,0.4383,0.313325
2025-02-06,0.1695,0.5791,0.5286,0.2965,0.5196,0.3378,0.2534,0.2065,0.3121,0.3235,0.5035,0.3483,0.371,0.3539,0.2726,0.2823,0.1784,0.2812,0.17,0.2975,0.3258,0.3565,0.2256,0.2823,0.3736,0.1438,0.3109,0.3167,0.4419,0.2405,0.6527,0.3241,0.2786,0.3371,0.4227,0.6581,0.764,0.1701,0.6237,0.5098,0.4714,0.4394,0.3205,0.6319,0.1556,0.5595,0.2953,0.3124,0.3266,0.2883,0.2008,0.1468,0.1423,0.1788,0.4573,0.206,0.2953,0.2696,0.1755,0.1677,0.2405,0.229,0.5078,0.2217,0.5889,0.4075,0.1731,0.5039,0.1567,0.3647,0.3296,0.1813,0.2907,0.1441,0.177,0.1261,0.1784,0.338,0.278,0.5266,0.6786,0.1951,0.194,0.3085,0.3606,0.2064,0.1887,0.6444,0.5666,0.3834,0.4035,0.4453,0.2606,0.2873,0.1545,0.304,0.3173,0.214,0.411,0.3996,0.4357,0.2749,0.2615,0.238,0.2952,0.327,0.1618,0.2232,0.5602,0.1843,0.2158,0.1764,0.249,0.2504,0.6519,0.1817,0.4398,0.1462,0.263,0.2598,0.5629,0.5641,0.4193,0.1804,0.3131,0.5052,0.2491,0.303,0.6136,0.251,0.3234,0.5445,0.6621,0.2373,0.2135,0.3031,0.6479,0.2227,0.5684,0.2751,0.5001,0.285,0.4638,0.2798,0.113,0.2665,0.4478,0.1821,0.8022,0.2871,0.1618,0.6705,0.4956,0.3199
2025-02-11,0.187,0.5815999999999999,0.47214999999999996,0.3032,0.54145,0.3681,0.25385,0.2279,0.31335,0.31925000000000003,0.5076499999999999,0.36019999999999996,0.379,0.34550000000000003,0.2659,0.28625,0.18265,0.31155,0.20140000000000002,0.29469999999999996,0.3304,0.39095,0.22515000000000002,0.2823,0.34765,0.18795,0.30485,0.3322,0.46445000000000003,0.269,0.6133,0.32715,0.27615,0.3228,0.5234,0.6441,0.7273000000000001,0.2587,0.58875,0.5155000000000001,0.4537,0.4073,0.33830000000000005,0.6291,0.22415000000000002,0.5295,0.2928,0.3095,0.31405,0.27293333333333336,0.2188,0.16465000000000002,0.2107,0.18514999999999998,0.48875,0.22909999999999997,0.2904,0.29245,0.20445,0.18725,0.22776666666666667,0.21575,0.51185,0.22710000000000002,0.5921000000000001,0.39985,0.18964999999999999,0.5117,0.1744,0.3436,0.31065,0.20895,0.25415,0.17099999999999999,0.20365,0.15965000000000001,0.233,0.31265,0.2807,0.5053,0.604,0.2115,0.2138,0.30610000000000004,0.35275,0.21000000000000002,0.2384,0.6441,0.5754,0.37970000000000004,0.41595000000000004,0.4353,0.26744999999999997,0.2773,0.1595,0.29385,0.3066,0.23225,0.46415,0.3739,0.4304,0.27295,0.2511,0.2472,0.2887,0.31855,0.17704999999999999,0.2369,0.5815,0.1859,0.22699999999999998,0.19169999999999998,0.2881,0.2563,0.66275,0.2153,0.4505,0.16,0.26480000000000004,0.26505,0.5540499999999999,0.5525500000000001,0.4014,0.1902,0.31420000000000003,0.5251,0.2643,0.30325,0.591,0.27180000000000004,0.34525,0.5780000000000001,0.6487,0.25780000000000003,0.22694999999999999,0.3061,0.5867,0.23445,0.5627500000000001,0.29415,0.5076499999999999,0.30035,0.5017499999999999,0.2449,0.12075,0.2679,0.48245,0.2268,0.7881,0.2888,0.1668,0.6678,0.57375,0.32530000000000003
2025-02-16,0.2045,0.5841,0.4157,0.3099,0.5633,0.3984,0.2543,0.2493,0.3146,0.315,0.5118,0.3721,0.387,0.3371,0.2592,0.2902,0.1869,0.3419,0.2328,0.2919,0.335,0.4254,0.2247,0.2823,0.3217,0.2321,0.2988,0.3477,0.487,0.2975,0.5739,0.3302,0.2737,0.3085,0.6241,0.6301,0.6906,0.3473,0.5538,0.5212,0.436,0.3752,0.3561,0.6263,0.2927,0.4995,0.2903,0.3066,0.3015,0.25756666666666667,0.2368,0.1825,0.2791,0.1915,0.5202,0.2522,0.2855,0.3153,0.2334,0.2068,0.21503333333333333,0.2025,0.5159,0.2325,0.5953,0.3922,0.2062,0.5195,0.1921,0.3225,0.2917,0.2366,0.2176,0.1979,0.2303,0.1932,0.2876,0.2873,0.2834,0.484,0.5294,0.2279,0.2336,0.3037,0.3449,0.2136,0.2881,0.6438,0.5842,0.376,0.4284,0.4253,0.2743,0.2673,0.1645,0.2837,0.2959,0.2505,0.5173,0.3482,0.4251,0.271,0.2407,0.2564,0.2822,0.3101,0.1923,0.2506,0.6028,0.1875,0.2382,0.207,0.3272,0.2622,0.6736,0.2489,0.4612,0.1738,0.2666,0.2703,0.5452,0.541,0.3835,0.2,0.3153,0.545,0.2795,0.3035,0.5684,0.2926,0.3671,0.6115,0.6353,0.2783,0.2404,0.3091,0.5255,0.2462,0.5571,0.3132,0.5152,0.3157,0.5397,0.21,0.1285,0.2693,0.5171,0.2715,0.774,0.2905,0.1718,0.6651,0.6519,0.3307
2025-02-21,0.1305,0.5249,0.4852,0.2392,0.49,0.3009,0.2012,0.166,0.2817,0.2682,0.4801,0.3461,0.3633,0.3368,0.2029,0.2472,0.1315,0.2431,0.1315,0.2437,0.2809,0.3323,0.1852,0.2196,0.2829,0.1163,0.2621,0.2814,0.3975,0.2023,0.5847,0.2667,0.223,0.2749,0.3776,0.6009,0.7321,0.1419,0.5251,0.4724,0.4376,0.4301,0.2986,0.5924,0.1188,0.4749,0.2431,0.2502,0.2637,0.2422,0.1492,0.1042,0.1041,0.1166,0.4477,0.1686,0.2425,0.2282,0.1281,0.1258,0.2023,0.1692,0.4515,0.1543,0.5778,0.3445,0.1322,0.5173,0.1078,0.326,0.2604,0.1341,0.2333,0.1049,0.136,0.0955,0.1312,0.3033,0.2092,0.5656,0.5612,0.1458,0.1467,0.2695,0.3509,0.1531,0.1431,0.6388,0.5274,0.3576,0.4124,0.4423,0.2054,0.2426,0.1261,0.2533,0.2476,0.1566,0.4443,0.3347,0.4364,0.2257,0.2095,0.16,0.2466,0.2664,0.1203,0.1865,0.5328,0.1423,0.1761,0.1379,0.2087,0.2086,0.5795,0.1403,0.4684,0.1293,0.2126,0.2114,0.5753,0.5681,0.431,0.1628,0.269,0.4725,0.1829,0.2519,0.5612,0.1997,0.3039,0.5521,0.6745,0.1901,0.1647,0.2466,0.5723,0.1641,0.5701,0.25,0.5001,0.2615,0.457,0.1588,0.0893,0.2195,0.4312,0.1638,0.7527,0.2478,0.1269,0.6293,0.5611,0.2754
2025-02-26,0.1483,0.55105,0.5385,0.31275,0.59765,0.4062,0.22475,0.1943,0.34504999999999997,0.32475,0.5858,0.44105000000000005,0.49965000000000004,0.4281,0.24014999999999997,0.29345,0.15555000000000002,0.30275,0.15485,0.26575,0.32155,0.45245,0.2044,0.2587,0.33835,0.13725,0.3089,0.361,0.49640000000000006,0.23659999999999998,0.62625,0.29935,0.25135,0.31045,0.40659999999999996,0.67055,0.78885,0.16475,0.5705,0.5144,0.5165500000000001,0.5264,0.37234999999999996,0.6547499999999999,0.13755,0.5161,0.2663,0.27735,0.29305000000000003,0.2752,0.18795,0.12535,0.12355,0.1472,0.57045,0.21234999999999998,0.26155,0.26439999999999997,0.15105,0.14855000000000002,0.2229,0.20234999999999997,0.5125500000000001,0.18145,0.6670499999999999,0.39159999999999995,0.1596,0.60795,0.129,0.43635,0.2866,0.16255,0.303,0.122,0.1578,0.11125,0.1552,0.4163,0.22535,0.6735,0.6015,0.17385,0.16875,0.29255,0.47325,0.1716,0.16825,0.71255,0.61025,0.48795,0.5371,0.55695,0.2298,0.2663,0.14200000000000002,0.27845,0.2829,0.1822,0.56775,0.39335,0.55215,0.252,0.2333,0.18705000000000002,0.27225,0.2982,0.1429,0.2311,0.61365,0.16355,0.20850000000000002,0.15544999999999998,0.2526,0.25275000000000003,0.6385000000000001,0.16990000000000002,0.58475,0.1432,0.23325,0.25775,0.6674500000000001,0.661,0.53505,0.17435,0.31215000000000004,0.5293,0.2385,0.2771,0.60185,0.2535,0.4041,0.6413,0.7479,0.24025,0.19615,0.27175,0.62275,0.1855,0.6614500000000001,0.30710000000000004,0.5843,0.33165,0.5498,0.18185,0.10725000000000001,0.24095,0.529,0.17975000000000002,0.8104,0.27094999999999997,0.13375,0.6862999999999999,0.66995,0.30584999999999996
2025-03-03,0.1661,0.5772,0.5918,0.3863,0.7053,0.5115,0.2483,0.2226,0.4084,0.3813,0.6915,0.536,0.636,0.5194,0.2774,0.3397,0.1796,0.3624,0.1782,0.2878,0.3622,0.5726,0.2236,0.2978,0.3938,0.1582,0.3557,0.4406,0.5953,0.2709,0.6678,0.332,0.2797,0.346,0.4356,0.7402,0.8456,0.1876,0.6159,0.5564,0.5955,0.6227,0.4461,0.7171,0.1563,0.5573,0.2895,0.3045,0.3224,0.3082,0.2267,0.1465,0.143,0.1778,0.6932,0.2561,0.2806,0.3006,0.174,0.1713,0.2435,0.2355,0.5736,0.2086,0.7563,0.4387,0.187,0.6986,0.1502,0.5467,0.3128,0.191,0.3727,0.1391,0.1796,0.127,0.1792,0.5293,0.2415,0.7814,0.6418,0.2019,0.1908,0.3156,0.5956,0.1901,0.1934,0.7863,0.6931,0.6183,0.6618,0.6716,0.2542,0.29,0.1579,0.3036,0.3182,0.2078,0.6912,0.452,0.6679,0.2783,0.2571,0.2141,0.2979,0.33,0.1655,0.2757,0.6945,0.1848,0.2409,0.173,0.2965,0.2969,0.6975,0.1995,0.7011,0.1571,0.2539,0.3041,0.7596,0.7539,0.6391,0.1859,0.3553,0.5861,0.2941,0.3023,0.6425,0.3073,0.5043,0.7305,0.8213,0.2904,0.2276,0.2969,0.6732,0.2069,0.7528,0.3642,0.6685,0.4018,0.6426,0.2049,0.1252,0.2624,0.6268,0.1957,0.8681,0.2941,0.1406,0.7433,0.7788,0.3363
2025-03-08,0.22460000000000002,0.6396,0.609,0.43715,0.72645,0.5484,0.25934999999999997,0.29685,0.420575,0.47645,0.7072499999999999,0.552265625,0.67305,0.6164499999999999,0.29725,0.349125,0.2525,0.43200000000000005,0.2082,0.294175,0.4309,0.65915,0.2271,0.3256,0.405825,0.193475,0.3681,0.48265,0.6036,0.29684999999999995,0.6404,0.5174,0.2942,0.329175,0.42505,0.74615,0.7591,0.29125,0.5930500000000001,0.5749500000000001,0.64175,0.6789499999999999,0.46755,0.7121,0.26225,0.5378000000000001,0.279475,0.29405000000000003,0.3084,0.3298,0.259025,0.17155,0.1789,0.2208,0.70935,0.3015,0.2811,0.30389999999999995,0.18745,0.18830000000000002,0.2498,0.24219999999999997,0.56955,0.22107500000000002,0.79245,0.4148,0.205625,0.7021,0.1655,0.604,0.32555,0.205225,0.27895,0.18355,0.19387500000000002,0.1558,0.2167,0.58435,0.3417,0.7910999999999999,0.5829500000000001,0.221025,0.2151,0.29145,0.658175,0.1929,0.199025,0.807275,0.7378750000000001,0.6756249999999999,0.6915500000000001,0.7265999999999999,0.33585,0.25125,0.15945,0.3194,0.33042499999999997,0.2189,0.7178,0.5179,0.72065,0.2818,0.2027,0.236525,0.3013,0.34335000000000004,0.176575,0.26635,0.7368250000000001,0.2108,0.245525,0.19374999999999998,0.33045,0.3274,0.7202,0.2054,0.71225,0.0318,0.25485,0.44315000000000004,0.7695000000000001,0.7543,0.690525,0.1865,0.3873,0.6012,0.335325,0.2931,0.6450499999999999,0.35075,0.55385,0.7627250000000001,0.81705,0.3318,0.24175,0.27665,0.66835,0.219675,0.7779,0.44565,0.6986,0.4634,0.6928,0.21975,0.127675,0.26205,0.678175,0.30765,0.85295,0.2752,0.154,0.77545,0.8033250000000001,0.33394999999999997
2025-03-13,0.2831,0.702,0.6262,0.488,0.7476,0.5853,0.2704,0.3711,0.43274999999999997,0.5716,0.723,0.56853125,0.7101,0.7135,0.3171,0.35855000000000004,0.3254,0.5016,0.2382,0.30055,0.4996,0.7457,0.2306,0.3534,0.41785,0.22875,0.3805,0.5247,0.6119,0.3228,0.613,0.7028,0.3087,0.31235,0.4145,0.7521,0.6726,0.3949,0.5702,0.5935,0.688,0.7352,0.489,0.7071,0.3682,0.5183,0.26944999999999997,0.2836,0.2944,0.3514,0.29135,0.1966,0.2148,0.2638,0.7255,0.3469,0.2816,0.3072,0.2009,0.2053,0.2561,0.24889999999999998,0.5655,0.23355,0.8286,0.3909,0.22425,0.7056,0.18080000000000002,0.6613,0.33830000000000005,0.21945,0.1852,0.228,0.20815,0.18460000000000001,0.2542,0.6394000000000001,0.4419,0.8008,0.5241,0.24014999999999997,0.2394,0.2673,0.72075,0.19569999999999999,0.20465,0.8282499999999999,0.7826500000000001,0.73295,0.7213,0.7816,0.4175,0.2125,0.161,0.3352,0.34265,0.22999999999999998,0.7444,0.5838,0.7734,0.2853,0.1483,0.25895,0.30469999999999997,0.3567,0.18764999999999998,0.257,0.77915,0.2368,0.25015,0.2145,0.3644,0.3579,0.7429,0.2113,0.7234,0.1658,0.2558,0.5822,0.7794,0.7547,0.74195,0.1871,0.4193,0.6163,0.37655,0.2839,0.6476,0.3942,0.6034,0.79495,0.8128,0.3732,0.2559,0.2564,0.6635,0.23245000000000002,0.803,0.5271,0.7287,0.525,0.743,0.2346,0.13015,0.26170000000000004,0.72955,0.4196,0.8378,0.2563,0.1674,0.8076,0.82785,0.3316
2025-03-15,0.2761,0.70656,0.6234,0.50996,0.7560600000000001,0.61184,0.27259999999999995,0.3636,0.43762,0.46968,0.7293,0.5750375,0.72492,0.72034,0.32088,0.36232000000000003,0.31236,0.48342,0.2397,0.30310000000000004,0.42747999999999997,0.70446,0.2256,0.36286,0.42266,0.24286000000000002,0.38546,0.55156,0.6434,0.3347,0.61758,0.62268,0.30479999999999996,0.30562,0.41103999999999996,0.7654799999999999,0.638,0.36556,0.5640000000000001,0.58206,0.7117399999999999,0.753,0.49758,0.7209599999999999,0.32608000000000004,0.52044,0.26544,0.28218000000000004,0.2888,0.35342,0.30428,0.20104,0.20276,0.28974,0.73196,0.36506,0.2818,0.31017999999999996,0.19972,0.20642000000000002,0.25402,0.25157999999999997,0.56894,0.23854,0.84306,0.41086,0.23170000000000002,0.72084,0.18692,0.68572,0.34340000000000004,0.22514,0.25324,0.2135,0.21386,0.19612000000000002,0.2692,0.66142,0.41202,0.8164399999999999,0.53588,0.2478,0.24318,0.27102,0.74578,0.19682,0.2069,0.8366399999999999,0.80056,0.75588,0.7568400000000001,0.8036,0.38504,0.20684,0.16162,0.3323,0.34753999999999996,0.23443999999999998,0.7648199999999999,0.56054,0.7945,0.2895,0.14944,0.26792,0.30606,0.36026,0.19208,0.27184,0.79608,0.2472,0.252,0.20904,0.3749,0.37488,0.75198,0.21366,0.744,0.16078,0.25618,0.5429,0.78856,0.76668,0.76252,0.18344,0.43814,0.62234,0.39304,0.27198,0.65954,0.41158000000000006,0.6206400000000001,0.80784,0.8295199999999999,0.38976,0.26156,0.25120000000000003,0.67462,0.23756,0.82182,0.52556,0.7461,0.54632,0.76308,0.24053999999999998,0.13114,0.26156,0.7501,0.38927999999999996,0.85254,0.24874,0.17276000000000002,0.8123,0.8376600000000001,0.31322
2025-03-18,0.2656,0.7134,0.6192,0.5428999999999999,0.76875,0.6516500000000001,0.2759,0.35235,0.444925,0.3168,0.73875,0.584796875,0.74715,0.7306,0.32655,0.367975,0.2928,0.45615000000000006,0.24195,0.306925,0.3193,0.6426,0.21810000000000002,0.37705,0.429875,0.264025,0.3929,0.59185,0.69065,0.35255,0.62445,0.5025,0.29895,0.295525,0.40585,0.78555,0.5861000000000001,0.32155,0.5547,0.5649,0.74735,0.7797000000000001,0.5104500000000001,0.7417499999999999,0.2629,0.52365,0.259425,0.28005,0.28040000000000004,0.35645,0.323675,0.2077,0.18469999999999998,0.32865,0.74165,0.3923,0.2821,0.31465,0.19795000000000001,0.2081,0.2509,0.2556,0.5741,0.246025,0.86475,0.4408,0.242875,0.7437,0.1961,0.72235,0.35105000000000003,0.23367500000000002,0.35529999999999995,0.19175,0.22242499999999998,0.2134,0.2917,0.69445,0.36719999999999997,0.8399,0.55355,0.259275,0.24885,0.27659999999999996,0.783325,0.1985,0.210275,0.849225,0.827425,0.7902750000000001,0.81015,0.8366,0.33635,0.19835,0.16255,0.32794999999999996,0.354875,0.24109999999999998,0.79545,0.52565,0.82615,0.2958,0.15115,0.28137500000000004,0.3081,0.36560000000000004,0.19872499999999998,0.29410000000000003,0.821475,0.2628,0.25477500000000003,0.20085,0.39065,0.40035,0.7656000000000001,0.2172,0.7749,0.15325,0.25675,0.48395,0.8023,0.7846500000000001,0.7933749999999999,0.17795,0.4664,0.6314,0.417775,0.2541,0.67745,0.43765000000000004,0.6465000000000001,0.827175,0.8546,0.4146,0.27005,0.2434,0.6913,0.245225,0.85005,0.52325,0.7722,0.5783,0.7932,0.24944999999999998,0.132625,0.26135,0.7809250000000001,0.3438,0.8746499999999999,0.2374,0.18080000000000002,0.81935,0.852375,0.28565
2025-03-23,0.2481,0.7248,0.6122,0.5978,0.7899,0.718,0.2814,0.3336,0.4571,0.4648,0.7545,0.6010625,0.7842,0.7477,0.336,0.3774,0.2602,0.4107,0.2457,0.3133,0.4888,0.7255,0.2056,0.4007,0.4419,0.2993,0.4053,0.659,0.7694,0.3823,0.6359,0.3022,0.2892,0.2787,0.3972,0.819,0.4996,0.2482,0.5392,0.5363,0.8067,0.8242,0.5319,0.7764,0.1576,0.529,0.2494,0.2765,0.2664,0.3615,0.356,0.2188,0.1546,0.3935,0.7578,0.4377,0.2826,0.3221,0.195,0.2109,0.2457,0.2623,0.5827,0.2585,0.9009,0.4907,0.2615,0.7818,0.2114,0.7834,0.3638,0.2479,0.5254,0.1555,0.2367,0.12,0.3292,0.7495,0.2925,0.879,0.583,0.2784,0.2583,0.2859,0.8459,0.2013,0.2159,0.8702,0.8722,0.8476,0.899,0.8916,0.2552,0.1842,0.1641,0.3207,0.3671,0.2522,0.8465,0.4675,0.8789,0.3063,0.154,0.3038,0.3115,0.3745,0.2098,0.3312,0.8638,0.2888,0.2594,0.1872,0.4169,0.4428,0.7883,0.2231,0.8264,0.1407,0.2577,0.3857,0.8252,0.8146,0.8448,0.1688,0.5135,0.6465,0.459,0.2243,0.7073,0.4811,0.6896,0.8594,0.8964,0.456,0.2842,0.2304,0.7191,0.258,0.8971,0.5194,0.8157,0.6316,0.8434,0.2643,0.1351,0.261,0.8323,0.268,0.9115,0.2185,0.1942,0.8311,0.8769,0.2397
2025-03-25,0.24573333333333333,0.7346166666666667,0.6216833333333334,0.5974333333333334,0.7859166666666667,0.7165666666666667,0.2661,0.32898333333333335,0.4502,0.46213333333333334,0.7489333333333332,0.60756875,0.7836166666666666,0.74195,0.32761666666666667,0.3665666666666667,0.25584999999999997,0.4113833333333333,0.23703333333333335,0.2912,0.4788,0.72565,0.1958,0.3903,0.4335833333333333,0.2758666666666667,0.3963333333333333,0.3202,0.7753333333333333,0.3950333333333333,0.6292833333333333,0.29545,0.28185,0.2737,0.3978,0.8171666666666666,0.465,0.24511666666666668,0.5329833333333334,0.529,0.81235,0.8272166666666667,0.5295500000000001,0.7791333333333333,0.157,0.5185000000000001,0.24428333333333335,0.26120000000000004,0.2576333333333334,0.34196666666666664,0.33625,0.20831666666666665,0.15048333333333333,0.40828333333333333,0.7733166666666667,0.43846666666666667,0.2751166666666667,0.31903333333333334,0.1889,0.19955,0.23741666666666666,0.26006666666666667,0.57565,0.24735000000000001,0.90095,0.48741666666666666,0.24795,0.7743500000000001,0.1899,0.7857999999999999,0.3018,0.1555,0.3489,0.1489,0.2033,0.1032,0.3043,0.7502500000000001,0.275,0.6094,0.4404,0.2162,0.2002,0.2553,0.4029,0.2241,0.2268,0.7674,0.6475,0.522,0.7222,0.6863,0.1684,0.1928,0.15928333333333333,0.2522,0.4152,0.2793,0.625,0.3512,0.581,0.2398,0.0872,0.1892,0.2894,0.36816666666666664,0.19949999999999998,0.4544,0.6166,0.2788,0.2544166666666667,0.1577,0.2714,0.43923333333333336,0.5195,0.35,0.7936,0.1381,0.25355,0.38655,0.8329,0.8230166666666666,0.648,0.16783333333333333,0.5072,0.46,0.4636166666666667,0.21988333333333332,0.7095833333333333,0.2722,0.6963333333333334,0.4679,0.7639,0.137,0.1745,0.22541666666666665,0.7230166666666666,0.1709,0.8961333333333333,0.5194833333333333,0.8129166666666666,0.6436000000000001,0.261,0.2622,0.12775,0.25533333333333336,0.3642,0.2646,0.4037,0.21498333333333333,0.2323,0.8261499999999999,0.8753833333333334,0.23666666666666666
2025-03-28,0.24218333333333333,0.7493416666666667,0.6359083333333333,0.5968833333333333,0.7799416666666668,0.7144166666666667,0.24314999999999998,0.32205833333333334,0.43985,0.45813333333333334,0.7405833333333333,0.617328125,0.7827416666666667,0.733325,0.31504166666666666,0.35031666666666667,0.249325,0.4124083333333333,0.22403333333333333,0.25805,0.4638,0.725875,0.1811,0.3747,0.42110833333333336,0.24071666666666666,0.3828833333333333,0.42166,0.7842333333333333,0.4141333333333333,0.6193583333333333,0.285325,0.27082500000000004,0.2662,0.3987,0.8144166666666667,0.5906100000000001,0.24049166666666666,0.5236583333333333,0.51805,0.820825,0.8317416666666667,0.5260250000000001,0.7832333333333333,0.1561,0.50275,0.23660833333333334,0.23825000000000002,0.24448333333333333,0.31266666666666665,0.306625,0.19259166666666666,0.14430833333333332,0.43045833333333333,0.7965916666666667,0.43961666666666666,0.2638916666666667,0.31443333333333334,0.17975000000000002,0.182525,0.22499166666666667,0.25671666666666665,0.565075,0.230625,0.901025,0.48249166666666665,0.227625,0.763175,0.17928,0.7894,0.3165,0.16870000000000002,0.40362,0.139,0.1943,0.10458,0.26695,0.751375,0.26537,0.6871,0.44109,0.20912,0.21594999999999998,0.24915,0.54033,0.20328,0.20448,0.79479,0.71602,0.62685,0.77545,0.75197,0.18772,0.18767,0.15205833333333332,0.2651,0.39012,0.25539,0.68566,0.37982,0.6752,0.24181,0.10189999999999999,0.21101,0.27791,0.3586666666666667,0.18405,0.40625,0.69337,0.27754,0.24694166666666667,0.152,0.30515,0.43388333333333334,0.52448,0.2981,0.81034,0.13419999999999999,0.247325,0.387825,0.84445,0.8356416666666666,0.70338,0.16638333333333333,0.49774999999999997,0.52174,0.4705416666666667,0.21325833333333333,0.7130083333333334,0.36445,0.7064333333333334,0.5794699999999999,0.79948,0.2579,0.20662999999999998,0.21794166666666667,0.7288916666666667,0.19241,0.8946833333333333,0.5196083333333333,0.8087416666666667,0.6616000000000001,0.43194,0.25905,0.116725,0.24683333333333335,0.5019,0.2595,0.55283,0.20970833333333333,0.20032,0.8187249999999999,0.8731083333333334,0.23211666666666667
2025-04-02,0.23626666666666665,0.7738833333333333,0.6596166666666667,0.5959666666666666,0.7699833333333334,0.7108333333333333,0.20489999999999997,0.31051666666666666,0.42260000000000003,0.4514666666666666,0.7266666666666666,0.63359375,0.7812833333333333,0.71895,0.29408333333333336,0.3232333333333334,0.23845,0.4141166666666667,0.20236666666666667,0.20279999999999998,0.4388,0.7262500000000001,0.15660000000000002,0.3487,0.40031666666666665,0.1821333333333333,0.36046666666666666,0.59076,0.7990666666666667,0.4459666666666667,0.6028166666666667,0.26844999999999997,0.25245,0.2537,0.4002,0.8098333333333334,0.79996,0.23278333333333331,0.5081166666666667,0.4998,0.83495,0.8392833333333334,0.52015,0.7900666666666666,0.1546,0.47650000000000003,0.22381666666666666,0.2,0.22256666666666666,0.2638333333333333,0.25725,0.16638333333333336,0.13401666666666665,0.4674166666666667,0.8353833333333334,0.44153333333333333,0.24518333333333334,0.3067666666666667,0.1645,0.15415,0.20428333333333334,0.2511333333333333,0.54745,0.20274999999999999,0.90115,0.47428333333333333,0.19374999999999998,0.74455,0.16158,0.7954,0.341,0.1907,0.49482,0.1225,0.17930000000000001,0.10688,0.2047,0.75325,0.24932,0.8166,0.44223999999999997,0.19732,0.24219999999999997,0.2389,0.76938,0.16858,0.16728,0.84044,0.83022,0.8016000000000001,0.8642000000000001,0.8614200000000001,0.21992,0.17912,0.14001666666666665,0.2866,0.34832,0.21554,0.78676,0.42752,0.8322,0.24516,0.12639999999999998,0.24736000000000002,0.25876,0.3428333333333333,0.1583,0.326,0.82132,0.27544,0.23448333333333335,0.1425,0.3614,0.42496666666666666,0.53278,0.21159999999999998,0.83824,0.12769999999999998,0.23695,0.38994999999999996,0.8636999999999999,0.8566833333333334,0.7956799999999999,0.16396666666666668,0.482,0.62464,0.48208333333333336,0.20221666666666666,0.7187166666666667,0.5182,0.7232666666666666,0.76542,0.85878,0.45940000000000003,0.26018,0.20548333333333335,0.7386833333333334,0.22826000000000002,0.8922666666666667,0.5198166666666667,0.8017833333333334,0.6916,0.7168399999999999,0.25379999999999997,0.09834999999999999,0.2326666666666667,0.7314,0.251,0.80138,0.20091666666666666,0.14702,0.80635,0.8693166666666667,0.22453333333333333
2025-04-04,0.2339,0.7837,0.6691,0.5956,0.766,0.7094,0.1896,0.3059,0.4157,0.4488,0.7211,0.6401,0.7807,0.7132,0.2857,0.3124,0.2341,0.4148,0.1937,0.1807,0.4288,0.7264,0.1468,0.3383,0.392,0.1587,0.3515,0.6584,0.805,0.4587,0.5962,0.2617,0.2451,0.2487,0.4008,0.808,0.8837,0.2297,0.5019,0.4925,0.8406,0.8423,0.5178,0.7928,0.154,0.466,0.2187,0.1847,0.2138,0.2443,0.2375,0.1559,0.1299,0.4822,0.8509,0.4423,0.2377,0.3037,0.1584,0.1428,0.196,0.2489,0.5404,0.1916,0.9012,0.471,0.1802,0.7371,0.1545,0.7978,0.3508,0.1995,0.5313,0.1159,0.1733,0.1078,0.1798,0.754,0.2429,0.8684,0.4427,0.1926,0.2527,0.2348,0.861,0.1547,0.1524,0.8587,0.8759,0.8715,0.8997,0.9052,0.2328,0.1757,0.1352,0.2952,0.3316,0.1996,0.8272,0.4466,0.895,0.2465,0.1362,0.2619,0.2511,0.3365,0.148,0.2939,0.8725,0.2746,0.2295,0.1387,0.3839,0.4214,0.5361,0.177,0.8494,0.1251,0.2328,0.3908,0.8714,0.8651,0.8326,0.163,0.4757,0.6658,0.4867,0.1978,0.721,0.5797,0.73,0.8398,0.8825,0.54,0.2816,0.2005,0.7426,0.2426,0.8913,0.5199,0.799,0.7036,0.8308,0.2517,0.091,0.227,0.8232,0.2476,0.9008,0.1974,0.1257,0.8014,0.8678,0.2215
2025-04-07,0.2111,0.6333,0.65635,0.6507,0.4958,0.7126625,0.4129,0.2682125,0.3303,0.39465,0.700175,0.4838,0.5661,0.7055874999999999,0.2607625,0.3053125,0.21415,0.5424,0.183425,0.1796875,0.437875,0.7283125,0.14500000000000002,0.302525,0.3939875,0.2738,0.32881249999999995,0.3941,0.496,0.5010375,0.3575,0.2653375,0.23670000000000002,0.2474625,0.37979999999999997,0.4696,0.551,0.2421875,0.447,0.3943,0.846375,0.84065,0.5146125,0.7640374999999999,0.1559125,0.4718125,0.21678750000000002,0.17795,0.2098625,0.2327875,0.2412875,0.1526375,0.12885,0.5431375,0.4425,0.434125,0.2276125,0.2977,0.15637500000000001,0.13897500000000002,0.188575,0.23292500000000002,0.5408875,0.191525,0.5819,0.477825,0.2244,0.747825,0.1476375,0.804025,0.33340000000000003,0.2043375,0.5377875,0.1108375,0.18035,0.2258,0.2263,0.4261,0.2538875,0.8777375,0.4099625,0.1952625,0.28914999999999996,0.225575,0.861525,0.2926,0.215,0.8598250000000001,0.4024,0.4275,0.9058125,0.9117999999999999,0.2018625,0.1676375,0.13294999999999998,0.272325,0.2919625,0.1973125,0.8338375,0.433775,0.9005500000000001,0.2199125,0.12337499999999998,0.26411250000000003,0.2409,0.2955125,0.143725,0.29157500000000003,0.4888,0.2834125,0.2146875,0.131425,0.3929375,0.3488,0.4631,0.160725,0.8524750000000001,0.1228875,0.2064,0.40928749999999997,0.8745499999999999,0.8677625,0.8320375,0.1532875,0.42275,0.4189,0.5224,0.1821625,0.7228,0.6189625,0.7417,0.8425374999999999,0.885275,0.58545,0.2950625,0.17698750000000002,0.7498,0.2257625,0.533,0.5188875000000001,0.8050375000000001,0.432,0.83995,0.25155,0.079975,0.209675,0.8290125,0.21358749999999999,0.9014,0.184875,0.119925,0.8012875,0.8722625,0.2089375
2025-04-12,0.1731,0.7014,0.6351,0.6453,0.7216,0.7181,0.1656,0.2054,0.3946,0.3044,0.6653,0.629,0.7665,0.6929,0.2192,0.2935,0.1809,0.4206,0.1663,0.178,0.453,0.7315,0.142,0.2429,0.3973,0.1801,0.291,0.6436,0.7919,0.5716,0.6114,0.2714,0.2227,0.2454,0.3448,0.7494,0.8626,0.263,0.3555,0.4793,0.856,0.8379,0.5093,0.7161,0.1591,0.4815,0.2136,0.1667,0.2033,0.2136,0.2476,0.1472,0.1271,0.6447,0.8765,0.4205,0.2108,0.2877,0.153,0.1326,0.1762,0.2063,0.5417,0.1914,0.8968,0.4892,0.1699,0.7657,0.1362,0.8144,0.3044,0.2124,0.5486,0.1024,0.1921,0.0947,0.1723,0.7717,0.2722,0.8933,0.3554,0.1997,0.3499,0.2102,0.8624,0.1447,0.1402,0.8617,0.8492,0.8993,0.916,0.9228,0.1503,0.1542,0.1292,0.2342,0.2259,0.1935,0.8449,0.4124,0.9098,0.1756,0.102,0.2678,0.2239,0.2272,0.1366,0.2877,0.8899,0.2981,0.19,0.1193,0.408,0.2278,0.5363,0.1336,0.8576,0.1192,0.1624,0.4401,0.8798,0.8722,0.8311,0.1371,0.3345,0.6408,0.5819,0.1561,0.7258,0.6844,0.7612,0.8471,0.8899,0.6612,0.3175,0.1378,0.7618,0.1977,0.889,0.5172,0.8151,0.7319,0.8552,0.2513,0.0616,0.1808,0.8387,0.1569,0.9024,0.164,0.1103,0.8011,0.8797,0.188
2025-04-14,0.19261999999999999,0.71496,0.6353,0.68674,0.73088,0.75102,0.16612,0.23132,0.42952,0.30164,0.67442,0.66656,0.78198,0.6924199999999999,0.24412,0.32694,0.19674,0.44404,0.19654,0.19047999999999998,0.47052,0.75334,0.1462,0.26454,0.41381999999999997,0.17982,0.34868,0.66464,0.80586,0.62992,0.6279600000000001,0.28536,0.25806,0.2574,0.35768,0.7200799999999999,0.861,0.3068,0.3645,0.52106,0.8539599999999999,0.83862,0.53074,0.71822,0.18617999999999998,0.50362,0.22612000000000002,0.18461999999999998,0.2195,0.21084,0.29963999999999996,0.17715999999999998,0.1467,0.70258,0.87502,0.39498,0.22208,0.34106,0.17664,0.1536,0.18512,0.21066000000000001,0.58214,0.23407999999999998,0.88724,0.53796,0.19178,0.7781800000000001,0.16932,0.81704,0.35428,0.26448,0.55208,0.12380000000000001,0.23126,0.10194,0.18646000000000001,0.78722,0.28652,0.88486,0.39599999999999996,0.2385,0.41662,0.22104000000000001,0.85984,0.15734,0.16576,0.85918,0.8404,0.89386,0.90732,0.9101199999999999,0.16641999999999998,0.16588,0.14692,0.23252,0.23285999999999998,0.22726,0.83646,0.4518,0.90008,0.19172,0.11952,0.32612,0.25134,0.24432,0.15692,0.31214000000000003,0.8786200000000001,0.36497999999999997,0.23268,0.13722,0.4632,0.23348,0.58294,0.15188,0.85016,0.13024,0.17268,0.5101,0.8732800000000001,0.86752,0.83354,0.15558,0.37270000000000003,0.66588,0.6302599999999999,0.18042,0.7338,0.71644,0.76484,0.84014,0.87762,0.70096,0.38674,0.16984,0.7766,0.22657999999999998,0.87756,0.55268,0.81902,0.74242,0.85112,0.28582,0.08535999999999999,0.2084,0.83882,0.20126,0.88684,0.22552,0.14322,0.79522,0.87538,0.21232
2025-04-17,0.2219,0.7353,0.6356,0.7489,0.7448,0.8004,0.1669,0.2702,0.4819,0.2975,0.6881,0.7229,0.8052,0.6917,0.2815,0.3771,0.2205,0.4792,0.2419,0.2092,0.4968,0.7861,0.1525,0.297,0.4386,0.1794,0.4352,0.6962,0.8268,0.7174,0.6528,0.3063,0.3111,0.2754,0.377,0.6761,0.8586,0.3725,0.378,0.5837,0.8509,0.8397,0.5629,0.7214,0.2268,0.5368,0.2449,0.2115,0.2438,0.2067,0.3777,0.2221,0.1761,0.7894,0.8728,0.3567,0.239,0.4211,0.2121,0.1851,0.1985,0.2172,0.6428,0.2981,0.8729,0.6111,0.2246,0.7969,0.219,0.821,0.4291,0.3426,0.5573,0.1559,0.29,0.1128,0.2077,0.8105,0.308,0.8722,0.4569,0.2967,0.5167,0.2373,0.856,0.1763,0.2041,0.8554,0.8272,0.8857,0.8943,0.8911,0.1906,0.1834,0.1735,0.23,0.2433,0.2779,0.8238,0.5109,0.8855,0.2159,0.1458,0.4136,0.2925,0.27,0.1874,0.3488,0.8617,0.4653,0.2967,0.1641,0.546,0.242,0.6529,0.1793,0.839,0.1468,0.1881,0.6151,0.8635,0.8605,0.8372,0.1833,0.43,0.7035,0.7028,0.2169,0.7458,0.7645,0.7703,0.8297,0.8592,0.7606,0.4906,0.2179,0.7988,0.2699,0.8604,0.6059,0.8249,0.7582,0.845,0.3376,0.121,0.2498,0.839,0.2678,0.8635,0.3178,0.1926,0.7864,0.8689,0.2488
2025-04-22,0.2241,0.7565,0.6406,0.7171,0.7341,0.8057,0.1746,0.2547,0.4323,0.287,0.6683,0.7212,0.7868,0.6786,0.1971,0.3352,0.198,0.4913,0.1911,0.1991,0.5073,0.7961,0.142,0.208,0.4148,0.1563,0.3988,0.6679,0.8345,0.7726,0.5619,0.3124,0.2684,0.2794,0.3863,0.6153,0.8595,0.3312,0.4044,0.6201,0.8614,0.8433,0.5398,0.7591,0.1987,0.56,0.2477,0.2035,0.2391,0.1967,0.3159,0.1833,0.1549,0.8347,0.8791,0.2187,0.2466,0.429,0.1793,0.1481,0.1777,0.1938,0.6555,0.2685,0.8758,0.6221,0.1821,0.8108,0.1815,0.8155,0.4448,0.3283,0.498,0.1302,0.3356,0.1069,0.1789,0.8254,0.27,0.8863,0.4145,0.2705,0.5503,0.2153,0.8644,0.1587,0.1769,0.8612,0.8339,0.901,0.9136,0.9068,0.1899,0.1715,0.1505,0.231,0.2455,0.27,0.8218,0.4992,0.8955,0.2118,0.1462,0.3533,0.2641,0.2735,0.1723,0.324,0.8678,0.4399,0.2785,0.1468,0.5012,0.2207,0.7482,0.1465,0.8413,0.1427,0.189,0.6073,0.8661,0.8665,0.8318,0.1581,0.3354,0.7091,0.7047,0.1944,0.7577,0.7851,0.7285,0.817,0.8548,0.7961,0.4908,0.1867,0.8017,0.2276,0.866,0.5344,0.8186,0.6973,0.8542,0.2851,0.104,0.1927,0.8444,0.1934,0.8694,0.1951,0.1613,0.7855,0.887,0.2125
2025-04-24,0.1833,0.7902,0.6795,0.7241,0.7386,0.8435,0.1241,0.2243,0.4072,0.2509,0.6474,0.7429,0.7778,0.681,0.1348,0.4157,0.1674,0.4886,0.1709,0.1788,0.5103,0.8142,0.0947,0.1145,0.3635,0.1261,0.3617,0.681,0.8628,0.8067,0.5109,0.2868,0.2446,0.2574,0.3897,0.6457,0.8684,0.3341,0.3756,0.6354,0.8829,0.8613,0.5354,0.789,0.1879,0.4855,0.2265,0.1772,0.2231,0.1492,0.299,0.1561,0.1425,0.8612,0.8975,0.1817,0.2155,0.3847,0.1711,0.1351,0.1523,0.1623,0.663,0.2853,0.8806,0.6238,0.1597,0.7961,0.1812,0.8129,0.3558,0.3361,0.6145,0.1224,0.3968,0.0776,0.1539,0.8466,0.2352,0.8871,0.3817,0.2862,0.6017,0.2188,0.8784,0.1241,0.1499,0.7567,0.8577,0.9165,0.9188,0.9176,0.163,0.1404,0.119,0.1979,0.2135,0.1781,0.8338,0.46,0.8398,0.1862,0.1032,0.1757,0.2403,0.2422,0.145,0.3072,0.8799,0.3741,0.2461,0.1108,0.5111,0.1871,0.7924,0.1073,0.8633,0.1468,0.1488,0.6353,0.8916,0.8886,0.8634,0.1674,0.3184,0.7322,0.7271,0.1437,0.7704,0.805,0.7211,0.8438,0.8727,0.8256,0.5211,0.1446,0.8134,0.1825,0.8735,0.5747,0.8418,0.6622,0.8164,0.2502,0.075,0.1678,0.8694,0.1729,0.8777,0.1486,0.1356,0.7878,0.9089,0.1751
2025-04-27,0.2235,0.8022,0.5193,0.7275499999999999,0.7244625,0.841175,0.122075,0.3009,0.40318750000000003,0.2204875,0.627225,0.7521625,0.7800875,0.645,0.1289125,0.3695375,0.1577625,0.456,0.3258,0.1688625,0.513225,0.8115375,0.09125000000000001,0.1090625,0.3575375,0.12617499999999998,0.3542375,0.6697875,0.8655,0.6981,0.337,0.28252499999999997,0.2457625,0.25503750000000003,0.3719625,0.6638,0.8570374999999999,0.3296,0.2918,0.6492,0.7109,0.7616,0.5118875,0.8054625,0.1580125,0.4559,0.1734,0.1967,0.2139,0.1545,0.2831,0.1657,0.1657,0.7729,0.8956624999999999,0.1741625,0.2261,0.3628,0.2024,0.1737,0.1512,0.1982,0.6621,0.3233,0.5477,0.5603,0.1836,0.7729,0.1658,0.7501,0.4361,0.38,0.4044,0.1336,0.4623,0.1484,0.1888,0.6251,0.22769999999999999,0.8965875,0.37603749999999997,0.3227,0.5549,0.2768,0.5501,0.1658,0.1966,0.8085,0.5993,0.7103,0.8329,0.6372,0.1591,0.1817,0.1922,0.1935,0.2292,0.1887,0.5131,0.4269,0.8013,0.2185,0.1315,0.1946,0.2514,0.2543,0.179,0.4953,0.701,0.5529,0.2185,0.1602,0.4978,0.1824875,0.7036,0.4591,0.6194,0.1360375,0.2516,0.4517,0.6676,0.804,0.8643,0.1626375,0.30238750000000003,0.6454,0.5707,0.2264,0.7744875,0.759,0.636,0.7599,0.7805,0.5403,0.4094,0.2084,0.81655,0.2251,0.8067,0.4318,0.8035,0.6259,0.7072,0.2078625,0.0922,0.2226,0.8735999999999999,0.2179,0.819,0.197,0.2055,0.761,0.7371,0.1868
2025-05-02,0.1522,0.8222,0.7598,0.7333,0.7009,0.8373,0.1187,0.1665,0.3965,0.1698,0.5936,0.7676,0.7839,0.6625,0.1191,0.2926,0.1417,0.4921,0.1398,0.1523,0.5181,0.8071,0.0855,0.1,0.3476,0.1263,0.3418,0.6511,0.87,0.8513,0.5762,0.2754,0.2477,0.2511,0.3424,0.8042,0.8381,0.1468,0.3726,0.6722,0.8726,0.8607,0.4727,0.8329,0.1082,0.3853,0.2,0.1733,0.2033,0.1281,0.1896,0.1238,0.1131,0.8916,0.8926,0.1616,0.2065,0.3843,0.1413,0.1354,0.1356,0.1759,0.6986,0.1904,0.8618,0.6216,0.1637,0.8512,0.1961,0.7982,0.1841,0.4221,0.4721,0.1149,0.6335,0.0851,0.1773,0.8376,0.2152,0.9124,0.3666,0.4097,0.6966,0.1764,0.8654,0.1174,0.1888,0.8788,0.8597,0.9107,0.9281,0.8997,0.1593,0.1345,0.1505,0.1747,0.2141,0.1554,0.8154,0.4524,0.902,0.1783,0.1,0.1301,0.2443,0.2342,0.1634,0.2997,0.8476,0.3817,0.2521,0.1046,0.1961,0.1748,0.7911,0.1264,0.8534,0.1181,0.1431,0.7,0.8891,0.8775,0.8658,0.1547,0.2757,0.751,0.7775,0.14,0.7813,0.8361,0.7432,0.8394,0.857,0.8584,0.6285,0.1216,0.8218,0.1414,0.8768,0.6802,0.8393,0.6673,0.8738,0.1373,0.0724,0.1495,0.8806,0.1475,0.8597,0.1421,0.1619,0.7592,0.9035,0.1367
2025-05-04,0.18072,0.82536,0.59168,0.7459199999999999,0.5709,0.6804,0.1172,0.16608,0.3404,0.174,0.5837600000000001,0.6756,0.6872,0.6557,0.12282,0.30934,0.14202,0.49391999999999997,0.1355,0.15997999999999998,0.52084,0.80898,0.08734,0.1039,0.35098,0.1451,0.34815999999999997,0.6492,0.8591,0.85636,0.56798,0.26505999999999996,0.25194,0.23922,0.33927999999999997,0.8046800000000001,0.7591,0.14814000000000002,0.38045999999999996,0.6756,0.8681,0.85212,0.46034,0.83462,0.10788,0.38966,0.19584000000000001,0.17252,0.20144,0.12678,0.18458,0.12278,0.11218,0.89076,0.88642,0.16088,0.20401999999999998,0.38877999999999996,0.13778,0.14314,0.13638,0.18112,0.69954,0.18972,0.822,0.62838,0.1889,0.8408399999999999,0.20494,0.79244,0.18372000000000002,0.46624,0.47074,0.11564,0.5715399999999999,0.0963,0.19581666666666667,0.8362666666666667,0.21404,0.8998,0.37234,0.37778,0.64464,0.20162,0.84846,0.11768,0.20107999999999998,0.86188,0.8207,0.90408,0.9214600000000001,0.89098,0.15608,0.13494,0.1752,0.17356,0.22226,0.15618,0.80894,0.46254,0.8959400000000001,0.17354,0.10028000000000001,0.13196,0.2496,0.24042,0.17912,0.31844,0.8227,0.41272,0.26808,0.10588,0.18684,0.17062000000000002,0.7448,0.12942,0.8498600000000001,0.11549999999999999,0.13862,0.7179599999999999,0.88108,0.8606199999999999,0.86336,0.15662,0.27288,0.6619,0.78882,0.13864,0.778,0.8424999999999999,0.74284,0.83662,0.84982,0.86462,0.65626,0.12202,0.82372,0.14185999999999999,0.86742,0.69582,0.8344600000000001,0.69506,0.8716200000000001,0.13664,0.07416,0.14644,0.88014,0.1429,0.84736,0.14234,0.17149999999999999,0.7437199999999999,0.7817,0.13671999999999998
2025-05-07,0.2235,0.8301000000000001,0.3395,0.76485,0.608025,0.740625,0.11495,0.16544999999999999,0.379625,0.16574999999999998,0.569,0.702525,0.7137125,0.6455,0.1284,0.33445,0.14250000000000002,0.49665,0.12905,0.17149999999999999,0.52495,0.8118000000000001,0.09010000000000001,0.10975,0.35605,0.15455000000000002,0.3577,0.64635,0.84275,0.86395,0.55565,0.24955,0.2583,0.22139999999999999,0.3346,0.8054,0.6030249999999999,0.15015,0.39225,0.6807000000000001,0.8613500000000001,0.83925,0.44179999999999997,0.8371999999999999,0.1074,0.3962,0.1896,0.17135,0.19865,0.1248,0.17704999999999999,0.12125,0.11080000000000001,0.8895,0.87715,0.1598,0.20029999999999998,0.39549999999999996,0.1325,0.15475,0.13755,0.18895,0.70095,0.1887,0.6687,0.63855,0.2267,0.8252999999999999,0.2182,0.7838,0.18315,0.53245,0.4687,0.11674999999999999,0.47859999999999997,0.10679999999999999,0.22359166666666666,0.8342666666666667,0.2123,0.8809,0.38095,0.32989999999999997,0.5667,0.23945,0.82305,0.11810000000000001,0.2195,0.8365,0.7626124999999999,0.89415,0.9115,0.8779,0.15125,0.1356,0.1816125,0.17185,0.23450000000000001,0.15735,0.79925,0.47775,0.88685,0.1664,0.10070000000000001,0.13474999999999998,0.25755,0.24974999999999997,0.2027,0.34655,0.7828,0.45925000000000005,0.29205000000000003,0.1078,0.17295,0.16435,0.7523375,0.13395,0.84455,0.1116,0.13190000000000002,0.7448999999999999,0.86905,0.8352999999999999,0.8597,0.1595,0.26865,0.6845125,0.8058,0.1366,0.77305,0.8521,0.7423,0.83245,0.8390500000000001,0.87395,0.6979,0.12265000000000001,0.8266,0.14255,0.85335,0.71925,0.8272,0.7367,0.86835,0.13565,0.07680000000000001,0.14185,0.8794500000000001,0.136,0.8288500000000001,0.1427,0.1859,0.7204999999999999,0.8241125,0.13674999999999998
2025-05-12,0.1539,0.838,0.7863,0.7964,0.6699,0.841,0.1112,0.1644,0.445,0.152,0.5444,0.7474,0.7579,0.6285,0.1377,0.3763,0.1433,0.5012,0.1183,0.1907,0.5318,0.8165,0.0947,0.1195,0.3645,0.1703,0.3736,0.6416,0.8155,0.8766,0.5351,0.2237,0.2689,0.1917,0.3268,0.8066,0.3429,0.1535,0.4119,0.6892,0.8501,0.8178,0.4109,0.8415,0.1066,0.4071,0.1792,0.1694,0.194,0.1215,0.1645,0.1187,0.1085,0.8874,0.8617,0.158,0.1941,0.4067,0.1237,0.1741,0.1395,0.202,0.7033,0.187,0.4132,0.6555,0.2897,0.7994,0.2403,0.7694,0.1822,0.6428,0.4653,0.1186,0.3237,0.1243,0.2698833333333333,0.8309333333333333,0.2094,0.8494,0.3953,0.2501,0.4368,0.3025,0.7807,0.1188,0.2502,0.7942,0.6658,0.8776,0.8949,0.8561,0.1432,0.1367,0.1923,0.169,0.2549,0.1593,0.7831,0.5031,0.8717,0.1545,0.1014,0.1394,0.2708,0.2653,0.242,0.3934,0.7163,0.5368,0.332,0.111,0.1498,0.1539,0.7649,0.1415,0.8357,0.1051,0.1207,0.7898,0.849,0.7931,0.8536,0.1643,0.2616,0.7222,0.8341,0.1332,0.7648,0.8681,0.7414,0.8255,0.8211,0.8895,0.7673,0.1237,0.8314,0.1437,0.8299,0.7583,0.8151,0.8061,0.8629,0.134,0.0812,0.1342,0.8783,0.1245,0.798,0.1433,0.2099,0.6818,0.8948,0.1368
2025-05-14,0.1803,0.8395,0.7794,0.8002,0.6379,0.8385,0.1078,0.1908,0.4182,0.1761,0.4914,0.7802,0.7595,0.5929,0.17,0.36366000000000004,0.1851,0.507,0.1501,0.18178,0.6465,0.8224,0.0967,0.1687,0.3132,0.1813,0.311,0.6645,0.8187,0.8793,0.5759,0.2066,0.3055,0.1903,0.3479,0.7967,0.2571,0.1773,0.4438,0.7136,0.816,0.8153,0.4442,0.8393,0.1284,0.438,0.1873,0.1424,0.1976,0.1355,0.201,0.1587,0.1237,0.8841,0.8674,0.1518,0.2385,0.52,0.1355,0.2786,0.1649,0.2403,0.6976,0.2192,0.2826,0.684,0.2242,0.7404,0.3203,0.76016,0.17772000000000002,0.6661,0.5453,0.1603,0.2704,0.1156,0.2884,0.8296,0.1994,0.84556,0.4109,0.2355,0.4079,0.2362,0.8479,0.1287,0.2995,0.79368,0.4459,0.8852,0.888,0.8896,0.1434,0.1414,0.2022,0.207,0.246,0.1654,0.7886,0.5522,0.8831,0.1629,0.1119,0.1448,0.2872,0.2448,0.2654,0.2784,0.7114,0.4714,0.3739,0.1207,0.1778,0.1904,0.75,0.1494,0.8209,0.0966,0.1147,0.8242,0.8199,0.7763,0.8569,0.1539,0.3296,0.7229,0.8559,0.1493,0.7751,0.8807,0.7457,0.8188,0.814,0.8971,0.8101,0.1359,0.8419,0.1361,0.8389,0.7788,0.8211,0.8166,0.8664,0.1349,0.0825,0.1309,0.883,0.1376,0.7842,0.1425,0.2227,0.6614,0.9004,0.1336
2025-05-17,0.1749,0.8298,0.7818,0.7913,0.6167,0.8349,0.1087,0.1857,0.4047,0.1434,0.5278,0.7623,0.7461,0.6106,0.1726,0.3447,0.1739,0.5086,0.1108,0.1684,0.5453,0.815,0.1005,0.1528,0.4027,0.1482,0.3901,0.6508,0.8036,0.8903,0.5336,0.2094,0.2802,0.2013,0.3569,0.7967,0.2968,0.1538,0.4248,0.7024,0.8498,0.8226,0.4253,0.8411,0.1122,0.4234,0.1734,0.1885,0.2082,0.1164,0.1717,0.1217,0.1104,0.8948,0.8607,0.1544,0.2016,0.4165,0.124,0.1761,0.1382,0.196,0.6997,0.1842,0.338,0.666,0.2066,0.7943,0.2866,0.7463,0.171,0.6983,0.5446,0.1182,0.2247,0.1155,0.3325,0.84,0.1844,0.8398,0.3944,0.2035,0.3717,0.1707,0.8528,0.1213,0.1639,0.7929,0.3761,0.889,0.9195,0.8894,0.1751,0.1283,0.1702,0.1642,0.2812,0.1618,0.7761,0.5067,0.8805,0.1648,0.0984,0.1374,0.267,0.2619,0.2863,0.2485,0.4278,0.4779,0.3427,0.1055,0.1509,0.1446,0.7652,0.1595,0.8139,0.1005,0.1178,0.8132,0.8076,0.7564,0.8522,0.1412,0.3017,0.6986,0.8591,0.1367,0.7701,0.8825,0.7342,0.8108,0.8069,0.9011,0.8176,0.1231,0.8409,0.143,0.8433,0.7686,0.8134,0.8207,0.8577,0.1447,0.1018,0.1344,0.8782,0.1391,0.5629,0.1452,0.2459,0.556,0.8818,0.1431
2025-05-22,0.24625714285714284,0.6709428571428572,0.6362285714285714,0.6608714285714286,0.4803333333333334,0.7699,0.11291428571428572,0.25448571428571426,0.3732714285714286,0.1431142857142857,0.41676666666666673,0.6666333333333333,0.5488666666666666,0.28652857142857147,0.23424285714285717,0.3315,0.20732857142857142,0.4717428571428572,0.1465142857142857,0.21125714285714287,0.5096571428571428,0.7906428571428572,0.02616666666666667,0.1990142857142857,0.33013333333333333,0.16962857142857143,0.3422428571428571,0.5722285714285714,0.6872333333333334,0.7348714285714285,0.4808142857142857,0.18466666666666667,0.2437666666666667,0.17046666666666666,0.31861428571428574,0.5164142857142857,0.34687142857142855,0.14306666666666665,0.3529428571428571,0.6110666666666666,0.7726666666666666,0.4888857142857143,0.24408571428571427,0.6936,0.12503333333333333,0.29082857142857144,0.1475,0.16383333333333333,0.1809,0.1233,0.18827142857142856,0.1547,0.1145,0.8582000000000001,0.7914857142857143,0.12326666666666666,0.1886,0.38589999999999997,0.14583333333333334,0.15836666666666666,0.24269999999999997,0.18743333333333334,0.5984333333333334,0.17955714285714286,0.38721428571428573,0.6009666666666666,0.2051,0.5047285714285714,0.23520000000000002,0.5190857142857144,0.13773333333333335,0.7296333333333334,0.5277,0.13496666666666668,0.19216666666666668,0.12885714285714286,0.28,0.6311,0.12513333333333335,0.722,0.35183333333333333,0.17459999999999998,0.2953,0.11659999999999998,0.6345333333333334,0.1077,0.14036666666666667,0.6689333333333334,0.3025285714285714,0.6793,0.8146333333333333,0.8469666666666666,0.26295714285714283,0.08126666666666665,0.18923333333333334,0.12291428571428571,0.17570000000000002,0.14763333333333334,0.5818,0.40990000000000004,0.8442333333333333,0.1433,0.08646666666666666,0.12436666666666667,0.2271,0.17982857142857145,0.33766666666666667,0.24343333333333333,0.5084333333333333,0.2993285714285714,0.3838666666666667,0.09166666666666666,0.1846,0.14463333333333334,0.633,0.2507857142857143,0.6090333333333333,0.09580000000000001,0.12263333333333333,0.7472,0.7014,0.6476333333333333,0.4696285714285714,0.12796666666666667,0.3623,0.5876,0.7263857142857143,0.11546666666666666,0.7643333333333333,0.7794285714285714,0.7055333333333333,0.4478714285714286,0.6572333333333333,0.8759,0.8131666666666667,0.10503333333333334,0.8404333333333334,0.20057142857142857,0.7308,0.7412666666666666,0.6926666666666667,0.8019,0.7838666666666667,0.14946666666666666,0.10156666666666667,0.09256666666666666,0.8102666666666667,0.18216666666666667,0.5719333333333333,0.1401,0.26376666666666665,0.5025333333333334,0.6436571428571428,0.10026666666666667
2025-05-24,0.2748,0.6074,0.578,0.6087,0.42578666666666665,0.7439,0.1146,0.282,0.3607,0.143,0.3723533333333333,0.6283666666666666,0.46997333333333335,0.1569,0.2589,0.32622,0.2207,0.457,0.1608,0.2284,0.4954,0.7809,-0.0035666666666666624,0.2175,0.30110666666666663,0.1782,0.3231,0.5408,0.6406866666666666,0.6727,0.4597,0.17477333333333334,0.22919333333333333,0.15813333333333335,0.3033,0.4043,0.3669,0.13877333333333333,0.3242,0.5745333333333333,0.7418133333333333,0.3554,0.1716,0.6345999999999999,0.13016666666666665,0.2378,0.13713999999999998,0.15396666666666667,0.16998,0.12606,0.1949,0.1679,0.11614000000000001,0.8435600000000001,0.7638,0.11081333333333335,0.1834,0.37366,0.15456666666666666,0.15127333333333334,0.2845,0.18400666666666668,0.5579266666666667,0.1777,0.4069,0.5749533333333333,0.2045,0.3889,0.21464,0.4282,0.12442666666666667,0.7421666666666666,0.52094,0.14167333333333335,0.17915333333333333,0.1342,0.259,0.5475399999999999,0.10142666666666666,0.67488,0.33480666666666664,0.16304,0.26474,0.09496,0.5472266666666666,0.10226,0.1309533333333333,0.6193466666666667,0.2731,0.5954200000000001,0.7726866666666666,0.8299933333333334,0.2981,0.06245333333333333,0.19684666666666667,0.1064,0.1335,0.14196666666666666,0.5040800000000001,0.37118,0.8297266666666666,0.1347,0.08169333333333334,0.11915333333333333,0.21114,0.147,0.35821333333333333,0.24140666666666666,0.5406866666666666,0.2279,0.4003333333333333,0.08613333333333334,0.19808,0.14464666666666667,0.58012,0.2873,0.5270866666666667,0.09392,0.12456666666666667,0.7208,0.65892,0.6041266666666666,0.3166,0.12267333333333333,0.38654,0.5432,0.6733,0.10697333333333332,0.7620266666666666,0.7382,0.6940666666666666,0.3027,0.5973666666666666,0.86582,0.8113933333333333,0.09780666666666667,0.8402466666666667,0.2236,0.6858,0.7303333333333333,0.6443733333333334,0.79438,0.7543333333333333,0.15137333333333333,0.10147333333333333,0.07583333333333332,0.7830933333333333,0.1993933333333333,0.5755466666666667,0.13806,0.27091333333333334,0.4811466666666667,0.5484,0.08313333333333334
2025-05-27,0.3116625,0.548825,0.537125,0.4625625,0.3439666666666667,0.708425,0.12689999999999999,0.3136875,0.29938750000000003,0.1540625,0.30573333333333336,0.5709666666666666,0.35163333333333335,0.2594625,0.2608125,0.31829999999999997,0.2746625,0.44575,0.15975,0.20455,0.4586875,0.658575,-0.04816666666666666,0.233925,0.25756666666666667,0.19005,0.2536125,0.40654999999999997,0.5708666666666666,0.68245,0.481825,0.15993333333333332,0.20733333333333334,0.13963333333333333,0.3070875,0.4593125,0.4153125,0.13233333333333333,0.3309125,0.5197333333333334,0.6955333333333333,0.3958625,0.1488,0.5461,0.13786666666666667,0.2757125,0.1216,0.13916666666666666,0.15360000000000001,0.1302,0.2482625,0.20479999999999998,0.1186,0.8216,0.5634750000000001,0.09213333333333333,0.1756,0.3553,0.16766666666666666,0.14063333333333333,0.22018749999999998,0.17886666666666667,0.49716666666666665,0.1926625,0.5254749999999999,0.5359333333333334,0.21875,0.4084375,0.18380000000000002,0.370525,0.10446666666666667,0.7609666666666667,0.5108,0.15173333333333333,0.15963333333333335,0.15415,0.2275,0.42219999999999996,0.06586666666666667,0.6042000000000001,0.3092666666666667,0.1457,0.21889999999999998,0.062499999999999986,0.4162666666666667,0.0941,0.11683333333333332,0.5449666666666666,0.41365,0.46959999999999996,0.7097666666666667,0.8045333333333333,0.23015,0.034233333333333324,0.20826666666666666,0.1092875,0.049237500000000003,0.13346666666666668,0.3875,0.31310000000000004,0.8079666666666667,0.12179999999999999,0.07453333333333334,0.11133333333333333,0.18719999999999998,0.08298749999999999,0.38903333333333334,0.23836666666666667,0.5890666666666666,0.37351249999999997,0.4250333333333333,0.07783333333333334,0.2183,0.14466666666666667,0.5007999999999999,0.31745,0.4041666666666667,0.0911,0.12746666666666667,0.6812,0.5952,0.5388666666666666,0.4250125,0.11473333333333334,0.4229,0.48173750000000004,0.7139875,0.09423333333333334,0.7585666666666667,0.7485875,0.6768666666666666,0.3508125,0.5075666666666667,0.8507,0.8087333333333333,0.08696666666666666,0.8399666666666666,0.18107499999999999,0.6183000000000001,0.7139333333333333,0.5719333333333333,0.7831,0.7100333333333333,0.15423333333333333,0.10133333333333333,0.05073333333333334,0.7423333333333333,0.22523333333333334,0.5809666666666666,0.13499999999999998,0.28163333333333335,0.44906666666666667,0.5433375,0.05743333333333332
2025-06-01,0.3731,0.4512,0.469,0.219,0.2076,0.6493,0.1474,0.3665,0.1972,0.1725,0.1947,0.4753,0.1544,0.4304,0.264,0.3051,0.3646,0.427,0.158,0.1648,0.3975,0.4547,-0.1225,0.2613,0.185,0.2098,0.1378,0.1828,0.4545,0.6987,0.5187,0.1352,0.1709,0.1088,0.3134,0.551,0.496,0.1216,0.3421,0.4284,0.6184,0.4633,0.1108,0.3986,0.1507,0.3389,0.0957,0.1145,0.1263,0.1371,0.3372,0.2663,0.1227,0.785,0.2296,0.061,0.1626,0.3247,0.1895,0.1229,0.113,0.1703,0.3959,0.2176,0.7231,0.4709,0.2425,0.441,0.1324,0.2744,0.0712,0.7923,0.4939,0.1685,0.1271,0.1874,0.175,0.2133,0.0066,0.4864,0.2667,0.1168,0.1425,0.0084,0.198,0.0805,0.0933,0.421,0.6479,0.2599,0.6049,0.7621,0.1169,-0.0128,0.2273,0.1141,-0.0912,0.1193,0.1932,0.2163,0.7717,0.1003,0.0626,0.0983,0.1473,-0.0237,0.4404,0.2333,0.6697,0.6162,0.4662,0.064,0.252,0.1447,0.3686,0.3677,0.1993,0.0864,0.1323,0.6152,0.489,0.4301,0.6057,0.1015,0.4835,0.3793,0.7818,0.073,0.7528,0.7659,0.6482,0.431,0.3579,0.8255,0.8043,0.0689,0.8395,0.1102,0.5058,0.6866,0.4512,0.7643,0.6362,0.159,0.1011,0.0089,0.6744,0.2683,0.59,0.1299,0.2995,0.3956,0.5349,0.0146
2025-06-03,0.4577,0.5691,0.5944,0.22088,0.2059,0.5606,0.1134,0.4564,0.1921,0.1987,0.1876,0.4194,0.1381,0.6208,0.2909,0.3212,0.4382,0.5539,0.1483,0.0906,0.4068,0.2262,-0.0779,0.31655999999999995,0.1953,0.2499,0.1477,0.1893,0.4308,0.7968,0.6011,0.1483,0.2025,0.1296,0.5686,0.6031,0.5275,0.1221,0.3437,0.4036,0.6923,0.6291,0.1176,0.4913,0.1174,0.3369,0.1211,0.1317,0.1266,0.0981,0.3619,0.2701,0.1199,0.8117,0.221,0.211,0.1203,0.324,0.2198,0.1195,0.0711,0.1168,0.3655,0.2363,0.819,0.45,0.2553,0.3972,0.1291,0.2504,0.0946,0.828,0.4679,0.1929,0.1305,0.2192,0.1665,0.2077,0.0233,0.4224,0.2484,0.1238,0.1618,0.0179,0.1944,0.1929,0.1414,0.3744,0.7126,0.2418,0.5781,0.8628,0.1231,-0.0229,0.2705,0.1112,-0.094,0.1121,0.1776,0.2115,0.8561,0.1082,0.0699,0.0978,0.1537,0.0494,0.3271,0.2438,0.7715,0.6155,0.5023,0.0591,0.3088,0.1802,0.3435,0.4054,0.1877,0.0929,0.1001,0.5852,0.4415,0.416,0.7185,0.1041,0.5299,0.3385,0.7581,0.0253,0.7438,0.7247,0.6153,0.5316,0.4419,0.7967,0.7844,0.0626,0.8359,0.1231,0.6653,0.6567,0.5456,0.7368,0.7624,0.1508,0.1211,-0.111,0.7786,0.3281,0.6606,-0.0502,0.3233,0.46,0.6292,-0.0121
2025-06-11,0.5925,0.6297,0.4559,0.2284,0.2149,0.1978,0.1663,0.6456,0.2204,0.2888,0.2062,0.3152,0.1597,0.2091,0.3826,0.3331,0.5682,0.2587,0.2123,0.1635,0.3896,0.2091,0.1346,0.5376,0.2585,0.3754,0.2072,0.2176,0.3256,0.5708,0.5192,0.1519,0.1455,0.1299,0.2996,0.414,0.5775,0.176,0.3518,0.3238,0.6663,0.7629,0.115,0.614,0.207,0.3433,0.1335,-0.1182,0.0437,0.1552,0.4915,0.4359,0.2086,0.2294,0.1982,0.1832,0.1485,0.3184,0.469,0.1402,0.1858,0.2329,0.3,0.2134,0.8222,0.4031,0.298,0.3037,0.1118,0.255,0.0816,0.1885,0.3592,0.3726,0.1778,0.3129,0.1803,0.2196,0.1744,0.3137,0.2296,0.1614,0.2648,0.1152,0.2094,0.1116,0.2009,0.3267,0.7155,0.2285,0.2113,0.8657,-0.0503,0.1974,0.4017,0.2006,0.358,0.1265,0.1569,0.253,0.8473,-0.0882,-0.0655,0.1232,0.1664,0.2532,0.1213,0.1869,0.7715,0.3765,0.1594,0.1403,0.5078,0.1753,0.3005,0.4778,0.1841,0.0981,0.2064,0.4381,0.3751,0.4009,0.8069,0.1163,0.5878,0.2789,0.5654,0.0577,0.6703,0.5115,0.4461,0.6901,0.601,0.5698,0.6455,-0.0907,0.7937,0.1916,0.8487,0.4668,0.6675,0.5586,0.8115,0.1409,0.1546,0.1383,0.8121,0.5978,0.7625,0.1693,0.3803,0.6088,0.3399,0.1185
2025-06-13,0.6198,0.66,0.46,0.233,0.2272,0.194,0.1263,0.7398,0.236,0.3036,0.2159,0.3201,0.1636,0.2111,0.4378,0.3424,0.5887,0.2934,0.2385,0.1614,0.3999,0.2077,0.0996,0.6183,0.2747,0.3793,0.2196,0.2251,0.3118,0.476,0.5398,0.1449,0.1391,0.1268,0.2682,0.3675,0.5838,0.1526,0.3053,0.3168,0.6405,0.7558,-0.0259,0.626,0.25128,0.34182,0.1243,-0.1411,-0.0284,0.1097,0.3658,0.5424,0.25128,0.22616,0.1958,0.198,0.1337,0.3908,0.54388,0.14264,0.1044,0.169,0.275,0.1771,0.8366,0.3805,0.2984,0.2894,0.1178,0.26152,0.0367,0.1535,0.34488,0.39884,0.1608,0.3243,0.1811,0.2191,0.19624,0.30613999999999997,0.22292,0.1397,0.1949,0.16004000000000002,0.2018,0.0893,0.1794,0.31286,0.7257,0.2131,0.2026,0.8613,0.02234,0.15704,0.4326,0.18112,0.30604,0.0885,0.1927,0.24831999999999999,0.8605,0.0040000000000000036,0.0062,0.1308,0.15448,0.21336,0.12074,0.1417,0.7874,0.3024,0.15067999999999998,0.16706000000000001,0.4691,0.1735,0.3051,0.646,0.18018,0.0777,0.1686,0.42434,0.36446,0.39117999999999997,0.6383,0.1021,0.598,0.2814,0.53564,0.07150000000000001,0.6497,0.47585999999999995,0.4685,0.5726,0.61092,0.54384,0.63306,-0.00766,0.7827,0.2305,0.8637,0.44808,0.66798,0.5214,0.81642,0.13802,0.15195999999999998,0.11302000000000001,0.81002,0.7066,0.766,0.13398,0.39890000000000003,0.7019,0.31038,0.1421
2025-06-16,0.6521,0.6266,0.4171,0.2268,0.2119,0.1796,0.0867,0.723,0.2249,0.2899,0.2074,0.2916,0.1602,0.2193,0.5335,0.3182,0.5725,0.298,0.234,0.1089,0.3762,0.1949,0.0582,0.5423,0.2886,0.3938,0.2385,0.232,0.2799,0.4258,0.5007,0.1329,0.1198,0.1187,0.2421,0.3407,0.3494,0.2035,0.3329,0.2901,0.5896,0.7431,0.169,0.5842,0.3177,0.3396,0.1233,0.1539,0.1507,0.0984,0.5801,0.4165,0.3153,0.2213,0.1831,0.2969,0.1422,0.3212,0.6562,0.1463,0.0943,0.1508,0.2579,0.1936,0.6681,0.3572,0.3043,0.253,0.1268,0.2713,0.1846,0.1417,0.3234,0.4382,0.1806,0.3512,0.2031,0.2058,0.229,0.2948,0.2129,0.1804,0.2513,0.2273,0.1923,0.1479,0.2673,0.2921,0.6749,0.2053,0.168,0.8234,0.1313,0.0965,0.4542,0.1519,0.2281,0.1273,0.1449,0.2413,0.8142,0.1423,0.0872,0.1596,0.1366,0.1536,0.1199,0.1726,0.7259,0.3778,0.1376,0.2072,0.5649,0.1842,0.2275,0.5002,0.1743,0.1035,0.1119,0.4037,0.3485,0.3766,0.7643,0.1154,0.5846,0.2468,0.491,0.0922,0.6104,0.4224,0.376,0.7095,0.6258,0.5049,0.6144,0.1169,0.7377,0.245,0.8175,0.42,0.6687,0.4501,0.8238,0.1337,0.148,0.0751,0.8069,0.6593,0.7219,0.081,0.4268,0.6143,0.2661,0.271
2025-06-21,0.824,0.707,0.4127,0.2472,0.22,0.1548,0.1265,0.8449,0.2728,0.3612,0.2304,0.2833,0.1677,0.2464,0.6832,0.394,0.6513,0.3767,0.2943,0.1388,0.4353,0.1915,0.1105,0.8154,0.3806,0.6656,0.3124,0.2731,0.2676,0.4124,0.5914,0.1679,0.1382,0.163,0.2893,0.2768,0.283,0.2936,0.3575,0.3017,0.6426,0.7929,0.0962,0.619,0.4217,0.372,0.1607,0.1711,0.1405,0.1054,0.7454,0.5004,0.422,0.1641,0.1719,0.5458,0.1705,0.3711,0.7794,0.1652,0.1595,0.2669,0.2768,0.2802,0.2569,0.4212,0.4811,0.1967,0.1387,0.2665,0.1416,0.1655,0.3561,0.6637,0.2945,0.5836,0.3202,0.2019,0.1875,0.2394,0.2457,0.2929,0.3331,0.1634,0.1869,0.3998,0.4393,0.2676,0.2533,0.1934,0.1192,0.3136,0.1412,0.2054,0.6381,0.3952,0.4298,0.171,0.1507,0.3241,0.2978,0.1325,0.1184,0.2433,0.1486,0.1861,0.1364,0.1684,0.3139,0.429,0.1465,0.2098,0.7536,0.1972,0.2368,0.7325,0.1672,0.0993,0.1596,0.4162,0.3117,0.3553,0.8554,0.1177,0.6307,0.2202,0.5184,0.1022,0.6627,0.4122,0.3506,0.333,0.7364,0.5229,0.738,0.0861,0.7481,0.3894,0.8669,0.4468,0.4483,0.418,0.3913,0.1512,0.1543,0.0932,0.3804,0.7859,0.636,0.116,0.4467,0.4149,0.2265,0.1586
2025-06-23,0.8320799999999999,0.7118399999999999,0.40758,0.25744,0.22432,0.15688,0.07998,0.84554,0.27727999999999997,0.38508000000000003,0.23916,0.25058,0.17386,0.25912,0.70252,0.3758,0.6563,0.39446,0.35474,0.13,0.40454,0.19038,0.0969,0.82036,0.4058,0.69096,0.3362,0.28954,0.23752,0.41115999999999997,0.60176,0.16266,0.13444,0.15984,0.2963,0.26848,0.34176,0.33056,0.3389,0.26530000000000004,0.485,0.5761400000000001,0.14116,0.62236,0.46878000000000003,0.35331999999999997,0.15654,0.14666,0.12258000000000001,0.10436,0.7674799999999999,0.52888,0.487,0.19222,0.17602,0.5594399999999999,0.14954,0.38301999999999997,0.79568,0.1894,0.14402,0.26966,0.25344,0.33192,0.37434,0.37120000000000003,0.51506,0.18346,0.17901999999999998,0.28538,0.12112,0.16422,0.3045,0.6691,0.32774,0.61384,0.38624,0.21094,0.16706,0.21952,0.2609,0.35478,0.3585,0.2167,0.19182,0.4008,0.45686000000000004,0.2596,0.30894000000000005,0.19816,0.123,0.32208,0.1035,0.1394,0.67014,0.4473,0.2775,0.18356,0.14854,0.3298,0.31516,0.1027,0.0844,0.4333,0.1624,0.1782,0.1515,0.168,0.37594,0.6777,0.1458,0.2052,0.7313,0.21376,0.3692,0.6874,0.178,0.112,0.1699,0.3956,0.3069,0.3454,0.7837,0.11762,0.63158,0.2094,0.4804,0.1193,0.5841,0.3848,0.3207,0.287,0.2925,0.476,0.6699,0.1075,0.74114,0.4127,0.8545,0.4258,0.2981,0.4278,0.3109,0.17,0.1337,0.1015,0.2901,0.79754,0.50552,0.1445,0.3255,0.36166,0.22894,0.14472
2025-06-26,0.8442,0.7191,0.3999,0.2728,0.2308,0.16,0.0102,0.8465,0.284,0.4209,0.2523,0.2015,0.1831,0.2782,0.7315,0.3485,0.6638,0.4211,0.4454,0.1168,0.3584,0.1887,0.0765,0.8278,0.4436,0.729,0.3719,0.3142,0.1924,0.4093,0.6173,0.1548,0.1288,0.1551,0.3068,0.256,0.4299,0.386,0.311,0.2107,0.2486,0.251,0.2086,0.6274,0.5394,0.3253,0.1503,0.11,0.0957,0.1028,0.8006,0.5716,0.5845,0.2344,0.1822,0.5799,0.1181,0.4009,0.8201,0.2257,0.1208,0.2738,0.2184,0.4095,0.5505,0.2962,0.566,0.1636,0.2395,0.3137,0.0904,0.1623,0.4257,0.7617,0.3776,0.6592,0.4853,0.2245,0.1364,0.1897,0.2631,0.4476,0.3966,0.1258,0.1992,0.4023,0.4832,0.2593,0.3924,0.2053,0.1164,0.3348,0.1055,0.158,0.7182,0.4105,0.3626,0.2024,0.1453,0.3685,0.3412,0.1123,0.0966,0.3495,0.1325,0.2855,0.1411,0.1775,0.469,0.4492,0.1378,0.218,0.7631,0.2386,0.2716,0.777,0.1747,0.1117,0.2282,0.4363,0.3005,0.3684,0.817,0.1175,0.6329,0.2141,0.5101,0.1113,0.6466,0.3955,0.3099,0.3527,0.2612,0.4949,0.755,0.0979,0.7307,0.5192,0.8359,0.3526,0.3083,0.4425,0.3139,0.1986,0.1313,0.104,0.3364,0.815,0.3098,0.1,0.4082,0.2818,0.2326,0.1239
2025-07-01,0.4704,0.6957428571428571,0.3373,0.2938,0.22072857142857144,0.17546666666666666,0.08136666666666667,0.7628,0.324,0.4804,0.28887142857142856,0.1910714285714286,0.2036714285714286,0.2071,0.592,0.3804285714285714,0.3101,0.3345,0.4428,0.07037142857142857,0.46997142857142854,0.165,0.0822,0.5678,0.5437428571428571,0.8017857142857142,0.4504714285714286,0.40841428571428573,0.2776857142857143,0.35887142857142856,0.5997285714285714,0.155,0.13483333333333333,0.15943333333333332,0.2828,0.2362,0.4643285714285714,0.5269,0.2145,0.23133333333333334,0.4717,0.384,0.14724285714285715,0.6231333333333333,0.6038,0.2922,0.1787,0.1827,0.2378,0.09722857142857143,0.5777,0.55,0.6294,0.2708,0.18348571428571428,0.6643,0.15,0.3476,0.6875,0.2837,0.2080857142857143,0.36939999999999995,0.24436666666666668,0.5263666666666666,0.6094666666666667,0.3247333333333333,0.6532857142857142,0.1573,0.3154,0.33996666666666664,0.219,0.0969,0.44270000000000004,0.6345,0.5013666666666666,0.7098428571428571,0.2043,0.2541,0.1976,0.1565,0.2627,0.5607666666666666,0.5078333333333334,0.2687,0.21593333333333334,0.2907,0.3301,0.20515714285714284,0.4504,0.2173,0.10532857142857144,0.4734,0.1159,0.2375,0.7487333333333333,0.4813,0.49160000000000004,0.2965,0.2422,0.4602666666666667,0.46173333333333333,0.1282,0.1181,0.4659,0.2176,0.2501,0.2053,0.2273,0.6295,0.45313333333333333,0.1658,0.2836,0.5778,0.34495714285714285,0.2747,0.5587,0.1999,0.14,0.2441,0.4176,0.2296,0.2813,0.7706666666666666,0.1878,0.4508,0.2295,0.3694,0.2155,0.4058,0.325,0.3055,0.5226,0.3974,0.3175,0.5634,0.1191,0.6469,0.6300666666666667,0.5099,0.3169,0.5059,0.3409,0.5105,0.2483,0.2107,0.2119,0.4909,0.7607,0.4659,0.1944,0.2851,0.4333,0.2361,0.1973
2025-07-03,0.8683,0.6864,0.31,0.30219999999999997,0.2167,0.18165333333333333,0.10983333333333334,0.8903,0.34,0.5042,0.3035,0.1869,0.2119,0.3219,0.7457,0.3932,0.38112,0.1727,0.6326,0.0518,0.5146,0.18074,0.08448,0.904,0.5838,0.8309,0.4819,0.4461,0.3118,0.3387,0.5927,0.16862,0.13724666666666666,0.16116666666666665,0.304,0.1848,0.4781,0.5343,0.3033,0.23958666666666667,0.6156,0.5372,0.1227,0.6214266666666667,0.6771,0.325,0.19006,0.21178000000000002,0.21792,0.095,0.8197,0.6717,0.7341,0.3212,0.184,0.6980599999999999,0.0981,0.3521,0.8685,0.2959,0.243,0.40764,0.25475333333333333,0.5731133333333334,0.6330533333333334,0.33614666666666665,0.6882,0.1551,0.4682,0.3504733333333333,0.1,0.11785999999999999,0.4495,0.8396,0.5508733333333333,0.7301,0.3171,0.26594,0.22208,0.2598,0.148,0.6060333333333333,0.5523266666666666,0.1428,0.22262666666666667,0.37624,0.41932,0.1835,0.48658,0.2221,0.1009,0.52884,0.0973,0.302,0.7609466666666667,0.5362,0.5432,0.33414,0.22016,0.4969733333333334,0.5099466666666667,0.1677,0.112,0.5124599999999999,0.19846,0.2142,0.2178,0.1955,0.6453,0.45470666666666665,0.16388,0.3433,0.7958,0.3875,0.2836,0.61766,0.1654,0.0974,0.24250000000000002,0.4811,0.2275,0.2983,0.7521333333333333,0.0991,0.6384,0.168,0.5684,0.1558,0.6321,0.31812,0.2861,0.56436,0.4868,0.5044,0.7679,0.0888,0.7514,0.6744133333333333,0.787,0.3021,0.5617,0.3494,0.7027,0.29616,0.1099,0.123,0.663,0.8254,0.5221,-0.1187,0.3798,0.5177,0.2037,0.1432
2025-07-06,0.8674,0.698175,0.300775,0.31479999999999997,0.2356375,0.19093333333333334,0.15253333333333335,0.8810375,0.37007500000000004,0.5814875,0.34602499999999997,0.1935375,0.2409625,0.3403125,0.7907375,0.4304375,0.48765000000000003,0.28535,0.6759125,0.0891875,0.46536249999999996,0.20435,0.0879,0.8974375,0.6364124999999999,0.8445499999999999,0.533425,0.5108625,0.2725375,0.3603,0.5859875,0.18905,0.14086666666666667,0.16376666666666667,0.297925,0.174075,0.496625,0.569175,0.318825,0.25196666666666667,0.618975,0.611825,0.1114875,0.6188666666666667,0.7006875,0.34273750000000003,0.20709999999999998,0.2554,0.1881,0.1147625,0.8294874999999999,0.6887249999999999,0.7509,0.35314999999999996,0.18925,0.7486999999999999,0.113925,0.399725,0.860475,0.362275,0.24262499999999998,0.46499999999999997,0.2703333333333333,0.6432333333333333,0.6684333333333333,0.3532666666666667,0.7164375000000001,0.171225,0.5455625,0.36623333333333336,0.18167500000000003,0.1493,0.4505125,0.8461625,0.6251333333333333,0.7509875,0.48629999999999995,0.2837,0.25880000000000003,0.22961249999999997,0.126475,0.6739333333333334,0.6190666666666667,0.20092500000000002,0.23266666666666666,0.50455,0.55315,0.1863875,0.54085,0.2293,0.10885,0.612,0.13472499999999998,0.3129875,0.7792666666666667,0.61855,0.6004625,0.3906,0.1871,0.5520333333333334,0.5822666666666667,0.193575,0.1083625,0.5823,0.16974999999999998,0.30622499999999997,0.23655,0.22265000000000001,0.669,0.4570666666666667,0.161,0.3374125,0.796025,0.444575,0.29695,0.7061,0.18625,0.1010375,0.2401,0.3956375,0.232375,0.30475,0.7243333333333334,0.10656249999999999,0.6436875,0.18885000000000002,0.46801250000000005,0.142,0.6200625,0.3078,0.2963,0.627,0.5286500000000001,0.44166249999999996,0.6432125,0.10305,0.747725,0.7409333333333333,0.7549750000000001,0.29714999999999997,0.5993875,0.37148749999999997,0.7488625,0.36795,0.138175,0.12078749999999999,0.72165,0.8203750000000001,0.55525,0.012474999999999986,0.3916875,0.546575,0.20602499999999999,0.24932500000000002
2025-07-11,0.8659,0.7178,0.2854,0.3358,0.2672,0.2064,0.2237,0.8656,0.4202,0.7103,0.4169,0.2046,0.2894,0.371,0.8658,0.4925,0.6652,0.4731,0.7481,0.1515,0.3833,0.2437,0.0936,0.8865,0.7241,0.8673,0.6193,0.6188,0.2071,0.3963,0.5748,0.2231,0.1469,0.1681,0.2878,0.1562,0.5275,0.6273,0.3447,0.2726,0.6246,0.7362,0.0928,0.6146,0.74,0.3723,0.2355,0.3281,0.1384,0.1477,0.8458,0.7171,0.7789,0.4064,0.198,0.8331,0.1403,0.4791,0.8471,0.4729,0.242,0.5606,0.2963,0.7601,0.7274,0.3818,0.7635,0.1981,0.6745,0.3925,0.3178,0.2017,0.4522,0.8571,0.7489,0.7858,0.7683,0.3133,0.32,0.1793,0.0906,0.7871,0.7303,0.2978,0.2494,0.7184,0.7762,0.1912,0.6313,0.2413,0.1221,0.7506,0.1971,0.3313,0.8098,0.7558,0.6959,0.4847,0.132,0.6438,0.7028,0.2367,0.1023,0.6987,0.1219,0.4596,0.2678,0.2679,0.7085,0.461,0.1562,0.3276,0.7964,0.5397,0.3192,0.8535,0.221,0.1071,0.2361,0.2532,0.2405,0.3155,0.678,0.119,0.6525,0.2236,0.3007,0.119,0.6,0.2906,0.3133,0.7314,0.5984,0.3371,0.4354,0.1268,0.7416,0.8518,0.7016,0.2889,0.6622,0.4083,0.8258,0.4876,0.1853,0.1171,0.8194,0.812,0.6105,0.2311,0.4115,0.5947,0.2099,0.4262
2025-07-13,0.8603,0.70844,0.25936,0.33632,0.27484,0.21204,0.25362,0.85916,0.43208,0.74482,0.44126,0.20435999999999999,0.30156,0.37292000000000003,0.8605200000000001,0.5095000000000001,0.65864,0.46914,0.76022,0.1369,0.38658,0.2477,0.08612,0.8769399999999999,0.74606,0.86178,0.64402,0.64544,0.21554,0.40454,0.5756,0.21825999999999998,0.14242,0.17394,0.27304,0.14984,0.49441999999999997,0.6450199999999999,0.34118,0.28692,0.6298,0.74356,0.21272,0.60404,0.7482800000000001,0.36002,0.23637999999999998,0.28402,0.13212,0.13154,0.8370799999999999,0.71762,0.78666,0.42272,0.19816,0.8366199999999999,0.1385,0.50006,0.8292999999999999,0.51358,0.2848,0.6053999999999999,0.30494,0.76766,0.71884,0.3926,0.76286,0.2005,0.68906,0.32898,0.27868000000000004,0.20601999999999998,0.44912,0.83994,0.77666,0.77544,0.77454,0.29438000000000003,0.39068,0.1803,0.09283999999999999,0.79378,0.74946,0.26088,0.24888,0.74756,0.7962,0.19608,0.63542,0.24006,0.12094,0.7349600000000001,0.16374,0.37845999999999996,0.7934,0.77452,0.74526,0.50414,0.12768000000000002,0.6604800000000001,0.68972,0.21306,0.0943,0.7132999999999999,0.11914,0.498,0.28212,0.27846000000000004,0.69862,0.45652,0.16036,0.3946,0.78844,0.56202,0.31544,0.8455400000000001,0.20272,0.10874,0.28182,0.21208,0.24622,0.32458,0.64368,0.11604,0.6555,0.2282,0.24054,0.11616,0.5763199999999999,0.23988,0.30854000000000004,0.7196,0.59868,0.2743,0.34128000000000003,0.11871999999999999,0.7244,0.85616,0.66356,0.2427,0.66076,0.41214,0.81084,0.50796,0.18278,0.11746,0.80948,0.8032,0.6056600000000001,0.18366,0.4289,0.58866,0.21246,0.37724
2025-07-16,0.8519,0.6944,0.2203,0.3371,0.2863,0.2205,0.2985,0.8495,0.4499,0.7966,0.4778,0.204,0.3198,0.3758,0.8526,0.535,0.6488,0.4632,0.7784,0.115,0.3915,0.2537,0.0749,0.8626,0.779,0.8535,0.6811,0.6854,0.2282,0.4169,0.5768,0.211,0.1357,0.1827,0.2509,0.1403,0.4448,0.6716,0.3359,0.3084,0.6376,0.7546,0.3926,0.5882,0.7607,0.3416,0.2377,0.2179,0.1227,0.1073,0.824,0.7184,0.7983,0.4472,0.1984,0.8419,0.1358,0.5315,0.8026,0.5746,0.349,0.6726,0.3179,0.779,0.706,0.4088,0.7619,0.2041,0.7109,0.2337,0.22,0.2125,0.4445,0.8142,0.8183,0.7599,0.7839,0.266,0.4967,0.1818,0.0962,0.8038,0.7782,0.2055,0.2481,0.7913,0.8262,0.2034,0.6416,0.2382,0.1192,0.7115,0.1137,0.4492,0.7688,0.8026,0.8193,0.5333,0.1212,0.6855,0.6701,0.1776,0.0823,0.7352,0.115,0.5556,0.3036,0.2943,0.6838,0.4498,0.1666,0.4951,0.7765,0.5955,0.3098,0.8336,0.1753,0.1112,0.3504,0.1504,0.2548,0.3382,0.5922,0.1116,0.66,0.2351,0.1503,0.1119,0.5408,0.1638,0.3014,0.7019,0.5991,0.1801,0.2001,0.1066,0.6986,0.8627,0.6065,0.1734,0.6586,0.4179,0.7884,0.5385,0.179,0.118,0.7946,0.79,0.5984,0.1125,0.455,0.5796,0.2163,0.3038
2025-07-21,0.8609,0.43,0.1372,0.2998,0.1228,0.2158,0.4514,0.8415,0.4619,0.8421,0.5055,0.1833,0.334,0.367,0.8355,0.5677,0.6265,0.5306,0.8161,0.0751,0.388,0.1081,0.0459,0.8613,0.8248,0.8742,0.7338,0.7419,0.2245,0.4228,0.5806,0.1785,0.0993,0.1641,0.2992,0.1011,0.2306,0.6954,0.2938,0.3266,0.2781,0.2135,0.3343,0.5396,0.7785,0.3249,0.2313,0.4016,0.0694,0.04672857142857143,0.845,0.7162,0.8317,0.481,0.1778,0.8914,0.1282,0.5818,0.8034,0.6287,0.5344,0.809,0.3192,0.7432,0.2356,0.4337,0.7827,0.1685,0.7414,0.1814,0.4842,0.2129,0.8822,0.7656,0.8662,0.7874,0.8064,0.1533,0.6263,0.1565,0.1397,0.8032,0.7297,0.3287,0.0861,0.8662,0.8824,0.19304285714285715,0.2445,0.1035,0.1052,0.2081,0.08198571428571429,0.5190571428571429,0.7843,0.8351,0.8243,0.5696,0.0838,0.7295,0.2346,0.2408857142857143,0.2397,0.782,0.0692,0.4846,0.3227,0.2653,0.2562,0.4327,0.1564,0.5789571428571428,0.1973,0.6492,0.2906,0.8627,0.1584,0.1029,0.5322,0.1302,0.2134,0.3472,0.5679,0.095,0.6493,0.2238,0.1324,0.0927,0.519,0.121,0.2196,0.2657,0.2505,0.1373,0.1803,0.0911,0.7143,0.8977,0.5754,0.1385,0.2848,0.4086,0.2712,0.596,0.1297,0.1185,0.2662,0.7765,0.265,0.1924,0.3535,0.2299,0.2075,0.5532
2025-07-23,0.8329,0.4784,0.1566,0.3147,0.1389,0.2092,0.4698,0.8261,0.1647,0.8332,0.5269,0.1924,0.2885,0.3673,0.8081,0.5659,0.612,0.4596,0.8015,0.0949,0.3819,0.1084,0.0579,0.824,0.8069,0.8363,0.7275,0.7341,0.2153,0.4193,0.5148,0.2071,0.1099,0.1824,0.2418,0.1259,0.279,0.6599,0.3033,0.1685,0.2642,0.2462,0.3763,0.4812,0.7485,0.3277,0.2679,0.4094,0.0896,0.0225,0.811,0.696,0.8046,0.4915,0.1889,0.8672,0.1264,0.584,0.7844,0.6177,0.5628,0.7804,0.3526,0.774,0.2913,0.4429,0.751,0.1463,0.7344,0.1904,0.5098,0.2216,0.4377,0.8078,0.8476,0.7428,0.787,0.1744,0.58994,0.1547,0.0692,0.7824,0.7073,0.4171,0.1098,0.8215,0.8434,0.1889,0.2807,0.1508,0.0996,0.2279,0.0693,0.547,0.745,0.8185,0.8538,0.4728,0.1407,0.6964,0.2478,0.2662,0.0583,0.7219,0.097,0.6603,0.3143,0.3571,0.2846,0.4275,0.1699,0.6125,0.7301,0.6468,0.2863,0.8267,0.1275,0.0841,0.5488,0.1204,0.227,0.3508,0.5292,0.0976,0.6326,0.2293,0.1366,0.0839,0.4965,0.1289,0.2353,0.2784,0.2546,0.1403,0.1774,0.0916,0.6949,0.8664,0.5604,0.1385,0.2975,0.4053,0.2773,0.5849,0.1273,0.1327,0.2703,0.7651,0.2663,0.2355,0.3723,0.2418,0.2151,0.4841
2025-07-26,0.8663,0.5185625,0.124,0.329325,0.1812,0.19285,0.5066625,0.8686,0.1473,0.85135,0.647,0.1968,0.2551,0.2477,0.8528,0.645,0.6801,0.6619,0.8218,0.1133875,0.175,0.112525,0.3085,0.7424,0.8478,0.8951,0.8048,0.8029,0.1552,0.4847,0.5356125,0.26245,0.126775,0.2323875,0.2461875,0.12402500000000001,0.3753,0.7039625,0.33506250000000004,0.1482,0.3841,0.418,0.44785,0.4879,0.7811625,0.364,0.4238,0.448925,0.2792,0.05265,0.8384,0.7109,0.8320875,0.5428375,0.1995,0.8698,0.2383,0.7041,0.7828625,0.658725,0.6053999999999999,0.8033875,0.3226,0.8325,0.4782,0.36295,0.75,0.1325,0.8095,0.2233,0.5482,0.395,0.4182,0.8527,0.8089,0.8064,0.8373,0.2314,0.5354,0.1517,0.0983,0.8368,0.8633,0.43243750000000003,0.134,0.8111,0.8616250000000001,0.1163,0.4376,0.208,0.1414,0.3569,0.1673,0.5205,0.7921,0.8549,0.8241,0.684,0.1419,0.5629,0.3645,0.3286,0.0882,0.7455,0.1314,0.6568,0.4649,0.5034,0.4228,0.6013,0.2549,0.7464,0.7462,0.68505,0.3527,0.8644,0.1374,0.0778,0.473,0.1492,0.212,0.1672,0.5819,0.1125,0.6545375,0.1991,0.1561,0.1078,0.5165,0.138,0.2523,0.4448,0.3721,0.1447,0.2001,0.1315,0.7187,0.9216,0.544,0.141,0.4387,0.4089,0.481,0.7222,0.1683,0.14301250000000001,0.4492,0.8056,0.3603,0.2241375,0.367,0.33,0.18708750000000002,0.3822
2025-07-31,0.8422,0.5855,0.1999,0.3537,0.1892,0.1656,0.5681,0.8435,0.149,0.8816,0.6578,0.2182,0.13,0.4352,0.8482,0.5385,0.611,0.4858,0.8298,0.1442,0.3442,0.1194,0.0979,0.8636,0.75,0.8712,0.66,0.7595,0.1749,0.5937,0.5703,0.3547,0.1549,0.3157,0.2535,0.1209,0.4864,0.7774,0.388,0.1531,0.6125,0.7168,0.5671,0.5182,0.8356,0.4245,0.4654,0.5148,0.1505,0.1029,0.8377,0.731,0.8779,0.6284,0.2285,0.8963,0.2112,0.7025,0.7803,0.7271,0.6764,0.8417,0.4557,0.8118,0.6721,0.2297,0.8131,0.1494,0.7988,0.2388,0.6122,0.307,0.4425,0.8402,0.8963,0.788,0.8429,0.2117,0.7009,0.1369,0.0925,0.8319,0.8564,0.458,0.1464,0.8605,0.892,0.133,0.5881,0.1406,0.1216,0.6039,0.1158,0.6883,0.7811,0.8626,0.8785,0.6463,0.1439,0.6519,0.559,0.5086,0.1005,0.8237,0.1363,0.7214,0.4382,0.4807,0.6711,0.4586,0.2503,0.6761,0.7296,0.7488,0.4024,0.8408,0.1333,0.1022,0.647,0.1461,0.1966,0.1406,0.5765,0.1011,0.6911,0.2718,0.1429,0.1272,0.4817,0.1334,0.2523,0.6379,0.5297,0.1295,0.1686,0.1427,0.7096,0.9075,0.6382,0.1292,0.6045,0.2747,0.689,0.7043,0.1513,0.1602,0.6787,0.7791,0.5031,0.2052,0.4297,0.5151,0.1404,0.6331
2025-08-02,0.8408399999999999,0.6028600000000001,0.20693999999999999,0.34318000000000004,0.18096,0.15675999999999998,0.5841000000000001,0.8305400000000001,0.14156,0.8805200000000001,0.62348,0.22564,0.12336,0.42591999999999997,0.82608,0.50766,0.59772,0.48352,0.81292,0.13584,0.2856,0.11144000000000001,0.08786000000000001,0.8482,0.70968,0.86688,0.62344,0.7383,0.17482,0.51778,0.56582,0.36342,0.14726,0.32902,0.25906,0.11646,0.5132,0.76864,0.37748000000000004,0.14642,0.64254,0.75992,0.59802,0.52348,0.82008,0.39605999999999997,0.47888,0.5625600000000001,0.13938,0.12034,0.8375,0.7068,0.83974,0.62968,0.21554,0.90206,0.21732,0.66146,0.7753,0.72765,0.7014,0.84742,0.34165999999999996,0.8088,0.71602,0.19701999999999997,0.80986,0.13172,0.80024,0.26028,0.64188,0.31648,0.36886,0.81656,0.89798,0.77524,0.84466,0.21734,0.70246,0.1351,0.08654,0.82962,0.84992,0.41896,0.1518,0.85878,0.887,0.13952,0.6341,0.14644000000000001,0.11848,0.65986,0.10628,0.65362,0.7783,0.85428,0.88142,0.62318,0.17357999999999998,0.5729666666666667,0.6124,0.5471333333333334,0.09462000000000001,0.8259666666666666,0.1797,0.71196,0.40227999999999997,0.4285,0.68798,0.45516,0.21414,0.6739333333333334,0.7234166666666667,0.6482333333333333,0.41387999999999997,0.8052,0.13171666666666668,0.10314999999999999,0.58988,0.15158,0.18961666666666666,0.14218333333333333,0.58598,0.1037,0.68994,0.25551999999999997,0.14165,0.12455000000000001,0.46038,0.1338,0.22134,0.67142,0.56562,0.13138,0.1612,0.17646,0.70708,0.8995,0.64152,0.19180000000000003,0.61826,0.25798,0.7444,0.70818,0.16954,0.19736,0.69654,0.76754,0.53686,0.29324,0.38282,0.54994,0.14604,0.67374
2025-08-05,0.8388,0.6289,0.2175,0.3274,0.1686,0.1435,0.6081,0.8111,0.1304,0.8789,0.572,0.2368,0.1134,0.412,0.7929,0.4614,0.5778,0.4801,0.7876,0.1233,0.1977,0.0995,0.0728,0.8251,0.6492,0.8604,0.5686,0.7065,0.1747,0.4039,0.5591,0.3765,0.1358,0.349,0.2674,0.1098,0.5534,0.7555,0.3617,0.1364,0.6876,0.8246,0.6444,0.5314,0.7968,0.3534,0.4991,0.6342,0.1227,0.1465,0.8372,0.6705,0.7825,0.6316,0.1961,0.9107,0.2265,0.5999,0.7678,0.728475,0.7389,0.856,0.1706,0.8043,0.7819,0.148,0.805,0.1052,0.8024,0.2925,0.6864,0.3307,0.2584,0.7811,0.9005,0.7561,0.8473,0.2258,0.7048,0.1324,0.0776,0.8262,0.8402,0.3604,0.1599,0.8562,0.8795,0.1493,0.7031,0.1552,0.1138,0.7438,0.092,0.6016,0.7741,0.8418,0.8858,0.5885,0.2181,0.4545666666666667,0.6925,0.6049333333333333,0.0858,0.8293666666666667,0.2448,0.6978,0.3484,0.3502,0.7133,0.45,0.1599,0.6706833333333334,0.7141416666666667,0.49738333333333334,0.4311,0.7518,0.12934166666666666,0.104575,0.5042,0.1598,0.17914166666666667,0.14455833333333334,0.6002,0.1076,0.6882,0.2311,0.13977499999999998,0.120575,0.4284,0.1344,0.1749,0.7217,0.6195,0.1342,0.1501,0.2271,0.7033,0.8875,0.6465,0.2857,0.6389,0.2329,0.8275,0.714,0.1969,0.2531,0.7233,0.7502,0.5875,0.4253,0.3125,0.6022,0.1545,0.7347
2025-08-12,0.8016,0.4908,0.2164,0.2898,0.143,0.1204,0.6454,0.8097,0.1176,0.4145,0.1404,0.1061,0.0887,0.3122,0.813,0.155,0.4894,0.429,0.8222,0.1273,0.166,0.1061,0.0782,0.8119,0.1851,0.8203,0.1677,0.2,0.1565,0.2658,0.5975,0.3475,0.1254,0.3414,0.2429,0.1079,0.5638,0.7162,0.3218,0.1357,0.6806,0.8067,0.7671,0.3975,0.7714,0.3417,0.4858,0.6932,0.1377,0.3183,0.7896,0.6108,0.5372,0.1142,0.1572,0.9047,0.2451,0.1392,0.7449,0.7304,0.7833,0.8581,0.1433,0.7696,0.78,0.1386,0.7723,0.094,0.7839,0.3523,0.7222,0.3647,0.4387,0.7972,0.6526,0.7076,0.8368,0.1662,0.7314,0.1043,0.0774,0.789,0.8264,0.6736,0.1232,0.8741,0.8969,0.1354,0.7023,0.1247,0.1077,0.732,0.0949,0.7524,0.7281,0.8765,0.8909,0.693,0.1081,0.1783,0.6836,0.7398,0.0846,0.8373,0.1042,0.7899,0.267,0.5421,0.7953,0.3786,0.1721,0.6631,0.6925,0.1454,0.3157,0.804,0.1238,0.1079,0.7856,0.1298,0.1547,0.1501,0.2913,0.0989,0.644,0.1138,0.1354,0.1113,0.414,0.1273,0.2597,0.7094,0.609,0.1158,0.1242,0.1917,0.6953,0.8891,0.6264,0.1213,0.6637,0.216,0.817,0.7539,0.0954,0.3581,0.7984,0.7346,0.5698,0.3926,0.2126,0.626,0.2024,0.7617
2025-08-15,0.7771,0.4494,0.2302,0.2855,0.1433,0.1273,0.6546,0.7819,0.127,0.1914,0.1302,0.1137,0.0938,0.3101,0.7868,0.149,0.4493,0.404,0.8166,0.1402,0.1672,0.1125,0.0874,0.7816,0.1847,0.7858,0.1673,0.1916,0.1589,0.2591,0.6004,0.3294,0.1306,0.3193,0.2498,0.117,0.548,0.6862,0.3293,0.1491,0.664,0.7765,0.7888,0.4006,0.7336,0.3436,0.4702,0.7135,0.1547,0.4055,0.7431,0.5107,0.3138,0.1189,0.1673,0.8905,0.2611,0.1386,0.7329,0.7282,0.8192,0.8507,0.1628,0.7554,0.7454,0.1531,0.7472,0.1089,0.7671,0.3696,0.7421,0.3788,0.4398,0.7679,0.2603,0.6654,0.8241,0.1621,0.7324,0.1144,0.0892,0.7547,0.299,0.7002,0.1263,0.8691,0.8951,0.1298,0.6636,0.134,0.1181,0.6968,0.1084,0.7592,0.7036,0.87,0.8864,0.6938,0.1253,0.174,0.6509,0.7755,0.0914,0.8292,0.1137,0.781,0.2492,0.5298,0.7536,0.3597,0.1646,0.6734,0.678,0.1438,0.138,0.7927,0.1288,0.1103,0.7963,0.125,0.1603,0.1468,0.3028,0.1087,0.6296,0.1216,0.1406,0.1213,0.4067,0.1444,0.2669,0.658,0.5797,0.1306,0.1278,0.2226,0.6826,0.278,0.5879,0.1306,0.6245,0.2247,0.7791,0.7478,0.1368,0.4324,0.7643,0.7203,0.5233,0.4467,0.226,0.5955,0.2285,0.753
2025-08-20,0.3925,0.5104714285714286,0.27327142857142855,0.3137142857142857,0.097,0.13337142857142859,0.6870999999999999,0.4561,0.0779,0.1431,0.0877,0.1164,0.0675,0.3407,0.4756,0.1153,0.3611,0.3238,0.4829,0.1237,0.1303,0.0678,0.1029,0.4367,0.1627,0.7205,0.1444,0.1592,0.1415,0.1895,0.55215,0.291,0.1236,0.3185,0.2441,0.1655,0.5692,0.3241,0.35135,0.1408,0.4995,0.3826,0.7127,0.4141,0.64365,0.36519999999999997,0.4537,0.7421,0.1763,0.3423,0.3454,0.3929,0.26005,0.2213,0.2042,0.7803,0.2995,0.2019,0.5479,0.5267,0.8769142857142858,0.1725,0.1285,0.6648,0.7342,0.1953,0.6453,0.1216,0.497,0.3468,0.6468,0.308,0.3585,0.599,0.2158,0.5753,0.8519571428571429,0.1329,0.6915,0.1259,0.1247,0.7132,0.2172,0.6022,0.1153,0.6933,0.8276,0.145,0.669,0.1413,0.1397,0.6918,0.1504,0.4437,0.6691,0.8434,0.8637,0.6992,0.1074,0.149,0.6609,0.634,0.1243,0.8241,0.0914,0.7448,0.1832,0.505,0.7374,0.3219,0.1409,0.5531,0.6553,0.1475,0.121,0.7807,0.1672,0.1911,0.78,0.1212,0.1638,0.1672,0.4356,0.1058,0.5918,0.0784,0.1178,0.1225,0.3876,0.123,0.2038,0.6494,0.5786,0.113,0.1025,0.2771,0.5732,0.2017,0.5398,0.1171,0.6131,0.2301,0.6999,0.7191,0.1208,0.5234,0.7689,0.6917,0.5068,0.6374,0.2393,0.5254,0.246,0.7532
2025-08-22,0.7887,0.5349,0.2905,0.325,0.1656,0.1358,0.7001,0.7342,0.1059,0.1419,0.0943,0.1121,0.0996,0.2652,0.7012,0.119,0.4171,0.2946,0.7808,0.2236,0.1726,0.1139,0.1244,0.7913,0.1731,0.8039,0.1516,0.1653,0.1376,0.2042,0.53285,0.5164,0.1726,0.4951,0.2931,0.1146,0.6647,0.40825999999999996,0.36017,0.1378,0.6941,0.8253,0.8555,0.5194,0.6076699999999999,0.37384,0.6731,0.7853,0.253,0.6026,0.7332,0.3959,0.23855,0.19414,0.21,0.8954,0.414,0.1347,0.57558,0.50246,0.9,0.9012,0.1516,0.7926,0.8074,0.1253,0.7933,0.0928,0.7991,0.488,0.823,0.4478,0.2855,0.7217,0.1243,0.6542,0.8631,0.1834,0.8141,0.0969,0.105,0.787,0.2356,0.8058,0.1228,0.8844,0.9089,0.1294,0.7694,0.155,0.1202,0.7956,0.1302,0.8286,0.712,0.8924,0.9299,0.7975,0.113,0.1704,0.779,0.8825,0.0914,0.8568,0.1086,0.8021,0.1803,0.6032,0.8176,0.3807,0.1907,0.7296,0.7103,0.1596,0.1226,0.8071,0.1581,0.0941,0.8481,0.1007,0.1994,0.1617,0.5801,0.1014,0.5892,0.0645,0.114,0.204,0.4399,0.1188,0.2918,0.7703,0.6918,0.1101,0.1062,0.448,0.7258,0.1838,0.5958,0.1179,0.7229,0.2332,0.8255,0.8319,0.1107,0.5598,0.8353,0.7737,0.6102,0.5243,0.2676,0.6711,0.3345,0.813
2025-08-25,0.5709,0.5218,0.3338,0.2838,0.2802,0.1518,0.582,0.6185,0.2293,0.1665,0.1282,0.2056,0.1632,0.5273,0.7297375,0.1525,0.3441,0.2505,0.6961,0.2461,0.1816,0.1833,0.1674,0.786725,0.1869,0.6928,0.2034,0.2022,0.188,0.1693,0.5039,0.4624,0.1836,0.4512,0.30465000000000003,0.1641,0.5604,0.5345,0.3734,0.4554,0.4664,0.7056,0.8659625,0.5615875,0.5537,0.3868,0.2877,0.7375,0.2487,0.312,0.6385,0.377,0.2063,0.1534,0.20055,0.4983,0.3004,0.2228,0.6171,0.4661,0.3504,0.3275,0.14676250000000002,0.4052,0.6955,0.1766,0.7779625,0.1788,0.7362,0.4494,0.7545,0.5266,0.5366,0.6758375,0.1208875,0.582,0.854325,0.1744,0.7148,0.1494,0.1221,0.4391,0.2866,0.6918,0.12786250000000002,0.6834,0.6922,0.1868,0.6573,0.1503125,0.1143125,0.72375,0.1544,0.6602,0.7279374999999999,0.7922,0.8279,0.6794,0.2375,0.2235,0.7050875,0.5118,0.1497,0.8406,0.2046,0.3897,0.162,0.559,0.7203,0.2882,0.1623125,0.3389,0.3318,0.16244999999999998,0.1772,0.4696,0.2071,0.094475,0.5375,0.112925,0.2588,0.188,0.4885,0.14673,0.612525,0.1156,0.1473,0.2002,0.3302,0.2944,0.2982,0.6642,0.6933,0.1471,0.1449,0.404,0.5782,0.2225,0.51267,0.1567,0.6774,0.2278,0.7681,0.761,0.1757,0.4934,0.7668,0.6382,0.596,0.5108,0.2506,0.5834,0.3639,0.7532
2025-08-30,0.2878,0.6843,0.3265,0.359,0.1349,0.122,0.6875,0.28,0.099,0.1093,0.1039,0.1173,0.0862,0.3032,0.7773,0.1252,0.348,0.2021,0.7986,0.1419,0.1584,0.1182,0.1082,0.7791,0.1595,0.7215,0.1432,0.1559,0.1563,0.1202,0.5261,0.3724,0.1869,0.4136,0.3239,0.1209,0.69,0.4347,0.3966,0.1449,0.3003,0.2704,0.8834,0.6319,0.4611,0.4013,0.5898,0.8248,0.161,0.6813,0.6453,0.3463,0.1671,0.0974,0.1848,0.8568,0.4022,0.1221,0.7159,0.7929,0.892,0.88,0.1387,0.7504,0.7806,0.1267,0.7524,0.113,0.7895,0.4891,0.8476,0.3636,0.4412,0.5994,0.1152,0.4398,0.8397,0.1594,0.807,0.1139,0.084,0.7245,0.1712,0.8317,0.1363,0.8496,0.8614,0.1126,0.7907,0.1425,0.1045,0.604,0.1267,0.8595,0.7545,0.8436,0.8948,0.7478,0.1382,0.192,0.5819,0.9095,0.0742,0.8136,0.1262,0.7719,0.1314,0.5434,0.7282,0.3062,0.115,0.7248,0.6287,0.1672,0.1073,0.7868,0.1396,0.0951,0.849,0.1333,0.1797,0.1395,0.4406,0.22228000000000003,0.6514,0.0974,0.1456,0.1409,0.4358,0.1471,0.3011,0.3875,0.2602,0.1359,0.1371,0.4361,0.6764142857142857,0.1961,0.37412,0.1361,0.312,0.20422857142857143,0.3263,0.7884,0.1024,0.6803,0.3268,0.6291,0.2881,0.5849,0.2825,0.2745,0.4443,0.8122
2025-09-01,0.2202,0.6724,0.3051,0.3558,0.1382,0.1217,0.6389,0.214,0.0987,0.1076,0.1042,0.1127,0.0883,0.2909,0.706,0.1204,0.2934,0.1771,0.7498,0.1215,0.1471,0.1006,0.086,0.7095,0.1513,0.6563,0.1356,0.1474,0.152,0.1255,0.5085,0.3663,0.1469,0.3735,0.3269,0.1234,0.6465,0.3826,0.3536,0.1442,0.3414,0.3461,0.835,0.6181,0.4097,0.3676,0.5589,0.7787,0.1492,0.604,0.578,0.3382,0.1694,0.1049,0.1853,0.8235,0.3593,0.1209,0.6745,0.7435,0.8245,0.8255,0.1349,0.6708,0.6022,0.1294,0.6984,0.1165,0.7534,0.4873,0.7906,0.3112,0.3893,0.5169,0.1202,0.4004,0.8054,0.1558,0.7618,0.1124,0.1132,0.717,0.1595,0.7148,0.1263,0.8064,0.8407,0.1187,0.4251,0.1381,0.1037,0.2771,0.1395,0.7889,0.7145,0.8113,0.863,0.7217,0.1251,0.1705,0.2842,0.8659,0.0857,0.8054,0.1108,0.7375,0.1127,0.5289,0.3514,0.2788,0.107,0.6716,0.6716,0.1476,0.1065,0.7845,0.139,0.1134,0.8069,0.1258,0.173,0.1376,0.3039,0.2525,0.6374,0.0868,0.1361,0.1281,0.433,0.132,0.2794,0.2905,0.3169,0.1207,0.1228,0.4602,0.7157,0.1901,0.3187,0.1305,0.3149,0.1948,0.2729,0.7735,0.1008,0.6763,0.2809,0.7134,0.2774,0.5673,0.2811,0.2655,0.4601,0.8088
2025-09-04,0.1764,0.7059,0.34,0.4089,0.1588,0.1395,0.6294,0.1766,0.1182,0.1261,0.1223,0.1256,0.1072,0.2018,0.6765,0.1359,0.29,0.175,0.7339,0.1348,0.1615,0.1111,0.0988,0.6823,0.1647,0.617,0.1509,0.1594,0.1637,0.1339,0.5444,0.3725,0.159,0.3842,0.3399,0.1307,0.3237,0.3615,0.3945,0.1553,0.5387,0.5956,0.8435,0.643,0.3868,0.4156,0.5632,0.7988,0.1618,0.6732,0.5304,0.3436,0.1757,0.1103,0.2022,0.8167,0.3881,0.1291,0.3385,0.7597,0.8394,0.8366,0.1427,0.7097,0.3182,0.1342,0.6866,0.1244,0.7578,0.5318,0.794,0.2795,0.4394,0.3271,0.127,0.3337,0.8079,0.17,0.7485,0.1305,0.0983,0.7181,0.1728,0.802,0.1351,0.7982,0.8426,0.1256,0.3218,0.1512,0.1092,0.3023,0.1423,0.792,0.7177,0.8102,0.8722,0.7208,0.1411,0.1851,0.3102,0.8895,0.0935,0.8037,0.1248,0.7477,0.1303,0.5328,0.3349,0.2792,0.1141,0.6724,0.6788,0.1633,0.1165,0.7901,0.1403,0.1245,0.8122,0.1338,0.1882,0.1461,0.3133,0.2727,0.6397,0.0926,0.136,0.1264,0.4387,0.1312,0.2854,0.3767,0.4915,0.1183,0.119,0.5003,0.7248,0.2041,0.4294,0.1338,0.441,0.1421,0.3737,0.7754,0.1068,0.6912,0.3888,0.6524,0.3779,0.5576,0.3001,0.3829,0.5103,0.8097
2025-09-11,0.1798,0.7279,0.4105,0.5386,0.1781,0.167,0.6044,0.1666,0.1192,0.1387,0.1273,0.1504,0.1209,0.1824,0.1957,0.1381,0.3202,0.1262,0.6245,0.1433,0.1708,0.1216,0.1138,0.1976,0.1652,0.2918,0.1586,0.1689,0.1753,0.1688,0.6534,0.397,0.1695,0.4296,0.323,0.1668,0.4906,0.3408,0.4483,0.1637,0.7056,0.8135,0.8611,0.6957,0.3691,0.4612,0.5644,0.7914,0.1782,0.7332,0.197,0.3983,0.1901,0.1358,0.2242,0.7969,0.4568,0.1297,0.2194,0.7962,0.8203,0.8187,0.145,0.6858,0.6386,0.1388,0.2815,0.13,0.7392,0.6188,0.7919,0.152,0.4442,0.1744,0.1313,0.1766,0.7867,0.1915,0.7437,0.134,0.1036,0.7031,0.1858,0.7874,0.17,0.7422,0.8268,0.1295,0.7047,0.1918,0.1284,0.7563,0.1506,0.764,0.3037,0.7889,0.8616,0.7211,0.1407,0.1849,0.7252,0.8713,0.101,0.7813,0.1243,0.7322,0.1168,0.5371,0.7736,0.3191,0.1176,0.608,0.408,0.1916,0.1782,0.5937,0.1567,0.1215,0.7756,0.1394,0.2127,0.1584,0.7041,0.293,0.6727,0.1043,0.1474,0.1385,0.4516,0.1466,0.2882,0.798,0.7218,0.1396,0.1302,0.3862,0.7382,0.1749,0.7055,0.1595,0.7024,0.1594,0.8262,0.766,0.145,0.7595,0.8125,0.2647,0.6374,0.5727,0.35,0.6942,0.6266,0.7911
2025-09-14,0.18516249999999998,0.727525,0.380275,0.5254375,0.1735625,0.158825,0.5909,0.1717375,0.1152625,0.135175,0.127825,0.1109,0.12329999999999999,0.1881,0.1859875,0.13525,0.30748749999999997,0.1178,0.5145125,0.1361,0.16795000000000002,0.11455,0.1053625,0.188225,0.1595,0.2624,0.150575,0.162975,0.17623750000000002,0.15575,0.620325,0.3515125,0.1615125,0.3792375,0.310475,0.152475,0.5566375,0.3254625,0.438925,0.15725,0.70575,0.8172125,0.8578,0.6873374999999999,0.361825,0.4592125,0.5117125,0.7917375,0.166125,0.7242375,0.1829375,0.3605,0.179225,0.1392,0.2131375,0.781525,0.36335,0.1234375,0.2398,0.7498,0.8030875,0.809175,0.1396375,0.5223375,0.6981499999999999,0.13392500000000002,0.2445625,0.12340000000000001,0.5442374999999999,0.610925,0.785675,0.14435,0.1414,0.1886,0.12638749999999999,0.15657500000000002,0.591925,0.180025,0.7322625,0.1292375,0.1875,0.530225,0.1826875,0.7819625,0.17045,0.7132499999999999,0.8125125,0.1381,0.749925,0.193225,0.0992,0.7793625,0.184,0.665,0.24876250000000003,0.5991,0.846,0.535175,0.2444,0.183625,0.740425,0.8416,0.1237,0.6593,0.1818,0.6901,0.1376,0.4835125,0.8060375,0.2969,0.2181,0.5453,0.36029999999999995,0.1922,0.177975,0.4837125,0.2151,0.1145625,0.7504375,0.133625,0.2124,0.14501250000000002,0.734175,0.2864,0.6407499999999999,0.096575,0.1394125,0.129275,0.3073,0.1387625,0.2995,0.8158125,0.725925,0.1349125,0.12495,0.301675,0.6963,0.1605,0.7207625,0.154025,0.70885,0.1454,0.8441625,0.5871999999999999,0.1398625,0.7712,0.8305375,0.312475,0.6524375,0.5713875,0.34309999999999996,0.7126875,0.6275375000000001,0.779475
2025-09-19,0.1941,0.7269,0.3299,0.5035,0.166,0.1452,0.5684,0.1803,0.1087,0.1293,0.1287,0.1485,0.1273,0.1976,0.1698,0.1305,0.2863,0.1038,0.3312,0.1241,0.1632,0.1028,0.0913,0.1726,0.15,0.2134,0.1372,0.1531,0.1778,0.134,0.5652,0.2757,0.1482,0.2953,0.2896,0.1286,0.6667,0.2999,0.4233,0.1465,0.706,0.8234,0.8523,0.6734,0.3497,0.4559,0.4239,0.7923,0.146,0.7093,0.1595,0.2975,0.1611,0.1197,0.1947,0.7559,0.2076,0.113,0.2738,0.7703,0.7744,0.7933,0.1307,0.2499,0.7974,0.1258,0.183,0.1124,0.2193,0.5978,0.7753,0.1316,0.3009,0.132,0.1182,0.1232,0.2673,0.1609,0.7132,0.1213,0.0891,0.2421,0.1775,0.7729,0.1712,0.665,0.7887,0.115,0.8253,0.1956,0.1106,0.8178,0.1196,0.7157,0.1572,0.7435,0.82,0.2253,0.1329,0.1815,0.7658,0.8549,0.0775,0.2095,0.1354,0.7037,0.1009,0.3942,0.8601,0.2599,0.1094,0.5325,0.2808,0.1932,0.1776,0.3004,0.1397,0.103,0.7085,0.124,0.1684,0.1227,0.7843,0.2754,0.5875,0.0837,0.1261,0.1139,0.2899,0.1257,0.2201,0.8455,0.7328,0.1271,0.1162,0.1608,0.7083,0.1365,0.7462,0.1449,0.7196,0.1351,0.8741,0.2892,0.1313,0.7907,0.8606,0.3921,0.6775,0.5692,0.3316,0.7435,0.6291,0.7601
2025-09-21,0.1776,0.721,0.1153,0.5072,0.1586,0.1423,0.5399,0.1789,0.1042,0.1347,0.1207,0.1372,0.1236,0.1401,0.1705,0.1223,0.2775,0.1024,0.1932,0.116,0.1821,0.1007,0.0864,0.1771,0.1517,0.2057,0.1871,0.1636,0.17632,0.1362,0.5538,0.2741,0.1438,0.2782,0.3225,0.1166,0.6706,0.2213,0.3921,0.1287,0.6479,0.8301,0.768,0.5494,0.35326,0.4011,0.4289,0.6958,0.1613,0.5953,0.3036,0.383,0.1386,0.1128,0.1895,0.7315,0.2265,0.11604,0.1437,0.7075,0.5035,0.7107,0.2253,0.26176,0.7515,0.1491,0.1776,0.1205,0.2069,0.5655,0.707,0.1371,0.3767,0.1674,0.1294,0.1231,0.2458,0.1509,0.6908,0.1248,0.228,0.2269,0.1773,0.6975,0.1733,0.6058,0.7767,0.1252,0.8111,0.2223,0.1103,0.7517,0.1075,0.6561,0.1335,0.7256,0.8053,0.2159,0.1817,0.2618,0.6607,0.8458,0.0725,0.1857,0.1244,0.6911,0.0914,0.3411,0.8673,0.2595,0.1059,0.501,0.3239,0.19744,0.1791,0.2734,0.1411,0.108,0.6959,0.1186,0.1703,0.1213,0.7994,0.1376,0.5379,0.0828,0.1273,0.1106,0.2602,0.1123,0.219,0.8577,0.6093,0.1131,0.11,0.1584,0.3166,0.1272,0.7807,0.1385,0.612,0.1324,0.8865,0.2734,0.1436,0.8071,0.8739,0.4288,0.6477,0.6159,0.3316,0.7509,0.6188,0.7425
2025-09-24,0.193725,0.7177375,0.20923750000000002,0.3909125,0.17078749999999998,0.149725,0.5179250000000001,0.2090125,0.11155,0.13215,0.1318,0.1520125,0.141525,0.138525,0.181525,0.13115000000000002,0.2362875,0.108325,0.19740000000000002,0.1229,0.18101250000000002,0.1058375,0.09015000000000001,0.18808750000000002,0.156725,0.1940375,0.175025,0.1649875,0.1741,0.139425,0.5867249999999999,0.2601125,0.14965,0.2708125,0.3228,0.12942499999999998,0.6077874999999999,0.25403749999999997,0.43972500000000003,0.1395,0.6708125,0.8293499999999999,0.7846500000000001,0.536275,0.35860000000000003,0.4605375,0.4204625,0.7288749999999999,0.162875,0.6477625,0.2548125,0.3258125,0.1384875,0.1164,0.202925,0.7217875,0.220425,0.12060000000000001,0.1444875,0.736675,0.5799624999999999,0.7240125,0.19755,0.27954999999999997,0.71655,0.1471125,0.1695,0.1226375,0.1498,0.5721375,0.3804,0.1344375,0.3245375,0.14227499999999998,0.129325,0.1261375,0.20755,0.1700625,0.6816125,0.12408749999999999,0.182025,0.23961249999999998,0.18682500000000002,0.7188,0.198575,0.6047875,0.7606499999999999,0.1310875,0.8259125,0.2361,0.1152875,0.7807625,0.1209625,0.65025,0.1321875,0.4272,0.4561,0.211475,0.1216,0.1155,0.696325,0.8269,0.0790625,0.1825125,0.3191,0.6698000000000001,0.0743,0.3247875,0.867675,0.22694999999999999,0.11535,0.4774875,0.37062500000000004,0.2038,0.0683,0.21925,0.15295,0.1072875,0.6807124999999999,0.1300375,0.1804625,0.1289875,0.8001875,0.1961,0.5491875,0.1564,0.136525,0.1202,0.264325,0.12381249999999999,0.215475,0.851775,0.6652875,0.12390000000000001,0.1162625,0.1510875,0.4663,0.1393875,0.7774749999999999,0.1449875,0.6561375,0.1396,0.8793375,0.21872499999999997,0.1577,0.54,0.868125,0.32143750000000004,0.6712875,0.4301,0.35005000000000003,0.7056,0.5294,0.5666
2025-09-29,0.2206,0.7123,0.3658,0.1971,0.1911,0.1621,0.4813,0.2592,0.1238,0.1279,0.1503,0.1767,0.1714,0.1359,0.1999,0.1459,0.1676,0.1182,0.2044,0.1344,0.1792,0.1144,0.0964,0.2064,0.1651,0.1746,0.1549,0.1673,0.1704,0.1448,0.6416,0.2368,0.1594,0.2585,0.3233,0.1508,0.5031,0.3086,0.5191,0.1575,0.709,0.8281,0.8124,0.5144,0.3675,0.5596,0.4064,0.784,0.1655,0.7352,0.1735,0.2305,0.1383,0.1224,0.2253,0.7056,0.2103,0.1282,0.1458,0.7853,0.7074,0.7462,0.1513,0.3092,0.6583,0.1438,0.156,0.1262,0.2447,0.5832,0.7479,0.13,0.2376,0.1004,0.1292,0.1312,0.1438,0.202,0.6663,0.1229,0.1054,0.2608,0.2027,0.7543,0.2407,0.6031,0.7339,0.1409,0.8506,0.2591,0.1236,0.8292,0.1434,0.6405,0.13,0.6875,0.7571,0.2041,0.1596,0.1997,0.7557,0.7954,0.09,0.1772,0.1408,0.6343,0.1217,0.2976,0.8683,0.1727,0.1311,0.4383,0.4485,0.2144,0.1548,0.129,0.1727,0.1061,0.6554,0.1491,0.1974,0.1418,0.8015,0.2936,0.568,0.1007,0.1519,0.1362,0.2712,0.143,0.2096,0.8419,0.7586,0.1419,0.1267,0.1389,0.7158,0.1597,0.7721,0.1558,0.7297,0.1516,0.8674,0.1276,0.1812,0.761,0.8585,0.1425,0.7106,0.5321,0.3808,0.764,0.6759,0.6697
2025-10-01,0.2326,0.5914,0.3524,0.1905,0.2001,0.1639,0.4744,0.2546,0.1228,0.15,0.1536,0.1293,0.148,0.1407,0.2121,0.1534,0.1659,0.1289,0.1928,0.1553,0.1894,0.1163,0.0958,0.2203,0.1728,0.1826,0.1694,0.1762,0.1736,0.1747,0.4865,0.2339,0.1551,0.2565,0.2792,0.165,0.3857,0.2249,0.336,0.1516,0.6781,0.7555,0.7454,0.5337,0.2735,0.3639,0.4081,0.7986,0.161,0.6973,0.1774,0.2336,0.1706,0.1737,0.2629,0.6884,0.2526,0.1532,0.1779,0.7789,0.6688,0.7242,0.1364,0.1808,0.5659,0.1393,0.168,0.1286,0.1713,0.1894,0.6022,0.1244,0.2311,0.1027,0.1277,0.1469,0.147,0.2072,0.6592,0.1216,0.1475,0.2806,0.2069,0.7086,0.2503,0.5982,0.7251,0.1735,0.639,0.2318,0.1382,0.6329,0.1577,0.5389,0.1385,0.681,0.747,0.1866,0.1388,0.1897,0.5255,0.7685,0.0997,0.1783,0.1494,0.6205,0.1296,0.2869,0.6022,0.2021,0.1115,0.4389,0.4608,0.2147,0.1571,0.1328,0.1669,0.1434,0.6524,0.1324,0.202,0.1425,0.7725,0.2951,0.5663,0.1229,0.1359,0.1298,0.2763,0.1292,0.2032,0.8574,0.7867,0.1316,0.1321,0.1343,0.6744,0.1533,0.7909,0.1592,0.7577,0.1952,0.8772,0.1008,0.1909,0.7566,0.8619,0.1345,0.7286,0.4594,0.3294,0.7308,0.6096,0.5677
2025-10-04,0.2184,0.3219,0.282,0.1609,0.1828,0.1623,0.2889,0.2026,0.1416,0.162,0.1813,0.1497,0.137,0.1419,0.1818,0.1632,0.1655,0.1342,0.1651,0.1437,0.1566,0.1212,0.1162,0.159,0.1858,0.1816,0.1922,0.1789,0.1627,0.1632,0.4479,0.2069,0.1525,0.2089,0.2686,0.1497,0.2201,0.1182,0.4461,0.1851,0.4745,0.5703,0.4906,0.3524,0.1027,0.4935,0.3095,0.6499,0.1638,0.503,0.1748,0.1796,0.1203,0.1202,0.2154,0.4201,0.1795,0.1612,0.1708,0.6801,0.4139,0.4196,0.1653,0.2052,0.282,0.1769,0.1675,0.1515,0.1738,0.1951,0.3438,0.1687,0.1865,0.1485,0.1678,0.1498,0.1633,0.152,0.3792,0.1777,0.1619,0.2262,0.2102,0.4613,0.1572,0.3219,0.398,0.1887,0.2314,0.1585,0.155,0.213,0.2037,0.3914,0.1639,0.3365,0.3737,0.149,0.1857,0.1985,0.2064,0.4251,0.1655,0.1413,0.1737,0.3152,0.1548,0.2203,0.2907,0.1423,0.1655,0.2464,0.188,0.2454,0.1449,0.1487,0.1842,0.1675,0.2749,0.1701,0.1882,0.1881,0.2094,0.2643,0.3793,0.1388,0.1673,0.1694,0.2236,0.1608,0.1957,0.2088,0.2589,0.1582,0.1496,0.1607,0.3037,0.1511,0.3655,0.17110869565217393,0.6753384615384616,0.2236,0.216,0.11386153846153846,0.1774,0.235,0.237,0.2349,0.2821,0.2078,0.2486,0.2757,0.2536,0.2588
2025-10-09,0.18,0.3723,0.26349999999999996,0.18155,0.207975,0.179475,0.28212499999999996,0.20895,0.155625,0.173175,0.19535,0.1207,0.154225,0.12664999999999998,0.14475,0.178475,0.15860000000000002,0.1285,0.1639,0.1867,0.1804,0.1385,0.12940000000000002,0.13795000000000002,0.1997,0.1421,0.1654,0.1614,0.1325,0.11815,0.520175,0.2179,0.1129,0.19425,0.30495,0.1406,0.0958,0.11195,0.49665,0.1502,0.328,0.40625,0.4348,0.399,0.09335,0.5508,0.2756,0.6014,0.1894,0.5616,0.1431,0.1233,0.132825,0.1547,0.1918,0.4537,0.1211,0.0985,0.2132,0.5547428571428572,0.4691,0.5271,0.159,0.1564,0.091,0.1467,0.1452,0.1259,0.1578,0.1794,0.6014,0.1695,0.1308,0.1102,0.1626,0.1186,0.1232,0.125,0.5056,0.1189,0.1176,0.1565,0.1864,0.4312,0.096,0.3578,0.4898,0.1421,0.2557,0.1786,0.1406,0.2291,0.2497,0.4938,0.1109,0.4638,0.4058,0.15339999999999998,0.1771,0.21602500000000002,0.323775,0.4507,0.1026,0.155,0.15127142857142858,0.25934285714285715,0.09585,0.2204,0.2666,0.13958571428571429,0.1765,0.252625,0.298,0.2245,0.3355,0.12675,0.210675,0.07100000000000001,0.29627499999999996,0.1857,0.2213,0.1956,0.3081,0.19737142857142856,0.3618,0.09351428571428572,0.18085,0.15547142857142857,0.2131,0.32705,0.17591428571428572,0.2118,0.27054285714285714,0.17435,0.16545,0.15634285714285714,0.3634142857142857,0.10888571428571428,0.3124,0.19095652173913044,0.5380692307692307,0.1593857142857143,0.24842857142857144,0.13563076923076922,0.20105,0.4167142857142857,0.24957142857142856,0.1712,0.34474285714285713,0.3147285714285714,0.3013857142857143,0.3194,0.3910285714285714,0.2838
2025-10-11,0.16464,0.39246000000000003,0.2561,0.18980999999999998,0.218045,0.186345,0.27941499999999997,0.21149,0.161235,0.177645,0.20096999999999998,0.13222,0.161115,0.12054999999999999,0.12993,0.184585,0.15584,0.12622,0.16342,0.12193999999999999,0.18992,0.14542,0.13468,0.12953,0.20526,0.16598000000000002,0.17557333333333333,0.15692,0.14568666666666666,0.10013000000000001,0.549085,0.22462000000000001,0.12996666666666667,0.18839,0.31949,0.13696,0.08836,0.10945,0.51687,0.16040000000000001,0.34512000000000004,0.34063,0.49720000000000003,0.42530666666666667,0.08961000000000001,0.57372,0.2775066666666667,0.6143333333333334,0.19792,0.5711333333333333,0.15548666666666666,0.1371,0.137835,0.1685,0.18116000000000002,0.34897999999999996,0.17654,0.10434,0.23016,0.5046,0.45819333333333334,0.5060333333333333,0.16728,0.16745333333333334,0.08616,0.15388666666666667,0.15392,0.13375333333333334,0.16324,0.19401333333333334,0.57188,0.17571333333333333,0.12992,0.12536,0.16894666666666666,0.11272,0.13524,0.13925333333333334,0.49808,0.11398,0.12397333333333332,0.16614,0.21168,0.374,0.11357333333333333,0.29064,0.47424,0.15283333333333335,0.1259,0.18664,0.2109,0.28340666666666664,0.1336,0.4701066666666667,0.0625,0.3193,0.3977866666666667,0.15516,0.17366,0.223035,0.37072499999999997,0.3709,0.11097333333333333,0.16048,0.1423,0.237,0.07227,0.21,0.2375,0.1385,0.1809,0.255115,0.1369,0.178,0.0748,0.11797,0.22126500000000002,0.0324,0.304825,0.19194,0.23454,0.1986,0.34758,0.1706,0.2466,0.0754,0.18627,0.1499,0.2089,0.39355,0.168,0.213,0.2752,0.18081,0.17179,0.1546,0.3873,0.092,0.278,0.19889565217391306,0.4831615384615385,0.1337,0.2614,0.14433846153846153,0.21051,0.4894,0.2546,0.14572,0.3698,0.3575,0.3225,0.33688,0.446,0.2938
2025-10-14,0.1416,0.42269999999999996,0.245,0.2022,0.23314999999999997,0.19665,0.27535,0.2153,0.16965,0.18435,0.2094,0.1495,0.17145,0.1114,0.1077,0.19375,0.1517,0.1228,0.1627,0.0248,0.2042,0.1558,0.1426,0.1169,0.21359999999999998,0.2018,0.19083333333333333,0.1502,0.16546666666666668,0.0731,0.59245,0.2347,0.15556666666666666,0.1796,0.3413,0.1315,0.0772,0.1057,0.5472,0.1757,0.3708,0.2422,0.5908,0.4647666666666667,0.084,0.6081,0.28036666666666665,0.6337333333333334,0.21070000000000003,0.5854333333333334,0.17406666666666668,0.1578,0.14535,0.1727923076923077,0.1652,0.1919,0.2597,0.1131,0.2556,0.7215,0.44183333333333336,0.4744333333333333,0.1797,0.18403333333333335,0.0789,0.16466666666666666,0.167,0.14553333333333335,0.1714,0.2159333333333333,0.5276000000000001,0.18503333333333333,0.1286,0.1481,0.17846666666666666,0.1039,0.1533,0.16063333333333332,0.4868,0.1066,0.13353333333333334,0.1806,0.2496,0.66,0.13993333333333335,0.1899,0.4509,0.16893333333333332,0.1032,0.1987,0.21066923076923078,0.3648666666666667,0.15464615384615385,0.43456666666666666,0.09353846153846154,0.3922,0.38576666666666665,0.1578,0.1685,0.23355,0.44114999999999993,0.4078,0.12353333333333333,0.1687,0.16595384615384617,0.26466923076923077,0.0369,0.2367923076923077,0.0903,0.1317,0.1875,0.25885,0.15499230769230768,0.1936,0.091,0.1048,0.23715000000000003,0.05510769230769231,0.31765,0.2013,0.2544,0.2031,0.4068,0.1749,0.2806,0.1154,0.19440000000000002,0.16681538461538462,0.2515,0.4933,0.1807,0.404,0.4149,0.1905,0.18130000000000002,0.16678461538461536,0.4526,0.135,0.3986,0.21080434782608695,0.4008,0.1509,0.3019,0.1574,0.2247,0.5320230769230769,0.3550076923076923,0.1075,0.4537,0.35043846153846153,0.3411461538461539,0.3631,0.5651,0.2036
2025-10-19,0.19115,0.47309999999999997,0.35525,0.22285,0.25832499999999997,0.21382500000000002,0.268575,0.22165,0.18367499999999998,0.195525,0.22344999999999998,0.17830000000000001,0.188675,0.15,0.1605,0.20902500000000002,0.17895,0.15965000000000001,0.2294,0.12685,0.22800000000000004,0.17310000000000003,0.1558,0.16575,0.2275,0.20350000000000001,0.21626666666666666,0.19690000000000002,0.19843333333333335,0.13374999999999998,0.664725,0.2515,0.19823333333333332,0.2163,0.3631,0.1724,0.13255,0.14215,0.6327,0.20120000000000002,0.5233,0.49305,0.6297999999999999,0.5305333333333334,0.127,0.6654,0.28513333333333335,0.6660666666666667,0.232,0.6092666666666666,0.20503333333333332,0.1827,0.157875,0.17994615384615384,0.2184,0.21914999999999998,0.23825,0.15705000000000002,0.2348,0.7626999999999999,0.41456666666666664,0.4217666666666667,0.2004,0.21166666666666667,0.12975,0.18263333333333334,0.1888,0.16516666666666666,0.185,0.2524666666666666,0.4538,0.20056666666666667,0.16695,0.15955000000000003,0.19433333333333333,0.15405,0.1834,0.19626666666666664,0.41385,0.14875,0.14946666666666666,0.2047,0.24635,0.5516,0.18386666666666668,0.22005,0.35960000000000003,0.19576666666666667,0.1461,0.2188,0.21028461538461538,0.5006333333333334,0.18972307692307694,0.37533333333333335,0.14526923076923076,0.35655000000000003,0.36573333333333335,0.19275,0.19770000000000001,0.251075,0.5585249999999999,0.46930000000000005,0.14446666666666666,0.1824,0.20537692307692307,0.3107846153846154,0.12005,0.28144615384615385,0.13245,0.17795,0.1985,0.265075,0.18514615384615385,0.2434,0.13219999999999998,0.15810000000000002,0.263625,0.09295384615384615,0.339025,0.2169,0.2875,0.21059999999999998,0.5473,0.25065000000000004,0.29135,0.18915,0.20795,0.19500769230769233,0.2931,0.3562,0.2338,0.5667,0.5606,0.20665,0.19715,0.1870923076923077,0.6097,0.17205,0.54445,0.2306521739130435,0.5493,0.19715,0.48385,0.17620000000000002,0.31215000000000004,0.6030615384615385,0.5223538461538462,0.16115,0.5829500000000001,0.3386692307692308,0.37222307692307693,0.29564999999999997,0.60425,0.2245
2025-10-21,0.21097,0.49326,0.39935000000000004,0.23110999999999998,0.268395,0.220695,0.26586499999999996,0.22419,0.18928499999999998,0.19999499999999998,0.22907,0.18982,0.195565,0.16544,0.18162,0.215135,0.18985,0.17439000000000002,0.25608,0.16766999999999999,0.23752,0.18002,0.16108,0.18529,0.23306,0.20418,0.22644,0.21558,0.21162,0.15800999999999998,0.693635,0.25822,0.2153,0.23098000000000002,0.37182000000000004,0.18875999999999998,0.15469,0.15673,0.6668999999999999,0.2114,0.5843,0.59339,0.6454,0.55684,0.14420000000000002,0.68832,0.28704,0.679,0.24052,0.6188,0.21742,0.19266,0.162885,0.1828076923076923,0.23968,0.23005,0.22966999999999999,0.17463,0.22648,0.77918,0.40366,0.4007,0.20867999999999998,0.22272000000000003,0.15009,0.18982,0.19752,0.17302,0.19044,0.26708,0.42428,0.20678,0.18229,0.16413,0.20068,0.17411,0.19544,0.21051999999999998,0.38467,0.16560999999999998,0.15583999999999998,0.21434,0.24505,0.50824,0.20144,0.23210999999999998,0.32308000000000003,0.2065,0.16326000000000002,0.22683999999999999,0.21013076923076923,0.55494,0.20375384615384615,0.35163999999999995,0.1659615384615385,0.34229,0.35772,0.20673000000000002,0.20938,0.258085,0.605475,0.4939,0.15283999999999998,0.18788,0.22114615384615385,0.3292307692307692,0.15331,0.2993076923076923,0.14931,0.19645,0.2029,0.267565,0.1972076923076923,0.26332,0.14867999999999998,0.17942,0.27421500000000004,0.1080923076923077,0.34757499999999997,0.22314,0.30074,0.21359999999999998,0.6034999999999999,0.28095000000000003,0.29564999999999997,0.21865,0.21337,0.2062846153846154,0.30974,0.30136,0.25504,0.63178,0.6188800000000001,0.21311,0.20349,0.19521538461538462,0.67254,0.18687,0.60279,0.2385913043478261,0.6087,0.21565,0.55663,0.18372000000000002,0.34713,0.631476923076923,0.5892923076923077,0.18261,0.63465,0.3339615384615385,0.3846538461538461,0.26866999999999996,0.61991,0.23286
2025-10-24,0.2407,0.5235,0.4655,0.2435,0.2835,0.231,0.2618,0.228,0.1977,0.2067,0.2375,0.2071,0.2059,0.1886,0.2133,0.2243,0.2062,0.1965,0.2961,0.2289,0.2518,0.1904,0.169,0.2146,0.2414,0.2052,0.2417,0.2436,0.2314,0.1944,0.737,0.2683,0.2409,0.253,0.3849,0.2133,0.1879,0.1786,0.7182,0.2267,0.6758,0.7439,0.6688,0.5963,0.17,0.7227,0.2899,0.6984,0.2533,0.6331,0.236,0.2076,0.1704,0.1871,0.2716,0.2464,0.2168,0.201,0.214,0.8039,0.3873,0.3691,0.2211,0.2393,0.1806,0.2006,0.2106,0.1848,0.1986,0.289,0.38,0.2161,0.2053,0.171,0.2102,0.2042,0.2135,0.2319,0.3409,0.1909,0.1654,0.2288,0.2431,0.4432,0.2278,0.2502,0.2683,0.2226,0.189,0.2389,0.2099,0.6364,0.2248,0.3161,0.197,0.3209,0.3457,0.2277,0.2269,0.2686,0.6759,0.5308,0.1654,0.1961,0.2448,0.3569,0.2032,0.3261,0.1746,0.2242,0.2095,0.2713,0.2153,0.2932,0.1734,0.2114,0.2901,0.1308,0.3604,0.2325,0.3206,0.2181,0.6878,0.3264,0.3021,0.2629,0.2215,0.2232,0.3347,0.2191,0.2869,0.7294,0.7063,0.2228,0.213,0.2074,0.7668,0.2091,0.6903,0.2505,0.6978,0.2434,0.6658,0.195,0.3996,0.6741,0.6897,0.2148,0.7122,0.3269,0.4033,0.2282,0.6434,0.2454
2025-10-29,0.1747,0.445,0.3033,0.1531,0.1863,0.1379,0.203,0.1612,0.1131,0.1179,0.1513,0.1254,0.1244,0.114,0.1409,0.1432,0.128,0.1309,0.2184,0.1289,0.1678,0.1083,0.0955,0.1368,0.1544,0.1556,0.1551,0.1568,0.1543,0.1102,0.7216,0.186,0.1422,0.1503,0.2915,0.1336,0.1145,0.16390000000000002,0.6968,0.1473,0.6525,0.7239,0.4992,0.5183,0.15436666666666668,0.6832,0.1729,0.6045,0.1602,0.5279,0.1581,0.1125,0.15439999999999998,0.17099999999999999,0.1698,0.2013,0.1267,0.1173,0.1953,0.6782666666666666,0.2633,0.2854,0.146,0.1549,0.1114,0.1294,0.1448,0.1079,0.0927,0.1896,0.2612,0.1232,0.19056666666666666,0.15593333333333334,0.1226,0.134,0.1258,0.1415,0.2638,0.1124,0.15106666666666665,0.137,0.1383,0.39289999999999997,0.1473,0.1979,0.2052,0.20613333333333334,0.1143,0.1631,0.19093333333333334,0.5949,0.20116666666666666,0.2957,0.1199,0.3726,0.3279,0.1371,0.1364,0.2198,0.6353,0.4645666666666667,0.15,0.111,0.29083333333333333,0.3445333333333333,0.1437,0.2314,0.101,0.1408,0.18806666666666666,0.26006666666666667,0.19446666666666665,0.1876,0.1202,0.1543,0.3629333333333334,-0.016,0.13504285714285713,0.23470000000000002,0.37833333333333335,0.1993,0.5641,0.32353333333333334,0.2024,0.3207,0.19966666666666666,0.22166666666666668,0.3327333333333333,0.20049999999999998,0.2617,0.7623333333333334,0.7418333333333333,0.20573333333333332,0.18473333333333333,0.1908,0.7490666666666667,0.19063333333333335,0.6293,0.22703333333333334,0.7222666666666666,0.22443333333333335,0.7001666666666666,0.18083333333333335,0.3784,0.6275333333333334,0.7189666666666666,0.20546666666666666,0.7598333333333334,0.3245,0.37466666666666665,0.21353333333333332,0.5942333333333333,0.2391
2025-10-31,0.17554,0.44402,0.30768,0.15722,0.19025999999999998,0.1397,0.20678000000000002,0.16418000000000002,0.11642000000000001,0.12198,0.15464,0.13054000000000002,0.12653999999999999,0.1212,0.1432,0.1461,0.13222,0.13269999999999998,0.22048,0.13226,0.16958,0.11176,0.09774000000000001,0.13998,0.15646000000000002,0.15936,0.1566,0.15768,0.15536,0.11706,0.71544,0.18362,0.14188,0.15394,0.30182,0.14046,0.12226000000000001,0.15802000000000002,0.68824,0.14851999999999999,0.6689999999999999,0.74336,0.46309999999999996,0.51032,0.14811333333333335,0.6674,0.17684,0.59396,0.16198,0.52,0.16535999999999998,0.1193,0.148,0.16455999999999998,0.17436000000000001,0.20484,0.13088,0.12124,0.18782000000000001,0.6280133333333333,0.26276,0.28794,0.1489,0.1583,0.11654,0.1328,0.14952000000000001,0.11308,0.10228000000000001,0.19691999999999998,0.26711999999999997,0.1265,0.18467333333333333,0.14990666666666666,0.12572,0.13872,0.14465999999999998,0.16906,0.2676,0.11628,0.14533333333333331,0.14256000000000002,0.14592,0.37278,0.17603999999999997,0.20268,0.20854,0.19954666666666665,0.11928,0.20063999999999999,0.18334666666666666,0.61272,0.19171333333333335,0.28754,0.12376000000000001,0.35231999999999997,0.32078,0.14224,0.17102,0.25544,0.65684,0.43807333333333337,0.14384,0.1443,0.30924666666666667,0.33958666666666665,0.14202,0.21736,0.10706,0.1674,0.17949333333333334,0.2555733333333333,0.18613333333333332,0.19313999999999998,0.12314,0.16563999999999998,0.3920666666666667,0.0103,0.0449,0.23558,0.40142666666666665,0.19178,0.6067400000000001,0.3223866666666667,0.21304,0.35124,0.19093333333333334,0.22105333333333332,0.33194666666666667,0.19305999999999998,0.25162,0.7755066666666667,0.7560466666666666,0.19890666666666668,0.17342666666666667,0.18416,0.7419733333333334,0.18324666666666667,0.66506,0.21764666666666668,0.7320533333333333,0.21684666666666666,0.7139133333333333,0.17516666666666666,0.36992,0.6089066666666667,0.7306733333333333,0.20173333333333332,0.7788866666666667,0.32354,0.36321333333333333,0.20766666666666667,0.5745666666666667,0.23658
2025-11-08,0.1789,0.4401,0.3252,0.1737,0.2061,0.1469,0.2219,0.1761,0.1297,0.1383,0.168,0.1511,0.1351,0.15,0.1524,0.1577,0.1491,0.1399,0.2288,0.1457,0.1767,0.1256,0.1067,0.1527,0.1647,0.1744,0.1626,0.1612,0.1596,0.1445,0.6908,0.1741,0.1406,0.1685,0.3431,0.1679,0.1533,0.1345,0.654,0.1534,0.735,0.8212,0.3187,0.4784,0.1231,0.6042,0.1926,0.5518,0.1691,0.4884,0.1944,0.1465,0.1224,0.1388,0.1926,0.219,0.1476,0.137,0.1579,0.427,0.2606,0.2981,0.1605,0.1719,0.1371,0.1464,0.1684,0.1338,0.1406,0.2262,0.2908,0.1397,0.1611,0.1258,0.1382,0.1576,0.2201,0.2793,0.2828,0.1318,0.1224,0.1648,0.1764,0.2923,0.291,0.2218,0.2219,0.1732,0.1392,0.3508,0.153,0.684,0.1539,0.2549,0.1392,0.2712,0.2923,0.1628,0.3095,0.398,0.743,0.3321,0.1192,0.2775,0.3829,0.3198,0.1353,0.1612,0.1313,0.2738,0.1452,0.2376,0.1528,0.2153,0.1349,0.211,0.5086,0.1155,0.3058,0.2391,0.4938,0.1617,0.7773,0.3178,0.2556,0.4734,0.156,0.2186,0.3288,0.1633,0.2113,0.8282,0.8129,0.1716,0.1282,0.1576,0.7136,0.1537,0.8081,0.1801,0.7712,0.1865,0.7689,0.1525,0.336,0.5344,0.7775,0.1868,0.8551,0.3197,0.3174,0.1842,0.4959,0.2265
2025-11-10,0.1844,0.4495,0.3311,0.1756,0.2086,0.1458,0.2233,0.184,0.1265,0.1359,0.1704,0.1452,0.1385,0.1535,0.1551,0.1587,0.1541,0.1409,0.2255,0.1411,0.1816,0.1245,0.107,0.1561,0.166,0.1795,0.1608,0.1609,0.1636,0.148,0.7043,0.1666,0.1343,0.1646,0.3503,0.168,0.1758,0.1361,0.6471,0.1566,0.7408,0.824,0.3172,0.4817,0.128,0.619,0.1842,0.5348,0.1663,0.4774,0.1998,0.1489,0.1257,0.1444,0.1895,0.2235,0.1471,0.1401,0.1602,0.4115,0.2612,0.3016,0.1636,0.1747,0.1513,0.1436,0.1657,0.1341,0.1408,0.2279,0.2897,0.1424,0.1625,0.125,0.1371,0.1652,0.2387,0.2954,0.2858,0.1311,0.1217,0.1607,0.1781,0.2912,0.3105,0.2246,0.2278,0.1759,0.138,0.3682,0.1534,0.6833,0.1515,0.2567,0.1381,0.2751,0.2999,0.1625,0.3302,0.4319,0.745,0.3245,0.1262,0.297,0.4057,0.3237,0.1299,0.1562,0.1217,0.303,0.1426,0.2357,0.1528,0.2311,0.1503,0.244,0.5454,0.1164,0.3012,0.2672,0.5258,0.1608,0.7803,0.324,0.2634,0.4945,0.1603,0.2525,0.331,0.1632,0.2083,0.8315,0.8184,0.1705,0.1328,0.1464,0.7241,0.1528,0.8194,0.1808,0.7742,0.177,0.7685,0.154,0.3223,0.5135,0.7792,0.1712,0.866,0.3181,0.2828,0.1727,0.4419,0.2324
2025-11-13,0.19010000000000002,0.4611769230769231,0.34547692307692307,0.1911076923076923,0.22080769230769232,0.1569,0.22814615384615383,0.1918,0.14064615384615384,0.15366923076923078,0.18565384615384614,0.15396923076923077,0.1499,0.16254615384615384,0.16423846153846153,0.17409230769230769,0.16185384615384615,0.1552076923076923,0.23290769230769232,0.16046153846153846,0.1933923076923077,0.1369846153846154,0.11962307692307692,0.16634615384615384,0.18132307692307692,0.18603076923076922,0.17563846153846155,0.17416923076923077,0.17527692307692308,0.1600230769230769,0.7105538461538462,0.18173846153846154,0.14936923076923078,0.17985384615384614,0.35678461538461537,0.1798846153846154,0.1257,0.14957692307692308,0.6579692307692308,0.1715307692307692,0.747376923076923,0.8284076923076923,0.3157,0.4894076923076923,0.13896153846153847,0.6313461538461539,0.19315384615384615,0.4786769230769231,0.17966153846153846,0.4276230769230769,0.20836153846153846,0.1613846153846154,0.13583076923076923,0.1552,0.2067153846153846,0.2351769230769231,0.16076153846153848,0.15369230769230768,0.1700076923076923,0.3896,0.2642,0.3047615384615385,0.17723846153846154,0.18404615384615383,0.0981,0.1564076923076923,0.17456153846153846,0.14635384615384614,0.1557769230769231,0.2412153846153846,0.2880384615384615,0.15691538461538462,0.17276923076923076,0.13545384615384615,0.15032307692307692,0.1086,0.2971307692307692,0.35983076923076923,0.2897461538461538,0.14476153846153847,0.13506153846153846,0.1743846153846154,0.18996153846153846,0.2918,0.3768923076923077,0.23193846153846154,0.23366153846153845,0.18499230769230768,0.16682307692307694,0.4298846153846154,0.1657923076923077,0.6915384615384615,0.1627846153846154,0.2593076923076923,0.14578461538461537,0.2797846153846154,0.3055538461538462,0.17486923076923078,0.3980461538461538,0.5031384615384615,0.7533307692307692,0.31353846153846154,0.13035384615384615,0.37472307692307694,0.4840923076923077,0.32646923076923073,0.12375,0.16173846153846155,0.13326153846153846,0.36662307692307694,0.1586846153846154,0.24022307692307693,0.16366923076923076,0.2262076923076923,0.1998923076923077,0.3226461538461538,0.6034615384615385,0.12131538461538462,0.30422307692307693,0.3467230769230769,0.5774230769230769,0.17097692307692308,0.7892307692307692,0.3307615384615385,0.27466153846153846,0.5189,0.1717,0.3368,0.33693076923076926,0.17404615384615385,0.21003076923076924,0.8396230769230769,0.8287615384615384,0.17857692307692308,0.14436153846153846,0.1596,0.7294076923076923,0.15986153846153844,0.8273846153846154,0.18675384615384616,0.7839153846153846,0.18212307692307692,0.7769461538461538,0.163,0.3015538461538461,0.4632384615384615,0.7858461538461539,0.1820923076923077,0.8744230769230769,0.3208923076923077,0.27123846153846154,0.17826153846153844,0.43410000000000004,0.24333846153846153
2025-11-18,0.1996,0.4806384615384615,0.36943846153846155,0.21695384615384616,0.24115384615384616,0.1754,0.23622307692307692,0.20479999999999998,0.16422307692307692,0.18328461538461538,0.21107692307692305,0.1685846153846154,0.16890000000000002,0.17762307692307694,0.17946923076923077,0.19974615384615385,0.17477692307692308,0.17905384615384615,0.24525384615384616,0.19273076923076923,0.21304615384615383,0.1577923076923077,0.14066153846153848,0.1834230769230769,0.20686153846153846,0.19691538461538463,0.20036923076923077,0.1962846153846154,0.19473846153846153,0.18006153846153847,0.7209769230769231,0.20696923076923077,0.17448461538461538,0.20527692307692308,0.3675923076923077,0.1996923076923077,0.31304999999999994,0.17203846153846153,0.6760846153846154,0.1964153846153846,0.7583384615384615,0.8357538461538461,0.3132,0.5022538461538462,0.15723076923076923,0.6519230769230769,0.20807692307692308,0.38513846153846154,0.20193076923076925,0.34466153846153846,0.22263076923076924,0.1821923076923077,0.15271538461538461,0.17320000000000002,0.23540769230769232,0.25463846153846154,0.18353076923076925,0.17634615384615385,0.18635384615384615,0.35309999999999997,0.2692,0.3100307692307692,0.1999692307692308,0.19962307692307693,0.263,0.17775384615384615,0.18933076923076922,0.16677692307692307,0.18073846153846154,0.26340769230769234,0.2852692307692308,0.1811076923076923,0.18988461538461537,0.15287692307692308,0.17236153846153845,0.20800000000000002,0.3945153846153846,0.4672153846153846,0.2963230769230769,0.16753076923076923,0.15733076923076925,0.1971923076923077,0.20973076923076925,0.2928,0.48754615384615385,0.24416923076923078,0.24343076923076923,0.20014615384615383,0.2148615384615385,0.5326923076923077,0.18644615384615384,0.7052692307692308,0.1815923076923077,0.2636538461538462,0.1585923076923077,0.2875923076923077,0.3149769230769231,0.19548461538461537,0.5111230769230769,0.6218692307692308,0.7672153846153846,0.2952692307692308,0.13727692307692307,0.5042615384615385,0.6147461538461538,0.33108461538461537,0.1135,0.17096923076923076,0.15253076923076925,0.47266153846153847,0.18549230769230768,0.24776153846153848,0.18178461538461538,0.21805384615384615,0.2825461538461539,0.4537230769230769,0.7002307692307692,0.1295076923076923,0.3092615384615385,0.47926153846153846,0.6634615384615385,0.18793846153846153,0.8041153846153846,0.34203076923076925,0.2934307692307692,0.62345,0.1907,0.4773,0.34681538461538464,0.19212307692307692,0.21291538461538462,0.8531615384615385,0.8460307692307693,0.19203846153846155,0.16363076923076925,0.1816,0.7382538461538461,0.17163076923076923,0.8406923076923077,0.19667692307692308,0.8001076923076923,0.19066153846153844,0.7910230769230769,0.178,0.26697692307692306,0.3794692307692308,0.796923076923077,0.20024615384615385,0.8884615384615384,0.3255461538461538,0.2519692307692308,0.18753076923076922,0.42110000000000003,0.2615692307692308
2025-11-20,0.2034,0.4884230769230769,0.37902307692307696,0.22729230769230768,0.2492923076923077,0.1828,0.23945384615384616,0.21,0.17365384615384616,0.19513076923076922,0.22124615384615384,0.17443076923076922,0.17650000000000002,0.18365384615384617,0.18556153846153847,0.21000769230769228,0.17994615384615384,0.1885923076923077,0.2501923076923077,0.20563846153846155,0.2209076923076923,0.1661153846153846,0.14907692307692308,0.19025384615384616,0.21707692307692308,0.20126923076923078,0.21026153846153844,0.20513076923076923,0.20252307692307692,0.18807692307692309,0.7251461538461539,0.21706153846153844,0.18453076923076922,0.21544615384615384,0.37191538461538465,0.20761538461538462,0.38798999999999995,0.18102307692307693,0.6833307692307693,0.20636923076923075,0.762723076923077,0.8386923076923076,0.3122,0.5073923076923077,0.16453846153846152,0.6601538461538461,0.21404615384615386,0.3477230769230769,0.21083846153846153,0.3114769230769231,0.22833846153846155,0.19051538461538464,0.15946923076923078,0.1804,0.24688461538461537,0.2624230769230769,0.19263846153846154,0.18540769230769233,0.1928923076923077,0.3385,0.2712,0.31213846153846153,0.20906153846153847,0.20585384615384617,0.32896,0.1862923076923077,0.19523846153846153,0.17494615384615386,0.1907230769230769,0.2722846153846154,0.28416153846153847,0.19078461538461539,0.1967307692307692,0.15984615384615386,0.18117692307692307,0.24776,0.4334692307692308,0.5101692307692307,0.2989538461538462,0.17663846153846152,0.16623846153846156,0.20631538461538462,0.21763846153846156,0.2932,0.5318076923076923,0.24906153846153847,0.24733846153846153,0.20620769230769231,0.2340769230769231,0.5738153846153846,0.1947076923076923,0.7107615384615384,0.1891153846153846,0.2653923076923077,0.16371538461538462,0.2907153846153846,0.31874615384615385,0.20373076923076922,0.5563538461538462,0.6693615384615385,0.7727692307692308,0.2879615384615385,0.14004615384615385,0.5560769230769231,0.6670076923076922,0.33293076923076925,0.14558000000000001,0.17466153846153845,0.16023846153846155,0.5150769230769231,0.19621538461538462,0.2507769230769231,0.18903076923076922,0.2147923076923077,0.31560769230769237,0.5061538461538462,0.7389384615384615,0.1327846153846154,0.3112769230769231,0.5322769230769231,0.6978769230769231,0.19472307692307692,0.8100692307692308,0.3465384615384615,0.30093846153846154,0.66527,0.1983,0.5335000000000001,0.3507692307692308,0.19935384615384616,0.21406923076923076,0.8585769230769231,0.8529384615384615,0.19742307692307692,0.17133846153846155,0.1904,0.7417923076923076,0.17633846153846156,0.8460153846153846,0.20064615384615386,0.8065846153846155,0.19407692307692306,0.7966538461538462,0.184,0.25314615384615385,0.34596153846153843,0.8013538461538462,0.2075076923076923,0.8940769230769231,0.3274076923076923,0.24426153846153845,0.19123846153846152,0.4159,0.2688615384615385
2025-11-23,0.2091,0.5001,0.3934,0.2428,0.2615,0.1939,0.2443,0.2178,0.1878,0.2129,0.2365,0.1832,0.1879,0.1927,0.1947,0.2254,0.1877,0.2029,0.2576,0.225,0.2327,0.1786,0.1617,0.2005,0.2324,0.2078,0.2251,0.2184,0.2142,0.2001,0.7314,0.2322,0.1996,0.2307,0.3784,0.2195,0.5004,0.1945,0.6942,0.2213,0.7693,0.8431,0.3107,0.5151,0.1755,0.6725,0.223,0.2916,0.2242,0.2617,0.2369,0.203,0.1696,0.1912,0.2641,0.2741,0.2063,0.199,0.2027,0.3166,0.2742,0.3153,0.2227,0.2152,0.4279,0.1991,0.2041,0.1872,0.2057,0.2856,0.2825,0.2053,0.207,0.1703,0.1944,0.3074,0.4919,0.5746,0.3029,0.1903,0.1796,0.22,0.2295,0.2938,0.5982,0.2564,0.2532,0.2153,0.2629,0.6355,0.2071,0.719,0.2004,0.268,0.1714,0.2954,0.3244,0.2161,0.6242,0.7406,0.7811,0.277,0.1442,0.6338,0.7454,0.3357,0.1937,0.1802,0.1718,0.5787,0.2123,0.2553,0.1999,0.2099,0.3652,0.5848,0.797,0.1377,0.3143,0.6118,0.7495,0.2049,0.819,0.3533,0.3122,0.728,0.2097,0.6178,0.3567,0.2102,0.2158,0.8667,0.8633,0.2055,0.1829,0.2036,0.7471,0.1834,0.854,0.2066,0.8163,0.1992,0.8051,0.193,0.2324,0.2957,0.808,0.2184,0.9025,0.3302,0.2327,0.1968,0.4081,0.2798
2025-11-28,0.1862,0.48,0.3731,0.2211,0.2239,0.1714,0.2226,0.1979,0.1677,0.1831,0.2104,0.163,0.1644,0.1758,0.1738,0.1965,0.1646,0.1963,0.2354,0.1879,0.1948,0.1592,0.1575,0.1836,0.193,0.184,0.202,0.1868,0.1843,0.1857,0.7421,0.2127,0.1734,0.2028,0.3533,0.2012,0.5365,0.1709,0.6908,0.1887,0.7626,0.845,0.2663,0.4963,0.1573,0.6729,0.193,0.2523,0.1885,0.2233,0.2095,0.1808,0.1538,0.1741,0.2336,0.2418,0.1808,0.1743,0.1875,0.2744,0.2357,0.2766,0.1933,0.1825,0.46,0.1729,0.1837,0.1684,0.1777,0.2512,0.2563,0.1712,0.1835,0.1533,0.1642,0.3183,0.486,0.5932,0.2593,0.1772,0.1698,0.192,0.1979,0.2632,0.6146,0.2312,0.2292,0.1953,0.2745,0.6586,0.1939,0.7088,0.1847,0.2471,0.1544,0.268,0.3044,0.1911,0.6488,0.767,0.7767,0.2417,0.1319,0.6703,0.775,0.3215,0.1767,0.1666,0.1719,0.5948,0.1982,0.2281,0.1856,0.1846,0.3822,0.6055,0.8255,0.1204,0.2731,0.6427,0.7828,0.1859,0.8166,0.3388,0.2813,0.7536,0.1787,0.6557,0.3453,0.1845,0.1954,0.8664,0.8671,0.1837,0.1539,0.2013,0.7417,0.167,0.855,0.1843,0.8145,0.1882,0.801,0.1745,0.2098,0.2498,0.8004,0.2002,0.9074,0.2962,0.2122,0.1791,0.3634,0.2529
2025-11-30,0.18422,0.4762,0.37207999999999997,0.22069999999999998,0.15442,0.16994,0.21867999999999999,0.19602,0.12362,0.11426000000000001,0.14744000000000002,0.12588,0.11279999999999998,-0.0266,0.18044000000000002,0.1261,0.16302,0.15538000000000002,0.22358,0.18496,0.13924,0.16202,0.16414,0.18252000000000002,0.20028,0.14304,0.21136000000000002,0.17972,0.17851999999999998,0.19224,0.73126,0.19866666666666666,0.16318,0.19033333333333335,0.2405,0.20006,0.53675,0.17266,0.67586,0.17928333333333335,0.7476833333333333,0.81218,0.2554666666666667,0.49101666666666666,0.15848,0.65868,0.18155,0.24381666666666668,0.0347,0.21725,0.20066666666666666,0.18281999999999998,0.14643333333333333,0.16926666666666668,0.22296666666666667,0.23891666666666667,0.16971666666666665,0.16423333333333334,0.1791,0.2505,0.2316,0.26663333333333333,0.18309999999999998,0.1747,0.4642,0.16458333333333333,0.18432,0.16474,0.16591666666666666,0.23984999999999998,0.24933999999999998,0.16296666666666665,0.18316,0.14664,0.15671666666666667,0.35446,0.47598,0.5871799999999999,0.25494,0.18001999999999999,0.17604,0.18408,0.20944,0.25786,0.6083200000000001,0.0725,0.22302,0.19002,0.27530000000000004,0.65396,0.18853999999999999,0.6910999999999999,0.1809,0.24328,0.15936,0.26448,0.29710000000000003,0.0922,0.64186,0.75638,0.7585999999999999,0.2336,0.13069999999999998,0.66372,0.7624,0.31612,0.17306,0.0252,0.20582,0.5955,0.23421999999999998,0.2235,0.18006,0.19366,0.4125,0.60234,0.81492,0.0095,0.26416,0.64234,0.77244,0.20344,0.79274,0.2116,0.2710666666666667,0.7623000000000001,0.18456666666666666,0.6581666666666666,-0.0054,0.18108333333333332,0.19833333333333333,0.8523499999999999,0.8547833333333333,0.1809,0.15638333333333335,0.20823333333333333,0.7276333333333334,0.17718333333333333,0.6851,0.19244999999999998,0.8019499999999999,-0.1902,0.7854833333333333,0.18198333333333333,0.20181666666666664,0.24514999999999998,0.7846666666666666,0.20615,0.89605,0.2879666666666667,0.20929999999999999,-0.0169,0.34853333333333336,0.24863333333333335
2025-12-03,0.18125000000000002,0.47050000000000003,0.37055,0.2201,0.0502,0.16775,0.2128,0.19319999999999998,0.0575,0.011,0.053,0.0702,0.0354,0.04592500000000001,0.1904,0.0205,0.16065000000000002,0.094,0.20585,0.18055,0.0559,0.16625,0.1741,0.1809,0.2112,0.0816,0.2254,0.1691,0.16985,0.20205,0.715,0.17761666666666667,0.14785,0.17163333333333333,0.27244999999999997,0.19835,0.537125,0.1753,0.65345,0.16515833333333335,0.7253083333333333,0.76295,0.23921666666666666,0.4830916666666667,0.16025,0.6373500000000001,0.164375,0.23109166666666667,0.06430999999999999,0.208175,0.18741666666666668,0.18585,0.13538333333333333,0.16201666666666667,0.20701666666666668,0.23459166666666667,0.15309166666666665,0.14913333333333334,0.1665,0.21464999999999998,0.22545,0.2516833333333333,0.1678,0.16299999999999998,0.47050000000000003,0.15210833333333335,0.18525,0.15925,0.14824166666666666,0.222825,0.2389,0.15061666666666668,0.18264999999999998,0.13665,0.14549166666666669,0.4087,0.46094999999999997,0.5781499999999999,0.24839999999999998,0.18425,0.1854,0.17220000000000002,0.22674999999999998,0.24985,0.5989,0.121475,0.21375,0.18209999999999998,0.2765,0.647,0.1805,0.66455,0.1752,0.23754999999999998,0.1668,0.2592,0.28615,0.118675,0.6314500000000001,0.74045,0.7314499999999999,0.22144999999999998,0.12890000000000001,0.65385,0.7435,0.30805,0.1676,0.070425,0.25670000000000004,0.59655,0.28825,0.21660000000000001,0.17175,0.20725,0.45794999999999997,0.5976,0.79905,0.040475000000000004,0.25075000000000003,0.6418,0.7569,0.22975,0.75695,0.24022000000000002,0.25571666666666665,0.77535,0.19336666666666666,0.6618666666666666,-0.0028875000000000003,0.17595833333333333,0.20273333333333332,0.831275,0.8363083333333333,0.1767,0.16010833333333335,0.21863333333333335,0.7065333333333333,0.19245833333333334,0.7081700000000001,0.204675,0.783125,-0.05567999999999998,0.7622083333333334,0.19320833333333334,0.18984166666666666,0.238175,0.7610666666666667,0.215075,0.8790250000000001,0.2756166666666667,0.20495,0.04193000000000001,0.3262333333333333,0.24223333333333336
2025-12-08,0.1763,0.461,0.368,0.2191,0.11862857142857142,0.1641,0.203,0.1885,0.09121428571428572,0.3182,0.11464285714285716,0.09834285714285715,0.08525714285714286,0.1668,0.207,0.10507142857142857,0.1567,0.2441,0.1763,0.1732,0.1713,0.1733,0.1907,0.1782,0.2294,0.1514,0.2488,0.1514,0.1554,0.2184,0.6879,0.14253333333333335,0.1223,0.14046666666666668,0.3257,0.1955,0.5377500000000001,0.1797,0.6161,0.14161666666666667,0.6880166666666667,0.6809,0.21213333333333334,0.4698833333333333,0.1632,0.6018,0.13575,0.20988333333333334,0.11365999999999998,0.19305,0.16533333333333333,0.1909,0.11696666666666666,0.14993333333333334,0.18043333333333333,0.22738333333333333,0.12538333333333332,0.12396666666666667,0.1455,0.15489999999999998,0.2152,0.22676666666666667,0.14229999999999998,0.1435,0.48100000000000004,0.13131666666666666,0.1868,0.1501,0.11878333333333332,0.19445,0.2215,0.13003333333333333,0.1818,0.12,0.12678333333333333,0.4991,0.4359,0.5631,0.2375,0.1913,0.201,0.1524,0.2556,0.2365,0.5832,0.2031,0.1983,0.1689,0.2785,0.6354,0.1671,0.6203,0.1657,0.228,0.1792,0.2504,0.2679,0.1628,0.6141,0.7139,0.6862,0.2012,0.1259,0.6374,0.712,0.2946,0.1585,0.1458,0.3415,0.5983,0.3783,0.2051,0.1579,0.2299,0.5337,0.5897,0.7726,0.0921,0.2284,0.6409,0.731,0.2736,0.6973,0.28792,0.23013333333333333,0.7971,0.20803333333333335,0.6680333333333333,0.0013,0.16741666666666666,0.21006666666666665,0.79615,0.8055166666666667,0.1697,0.16631666666666667,0.23596666666666666,0.6713666666666667,0.21791666666666668,0.7466200000000001,0.22505,0.7517499999999999,0.16852000000000003,0.7234166666666666,0.21191666666666667,0.16988333333333333,0.22654999999999997,0.7217333333333333,0.22995,0.85065,0.25503333333333333,0.1977,0.13998,0.2890666666666667,0.23156666666666667
2025-12-10,0.1475,0.4365,0.3103,0.1806,0.146,0.1224,0.1823,0.1577,0.1047,0.1259,0.1393,0.1096,0.1052,0.1307,0.1168,0.1389,0.111,0.1987,0.1178,0.1215,0.1389,0.1009,0.125,0.1448,0.143,0.1526,0.1325,0.1354,0.1358,0.1489,0.6365,0.1285,0.1014,0.128,0.3124,0.1589,0.538,0.1346,0.5742,0.1322,0.6731,0.7434,0.2013,0.4646,0.1206,0.5685,0.1243,0.2014,0.1334,0.187,0.1565,0.1326,0.1096,0.1451,0.1698,0.2245,0.1143,0.1139,0.1371,0.131,0.2111,0.2168,0.1321,0.1357,0.4852,0.123,0.1855,0.1229,0.107,0.1831,0.2074,0.1218,0.1282,0.0881,0.1193,0.3676,0.4625,0.5898,0.219,0.1299,0.1179,0.1295,0.1407,0.2215,0.6043,0.1974,0.2068,0.1378,0.3246,0.644,0.1334,0.6166,0.1186,0.2004,0.1522,0.2324,0.2577,0.1503,0.6323,0.7339,0.6856,0.1888,0.0695,0.6531,0.7222,0.2622,0.1342,0.1059,0.2344,0.6001,0.1681,0.1879,0.1203,0.1538,0.4254,0.6154,0.7775,0.0959,0.216,0.6544,0.7252,0.1406,0.7365,0.307,0.2199,0.719,0.2139,0.6705,0.312,0.164,0.213,0.7821,0.7932,0.1669,0.1688,0.2429,0.6573,0.2281,0.762,0.2332,0.7392,0.2582,0.7079,0.2194,0.1619,0.2219,0.706,0.2359,0.8393,0.2468,0.1948,0.1792,0.2742,0.2273
2025-12-13,0.191,0.4981,0.38,0.2321,0.2032,0.1715,0.2282,0.21,0.1658,0.2026,0.1974,0.1555,0.1528,0.1849,0.1776,0.1848,0.1607,0.2754,0.1848,0.1717,0.1883,0.1569,0.1938,0.2056,0.1818,0.188,0.1897,0.1797,0.1805,0.21,0.7216,0.1999,0.1576,0.1959,0.3534,0.2058,0.6649,0.1829,0.6895,0.1844,0.7456,0.8143,0.2497,0.5287,0.1636,0.6791,0.1804,0.2501,0.1874,0.2297,0.2104,0.1984,0.1579,0.1767,0.2355,0.2554,0.182,0.1708,0.1839,0.189,0.2529,0.2711,0.1853,0.1838,0.6004,0.1685,0.25,0.1783,0.1763,0.2425,0.2622,0.1686,0.1869,0.1592,0.1594,0.4557,0.5507,0.6941,0.2618,0.1879,0.1882,0.1806,0.1857,0.2725,0.705,0.2318,0.2419,0.1891,0.4256,0.7434,0.2002,0.6807,0.1778,0.2537,0.2228,0.2748,0.3109,0.1825,0.7301,0.8164,0.7492,0.2191,0.1309,0.7545,0.8069,0.3224,0.1817,0.1713,0.3081,0.69,0.2205,0.2291,0.1843,0.2245,0.5143,0.7169,0.8497,0.127,0.2587,0.7597,0.8069,0.1896,0.7888,0.343,0.2865,0.7915,0.3213,0.7773,0.3466,0.2343,0.2966,0.8332,0.8502,0.2371,0.2623,0.3259,0.7197,0.3198,0.8206,0.3374,0.7994,0.3546,0.7668,0.3163,0.2221,0.2535,0.766,0.301,0.8865,0.3055,0.2678,0.2695,0.2917,0.2767
2025-12-18,0.19073333333333334,0.5092666666666666,0.3756,0.22946666666666668,0.19573333333333331,0.16373333333333334,0.22636666666666666,0.2087,0.1616,0.21030000000000001,0.19023333333333334,0.1506,0.14643333333333333,0.1809,0.17056666666666667,0.1845,0.15846666666666667,0.29086666666666666,0.17446666666666666,0.17086666666666667,0.18486666666666665,0.1507666666666667,0.18203333333333332,0.1913,0.18343333333333334,0.18873333333333334,0.18383333333333335,0.17823333333333333,0.1792,0.1906,0.6898333333333333,0.19319999999999998,0.1556,0.19506666666666667,0.3557666666666667,0.19346666666666668,0.6863666666666667,0.16933333333333334,0.6822333333333334,0.18183333333333335,0.7287666666666667,0.799,0.24683333333333335,0.5428666666666666,0.15453333333333333,0.6741333333333334,0.1747,0.24883333333333332,0.18743333333333334,0.22846666666666665,0.20426666666666668,0.19206666666666666,0.14836666666666667,0.16603333333333334,0.2314,0.2655666666666667,0.17746666666666666,0.16973333333333335,0.17500000000000002,0.1785,0.253,0.2693,0.18253333333333333,0.1828,0.6290666666666667,0.16943333333333335,0.28326666666666667,0.17403333333333332,0.1689,0.23806666666666665,0.255,0.16896666666666665,0.1756,0.14673333333333335,0.1626,0.49,0.5669,0.7101666666666667,0.2657,0.1817666666666667,0.18233333333333335,0.18066666666666667,0.18533333333333332,0.2677,0.7231,0.2342,0.246,0.17923333333333333,0.4635666666666666,0.7555666666666666,0.19106666666666666,0.6794666666666667,0.16936666666666667,0.24503333333333333,0.26303333333333334,0.27846666666666664,0.3049,0.18686666666666665,0.7418,0.8202666666666667,0.7406,0.2132,0.12876666666666667,0.7652333333333333,0.8123333333333334,0.3186,0.1039,0.1661,0.35573333333333335,0.7056,0.22346666666666667,0.22913333333333333,0.17986666666666667,0.222,0.5358666666666666,0.7354666666666666,0.8443333333333334,0.12383333333333334,0.1098,0.7716333333333334,0.8050333333333333,0.1863,0.7774666666666666,0.3376,0.26863333333333334,0.7902666666666667,0.3651333333333333,0.7897,0.35113333333333335,0.26926666666666665,0.3272,0.8253,0.8442,0.2705,0.31843333333333335,0.36386666666666667,0.7011333333333334,0.36146666666666666,0.7968666666666666,0.3617333333333333,0.7919,0.38073333333333337,0.7509666666666667,0.35436666666666666,0.205,0.2547,0.7488,0.33196666666666663,0.8765999999999999,0.3035,0.2708,0.29910000000000003,0.25473333333333337,0.27913333333333334
2025-12-20,0.19062666666666667,0.5137333333333333,0.37384,0.22841333333333333,0.19274666666666665,0.16062666666666667,0.22563333333333332,0.20818,0.15992,0.21338000000000001,0.18736666666666665,0.14864,0.14388666666666666,0.17930000000000001,0.16775333333333334,0.18438,0.15757333333333334,0.29705333333333334,0.17033333333333334,0.17053333333333331,0.1834933333333333,0.14831333333333335,0.17732666666666666,0.18558000000000002,0.18408666666666668,0.18902666666666668,0.18148666666666669,0.17764666666666667,0.17868,0.18284,0.6771266666666667,0.19052,0.1548,0.1947333333333333,0.3567133333333333,0.18853333333333333,0.6949533333333333,0.16390666666666667,0.6793266666666666,0.18080666666666667,0.7220333333333334,0.79288,0.24568666666666666,0.5485333333333333,0.15090666666666666,0.6721466666666667,0.17242,0.24832666666666667,0.18744666666666668,0.22797333333333333,0.20181333333333334,0.18953333333333333,0.14455333333333334,0.16176666666666667,0.22976,0.26963333333333334,0.17565333333333333,0.16930666666666666,0.17144,0.1743,0.25304,0.26858,0.18142666666666665,0.18239999999999998,0.6405333333333334,0.1698066666666667,0.29657333333333336,0.17232666666666666,0.16594,0.23629333333333333,0.25212,0.16911333333333334,0.17108,0.1417466666666667,0.16388,0.50372,0.57338,0.7165933333333333,0.26726,0.17931333333333335,0.17998666666666668,0.18069333333333334,0.18518666666666667,0.26578,0.73034,0.23516,0.24764,0.17528666666666667,0.4787533333333333,0.7604333333333333,0.18741333333333332,0.6789733333333333,0.16599333333333333,0.24156666666666665,0.2791266666666667,0.2799333333333333,0.3025,0.18861333333333333,0.74648,0.8218133333333333,0.73716,0.21084,0.12791333333333332,0.7695266666666666,0.8145066666666667,0.31708000000000003,0.12010000000000001,0.16402,0.37478666666666666,0.71184,0.22465333333333334,0.22914666666666667,0.17809333333333333,0.221,0.5444933333333333,0.7428933333333333,0.8421866666666666,0.12256666666666667,0.1394,0.7764066666666667,0.8042866666666666,0.18498,0.7729333333333334,0.33544,0.26148666666666665,0.7897733333333333,0.38266666666666665,0.79466,0.3529466666666667,0.28325333333333336,0.33943999999999996,0.82214,0.8418,0.28386,0.34088666666666667,0.37905333333333335,0.6937066666666667,0.3781333333333333,0.7873733333333333,0.37146666666666667,0.7889,0.3911866666666667,0.7446333333333334,0.36959333333333333,0.19816,0.25518,0.74192,0.3443533333333333,0.87264,0.30269999999999997,0.27199999999999996,0.31094,0.23994666666666667,0.28010666666666667
2025-12-23,0.19046666666666667,0.5204333333333333,0.37120000000000003,0.22683333333333333,0.18826666666666667,0.15596666666666667,0.22453333333333333,0.2074,0.1574,0.218,0.18306666666666666,0.1457,0.14006666666666667,0.1769,0.16353333333333334,0.1842,0.15623333333333334,0.3063333333333333,0.16413333333333333,0.17003333333333331,0.18143333333333334,0.14463333333333334,0.17026666666666668,0.17700000000000002,0.18506666666666666,0.18946666666666667,0.17796666666666666,0.17676666666666668,0.1779,0.1712,0.6580666666666667,0.1865,0.15360000000000001,0.1942333333333333,0.3581333333333333,0.18113333333333334,0.7078333333333333,0.15576666666666666,0.6749666666666666,0.17926666666666666,0.7119333333333334,0.7837,0.24396666666666667,0.5570333333333334,0.14546666666666666,0.6691666666666667,0.169,0.24756666666666666,0.18746666666666667,0.22723333333333334,0.19813333333333333,0.18573333333333333,0.13883333333333334,0.15536666666666665,0.2273,0.27573333333333333,0.17293333333333333,0.16866666666666666,0.1661,0.168,0.2531,0.2675,0.17976666666666666,0.1818,0.6577333333333334,0.17036666666666667,0.31653333333333333,0.16976666666666668,0.1615,0.23363333333333333,0.2478,0.16933333333333334,0.1643,0.13426666666666667,0.1658,0.5243,0.5831000000000001,0.7262333333333333,0.2696,0.17563333333333334,0.17646666666666666,0.18073333333333333,0.18496666666666667,0.2629,0.7412,0.2366,0.2501,0.16936666666666667,0.5015333333333333,0.7677333333333334,0.18193333333333334,0.6782333333333334,0.16093333333333334,0.23636666666666667,0.3032666666666667,0.28213333333333335,0.2989,0.19123333333333334,0.7535,0.8241333333333333,0.732,0.20729999999999998,0.12663333333333332,0.7759666666666666,0.8177666666666666,0.3148,0.1444,0.16090000000000002,0.40336666666666665,0.7212,0.22643333333333332,0.22916666666666666,0.17543333333333333,0.2195,0.5574333333333333,0.7540333333333333,0.8389666666666666,0.12066666666666666,0.18379999999999996,0.7835666666666666,0.8031666666666667,0.183,0.7661333333333333,0.3322,0.25076666666666664,0.7890333333333333,0.40896666666666665,0.8021,0.3556666666666667,0.30423333333333336,0.3578,0.8174,0.8382000000000001,0.3039,0.3745666666666667,0.4018333333333334,0.6825666666666667,0.4031333333333333,0.7731333333333333,0.38606666666666667,0.7844,0.40686666666666665,0.7351333333333334,0.39243333333333336,0.1879,0.2559,0.7316,0.36293333333333333,0.8667,0.3015,0.2738,0.3287,0.21776666666666666,0.28156666666666663
2025-12-28,0.1902,0.5316,0.3668,0.2242,0.1808,0.1482,0.2227,0.2061,0.1532,0.2257,0.1759,0.1408,0.1337,0.1729,0.1565,0.1839,0.154,0.3218,0.1538,0.1692,0.178,0.1385,0.1585,0.1627,0.1867,0.1902,0.1721,0.1753,0.1766,0.1518,0.6263,0.1798,0.1516,0.1934,0.3605,0.1688,0.7293,0.1422,0.6677,0.1767,0.6951,0.7684,0.2411,0.5712,0.1364,0.6642,0.1633,0.2463,0.1875,0.226,0.192,0.1794,0.1293,0.1447,0.2232,0.2859,0.1684,0.1676,0.1572,0.1575,0.2532,0.2657,0.177,0.1808,0.6864,0.1713,0.3498,0.1655,0.1541,0.2292,0.2406,0.1697,0.153,0.1218,0.169,0.5586,0.5993,0.7423,0.2735,0.1695,0.1706,0.1808,0.1846,0.2581,0.7593,0.239,0.2542,0.1595,0.5395,0.7799,0.1728,0.677,0.1525,0.2277,0.3435,0.2858,0.2929,0.1956,0.7652,0.828,0.7234,0.2014,0.1245,0.7867,0.8232,0.311,0.1849,0.1557,0.451,0.7368,0.2294,0.2292,0.171,0.217,0.579,0.7726,0.8336,0.1175,0.2578,0.7955,0.8013,0.1797,0.7548,0.3268,0.2329,0.7878,0.4528,0.8145,0.3602,0.3392,0.3884,0.8095,0.8322,0.3373,0.4307,0.4398,0.664,0.4448,0.7494,0.4104,0.7769,0.433,0.7193,0.4305,0.1708,0.2571,0.7144,0.3939,0.8568,0.2995,0.2768,0.3583,0.1808,0.284
2025-12-30,0.2512623883797283,,0.2968386380232678,0.21619281118762734,0.1493344807306296,0.1388584831564094,,0.260463946815996,0.1318436749701294,0.16917936961962593,0.1753391720755933,0.19374714153118866,0.18873567346222586,0.21518251426352059,0.29069103309820976,0.1575228796895683,0.2783979000112565,0.257372336500295,0.2821214947550241,0.25208702026458735,0.20944659639943083,0.16767485653403844,,0.34776189358405796,0.18270934994760785,0.2541042606382315,0.16396263958536839,0.18709181216625476,0.1707626293908874,0.2124885267878255,,,,,,0.2324063766687329,0.5192606110707864,0.22489019174708202,0.48441247963485806,0.16800507461967226,0.49962819014016113,0.5914432766660482,,,0.20261682035202877,,,,0.22972765688250935,,0.24931707473865183,0.14781167089996777,0.17717195922166393,0.1156381063450656,0.20297975637537874,0.5581032216859149,,0.21019823390373735,0.1899527691126923,0.22880677496463708,,,0.17788840310740256,0.25742400731424026,0.5567547477330391,0.14578733860790022,0.2453311151880472,0.1748281514592884,0.12307443722157718,0.24431699296862733,,0.20918836337413232,0.21564110029805872,0.19296194809138872,0.12076127559564084,0.309181840561551,0.32170606807556495,0.3930087902153897,,0.1416379033100925,,0.20849756270710643,0.20682180546932533,,0.39354253206974377,,0.5476311303777254,0.26703526012449563,,0.442101124998585,0.14013321812292412,0.5220618959799337,,,0.17064393378271459,,,0.29060698183818917,0.39671537019415853,,0.578074053206349,,,0.5949617263579204,,,0.1534446969212488,0.22944826320099657,0.4855943907543175,0.41583103250496734,0.12741041547332876,,0.23342869892464155,0.1642571818283894,0.2731926618266512,,0.5013859627176318,,,0.49995294394875706,0.519463772758765,0.2782521823711959,0.548589918268231,,0.29404639326420784,0.37393361080923415,0.21001310876476442,,0.34469454304054375,0.15695901308725863,0.2316762663461929,0.6080815953171784,0.6176256599578281,0.17252152811996402,0.1671778322561715,,,0.21339843953136045,0.5597467723529078,0.19867361011679546,0.5815406621532636,0.23080441202253021,0.48842750824539666,0.2502948451630471,0.12922131399863107,,0.5123317187945483,0.22776746885754917,,,0.2151998811124886,0.4113319066331374,0.27803334342123154,
